id,flags,instruction,category,intent,reference,resp_baseline,latency_s_baseline,resp_finetuned,latency_s_finetuned,rougeL_baseline,bertscore_f1_baseline,relevance_query_baseline,sim_reference_baseline,log_perplexity_baseline,distinct2_baseline,degenerate_baseline,n_words_baseline,slot_recall_baseline,invalid_slot_rate_baseline,halluc_proxy_baseline,unsupported_detail_baseline,rougeL_finetuned,bertscore_f1_finetuned,relevance_query_finetuned,sim_reference_finetuned,log_perplexity_finetuned,distinct2_finetuned,degenerate_finetuned,n_words_finetuned,slot_recall_finetuned,invalid_slot_rate_finetuned,halluc_proxy_finetuned,unsupported_detail_finetuned
0,BILPQ,how could i notify of an error with online payment,PAYMENT,payment_issue,"I appreciate your reaching out to us about the error you encountered during your online payment. To notify us of this issue, you can visit our website's customer support page and submit a support ticket. Alternatively, you can reach out directly to our customer support team via email or phone, providing them with all the necessary details such as your account information, the specific error message you received, and any other relevant information. Our team will promptly investigate the issue and work towards a resolution. Rest assured, your feedback is highly valued, and we are committed to providing you with a smooth and seamless payment experience.","To notify of an error with your online payment, you can try the following steps:

1. Log in to your account: Go to your account dashboard and log in to your account.
2. Check your order details: Look for your order details, including the order number and the date it was made.
3. Check your payment history: Check your payment history to see if the error is listed.
4. Contact our customer service team: If you can't find the error or if you need further assistance, contact our customer service team via phone or email.

You can mention the error you're experiencing, such as ""I'm having trouble with my payment, I received an error message {{Order Number}} {{Person Name}}"". This will help our team to assist you better.

Alternatively, you can also try the following:

- Check your bank's website or mobile app for any updates on your payment.
- Contact your bank's customer service team directly.
- If you're using a mobile app, try to log out and log back in to see if the issue resolves itself.

We'll do our best to resolve the issue for you.",0.5468368220329285,"To notify of an error with your online payment, you can try the following steps:

1. Log in to your account: Go to your account dashboard and log in to your account.
2. Check your order details: Look for your order details, including the order number and the date it was made.
3. Check your payment history: Check your payment history to see if the error is listed.
4. Contact our customer service team: If you can't find the error or if you need further assistance, contact our customer service team via phone or email.

You can mention the error you're experiencing, such as ""I'm having trouble with my payment, I received an error message {{Order Number}} {{Person Name}}"". This will help our team to assist you better.

Alternatively, you can also try the following:

- Check your bank's website or mobile app for any updates on your payment.
- Contact your bank's customer service team directly.
- If you're using a mobile app, try to log out and log back in to see if the issue resolves itself.

We'll do our best to resolve the issue for you.",1.09958589553833,0.19333333333333333,0.80104095,0.7187835,0.7813294,2.3340001106262207,0.7966101694915254,0.0,178,,0.0,0.0,,0.19333333333333333,0.80104095,0.7187835,0.7813294,2.3340001106262207,0.7966101694915254,0.0,178,,0.0,0.0,
1,BL,I have got to submit my new shipping address,SHIPPING,set_up_shipping_address,"I've understood you have an urgent need to submit your new shipping address, and I'm here to help you through the process. Here's how you can do it:

1. Log in to your account.
2. Navigate to the 'My Account' or 'Profile' section.
3. Look for the 'Shipping Addresses' or similar option.
4. Select the option to 'Add a New Address' or 'Edit Shipping Addresses'.
5. Fill in the necessary details for your new shipping address in the provided fields.
6. Double-check the information for accuracy.
7. Save the changes.

If you encounter any issues or need further assistance, please don't hesitate to let me know.","To confirm your shipping address, could you please provide me with the following information:

* Your Order Number
* The name of the person who will be receiving the shipment
* The street address and apartment number (if applicable) of the shipping address

This will help me ensure that the correct address is updated and processed for your shipment.",0.5468368220329285,"To confirm your shipping address, could you please provide me with the following information:

* Your Order Number
* The name of the person who will be receiving the shipment
* The street address and apartment number (if applicable) of the shipping address

This will help me ensure that the correct address is updated and processed for your shipment.",1.09958589553833,0.19161676646706588,0.7474856,0.6402892,0.62834173,2.854841470718384,0.9636363636363636,0.0,56,,0.0,0.0,,0.19161676646706588,0.7474856,0.6402892,0.62834173,2.854841470718384,0.9636363636363636,0.0,56,,0.0,0.0,
2,BLQZ,i tfy to see how soon can i expect my shipment,DELIVERY,delivery_period,"We're here for you! I'm aware that you're eager to know when you can expect your shipment. To provide you with an accurate estimate, may I please have the {{Tracking Number}} or {{Order Number}}? With that information, I'll be able to give you the most up-to-date details on your delivery. Your patience is greatly appreciated!","I'm happy to help you with your concern. However, I need to clarify that I'm a large language model, I don't have access to your specific order or shipment details. Could you please provide me with the following information:

* Your order number or customer ID
* The name of the product or service you're waiting for
* The shipping method and any relevant tracking information

Once I have this information, I can try to provide you with an estimated delivery date for your shipment.",0.5468368220329285,"I'm happy to help you with your concern. However, I need to clarify that I'm a large language model, I don't have access to your specific order or shipment details. Could you please provide me with the following information:

* Your order number or customer ID
* The name of the product or service you're waiting for
* The shipping method and any relevant tracking information

Once I have this information, I can try to provide you with an estimated delivery date for your shipment.",1.09958589553833,0.2312925170068027,0.817049,0.5857345,0.68696815,2.8093645572662354,0.9876543209876543,0.0,82,0.0,0.0,0.0,,0.2312925170068027,0.817049,0.5857345,0.68696815,2.8093645572662354,0.9876543209876543,0.0,82,0.0,0.0,0.0,
3,BIL,can you help me changing a product of a purchase?,ORDER,change_order,"Absolutely! We are here to assist you with any changes you would like to make to your purchase. To ensure that we handle your request accurately, could you please provide the purchase number and the product you would like to change? With this information, we can proceed with making the necessary adjustments to your order and make sure you are completely satisfied with your purchase experience.","I'd be happy to help you change a product of a purchase. To better assist you, could you please provide me with the following information:

* The order number or customer ID of the purchase you'd like to change
* The product you'd like to change (including the name, description, or SKU)
* The reason for the change (e.g., size, color, etc.)

Once I have this information, I'll do my best to assist you in changing the product to your satisfaction.",0.5468368220329285,"I'd be happy to help you change a product of a purchase. To better assist you, could you please provide me with the following information:

* The order number or customer ID of the purchase you'd like to change
* The product you'd like to change (including the name, description, or SKU)
* The reason for the change (e.g., size, color, etc.)
* Any specific details or preferences you have for the change

Once I have this information, I'll do my best to assist you in changing the product to your satisfaction.",1.09958589553833,0.2953020134228188,0.8119046,0.8176172,0.6913558,2.4045400619506836,0.9358974358974359,0.0,79,,0.0,0.0,,0.27672955974842767,0.8107423,0.8168291,0.6914506,2.5092203617095947,0.9204545454545454,0.0,89,,0.0,0.0,
4,BILPQ,where could I reset the pass of my user account?,ACCOUNT,recover_password,"Of course! I'm delighted to assist you in resetting the password of your user account. To initiate the process, please follow these steps:

1. Kindly navigate to the ""{{Login Page URL}}"" of our platform.
2. Look out for the ""{{Forgot Password}}"" option and select it.
3. You will be prompted to provide the email address associated with your user account. Kindly type it in.
4. Within a short span of time, you should receive a comprehensive email containing instructions to reset your password. In case you don't find it in your inbox, I recommend checking your spam or junk folders.
5. Carefully follow the detailed instructions provided in the email to create a new password and regain access to your user account.

Remember, should you encounter any obstacles during this process or if the email doesn't arrive as expected, please don't hesitate to reach out to me. I'm here to provide you with the guidance and support you need to successfully reset your password.","I'm happy to help you with that. To reset your password for your user account, I recommend trying the following options:

1. Check your email: If you set up two-factor authentication (2FA) for your account, you might receive an email with a reset link. Check your email inbox to see if you've received any notifications.
2. Contact your IT department: If you're unable to reset your password using the above methods, you can try contacting your IT department or the company's customer support team for assistance. They should be able to guide you through the process.
3. Use the account recovery process: If you're unable to reset your password, you can try using the account recovery process. This will allow you to recover your account by answering security questions or providing additional verification information.

To find the contact information for your IT department or customer support team, you can check the following places:

* Your account settings
* Your email inbox
* The company's intranet or knowledge base

If you're still having trouble, please let me know and I'll do my best to assist you.",0.5468368220329285,"I'm happy to help you with that. To reset your password for your user account, I recommend trying the following options:

1. Check your email: If you set up two-factor authentication (2FA) for your account, you might receive an email with a reset link. Check your email inbox to see if you've received any notifications.
2. Contact your IT department: If you're unable to reset your password using the above methods, you can try contacting your IT department or the company's customer support team for assistance. They should be able to guide you through the process.
3. Use the account recovery process: If you're unable to reset your password, you can try using the account recovery process. This will allow you to recover your account by answering security questions or providing additional verification information.

To find the contact information for your IT department or customer support team, you can check the following places:

* Your account settings
* Your email inbox
* The company's intranet or knowledge base

If you're still having trouble, please let me know and I'll do my best to assist you.",1.09958589553833,0.2277777777777778,0.82030183,0.58156085,0.79711854,2.243041753768921,0.8100558659217877,0.0,180,0.0,0.0,0.0,,0.2277777777777778,0.82030183,0.58156085,0.79711854,2.243041753768921,0.8100558659217877,0.0,180,0.0,0.0,0.0,
5,BELQZ,I do not know how I can restore the apss of my user profile,ACCOUNT,recover_password,"No worries, I'm here to assist you in restoring the password of your user profile! Let's get you back on track with these steps:

1. First, please navigate to the ""{{Login Page URL}}"" of our platform.
2. Look for the option that says ""{{Forgot Password}}"" and click on it. This will initiate the password recovery process.
3. Next, you will be prompted to enter the email address associated with your user profile. Kindly provide the email address correctly.
4. Once you've entered your email address, an email containing detailed instructions to reset your password will be sent to you shortly. Please check your inbox and if you don't see it there, remember to check your spam or junk folders as well.
5. Follow the instructions in the email to reset your password and regain access to your user profile.

If you encounter any difficulties along the way or if the email doesn't arrive within a reasonable time, please don't hesitate to reach out for further assistance. We're here to support you and guide you through this process, ensuring you regain access to your user profile smoothly.","I'm here to help you. To restore your user profile, I need to know a few more details from you. Could you please provide me with the following information:

* Your Order Number (if you have it)
* Your {{Person Name}} (if you have it)
* The email address associated with your user profile
* The password associated with your user profile

Once I have this information, I can assist you in restoring your user profile.",0.5468368220329285,"I'm here to help you. To restore your user profile, I need to know a few more details from you. Could you please provide me with the following information:

* Your Order Number (if you have it)
* Your {{Person Name}} (if you have it)
* The email address associated with your user profile
* The password associated with your user profile

Once I have this information, I can assist you in restoring your user profile.",1.09958589553833,0.24060150375939848,0.81454784,0.65120447,0.7577125,2.4788825511932373,0.8405797101449275,0.0,70,0.0,0.0,0.0,,0.24060150375939848,0.81454784,0.65120447,0.7577125,2.4788825511932373,0.8405797101449275,0.0,70,0.0,0.0,0.0,
6,BIL,can I receive your newsletter?,SUBSCRIPTION,newsletter_subscription,"Assuredly! It's fantastic to hear that you're interested in receiving our newsletter. Subscribing to our newsletter ensures that you stay informed about our latest updates, exclusive offers, and exciting events. To get you started, could you please provide me with your email address? I'll make sure you're added to our list and that you never miss out on any valuable information. Rest assured, we value your privacy and will handle your personal data with the utmost care.","I'm not aware of any newsletter from our company. However, I can suggest a way for you to stay updated about our latest offers and promotions. Would you like me to send you a newsletter with exclusive discounts and updates?",0.5468368220329285,"I'm not aware of any newsletter from our company. However, I can suggest a way for you to stay updated about our latest offers and promotions. Would you like me to send you a newsletter with exclusive discounts and updates?",1.09958589553833,0.2295081967213115,0.81548667,0.70227337,0.68818486,2.8671715259552,1.0,0.0,40,,0.0,0.0,,0.2295081967213115,0.81548667,0.70227337,0.68818486,2.8671715259552,1.0,0.0,40,,0.0,0.0,
7,BL,I want help to talk to somebody,CONTACT,contact_human_agent,"I hear you! I'm following you that you're seeking assistance to talk to somebody. Our team is here to help and connect you with a human agent who can provide personalized support. Before I transfer you, could you please provide some more details about the specific issue or question you have? This will enable the agent to better assist you once you're connected. Your insights and inputs are invaluable to us, and we're committed to resolving your concerns promptly. While you share more information, I'll ensure that you're connected with the most suitable agent to address your needs.","I'm here to help you. Can you please provide me with some details about what you need assistance with? You can share your concern or question, and I'll do my best to provide a helpful response.",0.5468368220329285,"I'm here to help you. Can you please provide me with some details about what you need assistance with? You can share your concern or question, and I'll do my best to provide a helpful response.",1.09958589553833,0.29577464788732394,0.8393084,0.35403952,0.60787416,2.4938576221466064,0.9714285714285714,0.0,36,,0.0,0.0,,0.29577464788732394,0.83930844,0.35403952,0.60787416,2.4938576221466064,0.9714285714285714,0.0,36,,0.0,0.0,
8,B,question about cancelling order {{Order Number}},ORDER,cancel_order,"I've understood you have a question regarding canceling order {{Order Number}}, and I'm here to provide you with the information you need. Please go ahead and ask your question, and I'll do my best to assist you.","I'm happy to help you with your order. To cancel your order, I need to confirm a few details. Could you please provide me with the following information:

* Your order number
* The reason for cancelling your order
* Any other relevant details or instructions

Once I have this information, I can assist you in cancelling your order.",0.5468368220329285,"I'm happy to help you with your order. To cancel your order, I need to confirm a few details. Could you please provide me with the following information:

* Your order number
* The reason for cancelling your order
* Any other relevant details or instructions

Once I have this information, I can assist you in cancelling your order.",1.09958589553833,0.28865979381443296,0.82493645,0.5792526,0.74577546,2.5727286338806152,0.9090909090909091,0.0,56,0.0,0.0,0.0,,0.28865979381443296,0.82493645,0.5792526,0.74577546,2.5727286338806152,0.9090909090909091,0.0,56,0.0,0.0,0.0,
9,BCLM,"I paid {{Currency Symbol}}{{Refund Amount}} for this item, I try to receive a rebate",REFUND,get_refund,"I've understood that you made a purchase and paid ${{Refund Amount}} for an item, and now you would like to receive a rebate. I can definitely assist you with that. To initiate the process, I recommend reaching out to our customer support team either by phone at {{Customer Support Phone Number}} or through our live chat on our website at {{Website URL}}. They will be able to guide you through the necessary steps and provide you with all the information you need to request your rebate successfully. Thank you for bringing this to our attention, and I'm confident our team will be able to assist you promptly.","I'm sorry to hear that you're not receiving a rebate for your purchase. I'd like to look into this further. Could you please provide me with your Order Number so I can look into your case and see what's been done with your refund? Additionally, I'd like to know the item you're referring to, as well as the {{Currency Symbol}} and {{Refund Amount}} you're claiming.",0.5468368220329285,"I'm sorry to hear that you're not receiving a rebate for your purchase. I'd like to look into this further. Could you please provide me with your Order Number so I can look into your case and see what's been done with your refund? Additionally, I'd like to know the item you're referring to, as well as the {{Currency Symbol}} and {{Refund Amount}} you're claiming.",1.09958589553833,0.1878453038674033,0.813107,0.88515633,0.844213,2.4887821674346924,0.9333333333333333,0.0,61,0.3333333333333333,0.0,0.0,,0.1878453038674033,0.813107,0.88515633,0.844213,2.4887821674346924,0.9333333333333333,0.0,61,0.3333333333333333,0.0,0.0,
10,BLN,I can't inform of an issue with signup,ACCOUNT,registration_problems,"We apologize for the inconvenience you're experiencing in reporting the issue with signup. We understand the importance of resolving your concern promptly. To help you further, please provide us with some details about the problem you're facing during the signup process. Any specific error messages or steps you've taken so far will be immensely helpful in identifying and addressing the issue. Rest assured, we are committed to providing a seamless registration experience, and we appreciate your patience and cooperation in resolving this matter.",I'm here to help. Could you please provide more details about the issue you're experiencing with signing up? This will allow me to better assist you and provide a more accurate solution.,0.5468368220329285,I'm here to help. Could you please provide more details about the issue you're experiencing with signing up? This will allow me to better assist you and provide a more accurate solution.,1.09958589553833,0.23333333333333336,0.8168452,0.6938615,0.7180172,2.8201842308044434,1.0,0.0,32,,0.0,0.0,,0.23333333333333336,0.8168452,0.6938615,0.7180172,2.8201842308044434,1.0,0.0,32,,0.0,0.0,
11,BCLW,"I want to see what damn payment methods are allowed, help me",PAYMENT,check_payment_methods,"I'll do my best! I completely understand your eagerness to explore the payment methods we offer. Allow me to guide you through the process and present you with the available options. By doing so, we aim to provide you with a seamless and convenient payment experience. Here is a comprehensive list of our accepted payment methods:

- **Credit/Debit Card:** You can securely make payments using major credit and debit cards like Visa, MasterCard, and American Express.
- **PayPal:** This widely recognized online payment platform offers a secure way to complete transactions.
- **Bank Transfer:** You can conveniently make payments through direct bank transfers from your bank account.
- **Apple Pay:** If you're an Apple user, Apple Pay enables quick and easy payments.
- **Google Pay:** Google Pay provides a fast and convenient way for Android users to make payments.

If you have any further questions or require assistance with any of these methods, please don't hesitate to let me know. Your satisfaction is our utmost priority, and I'm here to help every step of the way!","I'm here to help. I can provide you with information on the payment methods we accept. However, I need to clarify that I don't have access to your account information or personal details. If you could provide me with your account number or any other identifying information, I would be happy to provide you with a list of the payment methods we accept.

Please note that I'll be providing a general overview, and I won't be able to access any sensitive information about your account. If you have any further questions or concerns, feel free to ask.",0.5468368220329285,"I'm here to help. I can provide you with information on the payment methods we accept. However, I need to clarify that I don't have access to your account or payment history. If you're having trouble with a payment method, I recommend contacting our customer service team directly.

To provide you with a general overview, we accept the following payment methods:

- Credit Cards (Visa, Mastercard, Amex, etc.)
- Debit Cards
- PayPal
- Mobile Payments (e.g., Apple Pay, Google Pay)
- Bank Transfers

If you're having trouble with a specific payment method, I can try to assist you by providing more information or guidance. Please let me know how I can further help.",1.09958589553833,0.21660649819494582,0.7797706,0.69065213,0.5581494,1.975460171699524,0.90625,0.0,97,,0.0,0.0,,0.26206896551724135,0.8098163,0.63030076,0.7106946,2.1277384757995605,0.8715596330275229,0.0,110,,0.0,0.0,
12,BILM,what do I have to do to shop several of your item?,ORDER,place_order,"Thank you for your interest in shopping multiple items from us! To proceed with your purchase, you can follow a few simple steps. Firstly, browse through our wide range of products and select the items you wish to purchase. Once you have made your selections, add them to your cart. When you are ready to checkout, review your cart to ensure you have included all the desired items. Then, proceed to the checkout page. Here, you will provide your shipping information, select your preferred payment method, and complete the necessary steps to finalize your order. If you encounter any difficulties or have any questions during the process, our customer service team is always available to assist you. We strive to make your shopping experience as smooth and enjoyable as possible. Happy shopping!","To shop for several items, I would need to know the specific items you're interested in. Could you please provide me with the following information:

* The item(s) you'd like to purchase
* The quantity you'd like to order
* Your preferred payment method

Once I have this information, I can assist you with the checkout process and provide guidance on how to complete your purchase.",0.5468368220329285,"To shop for several items, I would need to know the specific items you're interested in. Could you please provide me with the following information:

* The item(s) you'd like to purchase
* The quantity you'd like to order
* Your preferred payment method

Once I have this information, I can assist you with the checkout process and provide guidance on how to complete your purchase.",1.09958589553833,0.21105527638190957,0.80715996,0.639135,0.78624105,2.4363198280334473,0.9523809523809523,0.0,64,,0.0,0.0,,0.21105527638190957,0.80715996,0.639135,0.78624105,2.4363198280334473,0.9523809523809523,0.0,64,,0.0,0.0,
13,BLZ,ser the bill #37777,INVOICE,check_invoice,"I'm following your need to review the details of your bill with the number #{{Invoice Number}}. Let me assist you with that. Could you please provide me with some additional information, such as the date range or any specific details related to the bill? This will help me locate the bill more accurately and provide you with the information you need. I'm here to help you every step of the way!","I'm not able to provide the bill number #37777 as that would require access to your account and payment information. If you need to view or discuss your bill, I recommend contacting our customer service department directly. They will be able to provide you with the information you need. Is there anything else I can help you with?",0.5468368220329285,"I'm not able to provide the bill number #37777 as that would require access to your account and payment information. If you need to view or discuss your bill, I recommend contacting our customer service department directly. They will be able to provide you with the information you need. Is there anything else I can help you with?",1.09958589553833,0.3181818181818182,0.81813127,0.65843356,0.6880549,2.736443281173706,0.9285714285714286,0.0,57,0.0,0.0,0.0,,0.3181818181818182,0.81813127,0.65843356,0.6880549,2.736443281173706,0.9285714285714286,0.0,57,0.0,0.0,0.0,
14,BKM,refund {{Refund Amount}} dollars,REFUND,get_refund,"I've understood you are requesting a refund of {{Refund Amount}} dollars, and I'm here to assist you with this matter. To proceed with the refund, could you please provide me with some additional details regarding the purchase and the reason for the refund? This information will allow me to better understand your situation and provide you with the best assistance possible. Rest assured, we will do everything we can to process your refund quickly and efficiently. Thank you for your cooperation, and I appreciate your patience as we work together to resolve this issue.","I'm happy to assist you. However, I need to clarify that I don't have any information about a refund request. Could you please provide more context or details about the refund you're requesting? I'll do my best to assist you as quickly and efficiently as possible.",0.5468368220329285,"I'm happy to assist you. However, I need to clarify that I don't have any information about a refund request. Could you please provide more context or details about the refund you're requesting? I'll do my best to assist you as quickly and efficiently as possible.",1.09958589553833,0.28767123287671237,0.83802325,0.46892428,0.76257384,2.4613873958587646,0.9555555555555556,0.0,46,0.0,0.0,0.0,,0.28767123287671237,0.83802325,0.46892428,0.76257384,2.4613873958587646,0.9555555555555556,0.0,46,0.0,0.0,0.0,
15,BCILMP,"I would like to shop some of your product, how to do it?",ORDER,place_order,"Thank you for expressing your interest in shopping our products! We're thrilled to guide you through the process of making a purchase. To get started, you can visit our website and browse through our wide range of products. Once you find the items you're interested in, simply add them to your cart and proceed to checkout. If you have any specific questions or need assistance along the way, feel free to reach out to our customer support team. They are available {{Customer Support Hours}} at {{Customer Support Phone Number}} or through the Live Chat on our website at {{Website URL}}. We're here to ensure that your shopping experience with us is seamless and enjoyable. Happy shopping!","To shop with us, please follow these steps:

1. Visit our website at [website URL].
2. Click on the ""Shop Now"" button.
3. Select the products you'd like to purchase from the available categories.
4. Enter your order details, including your name, contact information, and payment method.
5. Review your order summary and confirm your purchase.

If you have any questions or need assistance, please don't hesitate to contact us. We're here to help.

Also, please note that we offer free shipping on orders over a certain amount. If you'd like to take advantage of this offer, please let us know and we'll be happy to assist you.

Thank you for shopping with us, and we look forward to serving you.",0.5468368220329285,"To shop with us, please follow these steps:

1. Visit our website at [website URL].
2. Click on the ""Shop Now"" button.
3. Select the products you'd like to purchase from the available categories.
4. Enter your order details, including your name, contact information, and payment method.
5. Review your order summary and confirm your purchase.

If you have any questions or need assistance, please don't hesitate to contact us. We're here to help.

Also, please note that we offer free shipping on orders over a certain amount. If you'd like to take advantage of this offer, please let us know and we'll be happy to assist you.

Thank you for shopping with us, and we look forward to serving you.",1.09958589553833,0.2204081632653061,0.8033452,0.68450236,0.7593373,1.9194707870483398,0.9652173913043478,0.0,116,0.0,0.0,0.0,,0.2204081632653061,0.8033452,0.68450236,0.7593373,1.9194707870483398,0.9652173913043478,0.0,116,0.0,0.0,0.0,
16,BLQ,i dont know how i can check the ETA of purchase {{Order Number}},ORDER,track_order,"Thank you for reaching out! I'm here to assist you with checking the estimated time of arrival (ETA) for your purchase with the purchase number {{Order Number}}. To check the ETA, you can visit our website and navigate to the '{{Online Order Interaction}}' section. From there, you should be able to locate your purchase and view the ETA. If you're having any trouble or need further guidance, please let me know, and I'll be happy to help you every step of the way.","You can check the estimated delivery time (ETA) for your order by following these steps:

1. Log in to your account on our website.
2. Click on your profile picture in the top right corner.
3. Select 'Order history' from the dropdown menu.
4. Find your order in the list and click on it.
5. Look for the 'ETA' or 'Delivery estimated' section, usually at the top right corner of the page.
6. The estimated delivery time will be displayed, which should be the same as the one you received when you placed your order.

If you're still having trouble finding the ETA, you can also contact our customer service team for assistance.",0.5468368220329285,"You can check the estimated delivery time (ETA) for your order by following these steps:

1. Log in to your account on our website.
2. Click on your profile picture in the top right corner.
3. Select 'Order history' from the dropdown menu.
4. Find your order in the list and click on it.
5. Look for the 'ETA' or 'Delivery estimated' section, usually at the top right corner of the page.
6. The estimated delivery time will be displayed, which should be the same as the one you received when you placed your order.

If you're still having trouble finding the ETA, you can also contact our customer service team for assistance.",1.09958589553833,0.25,0.792091,0.6135913,0.77971077,2.315512180328369,0.8867924528301887,0.0,107,0.0,0.0,0.0,,0.25,0.792091,0.6135913,0.77971077,2.315512180328369,0.8867924528301887,0.0,107,0.0,0.0,0.0,
17,BL,acquire an item,ORDER,place_order,"Thank you for your interest in acquiring an item from us! I'm excited to assist you in this process and ensure that you have a seamless shopping experience. To begin, could you please provide me with more details about the item you would like to acquire? This will help me guide you through the steps of placing your order and finding the perfect item that meets your needs and preferences.",I'm happy to help you acquire an item. Can you please provide me with some more information about the item you're looking to purchase? This will help me better understand your needs and provide a more accurate response.,0.5468368220329285,I'm happy to help you acquire an item. Can you please provide me with some more information about the item you're looking to purchase? This will help me better understand your needs and provide a more accurate response.,1.09958589553833,0.39639639639639634,0.88012105,0.536204,0.7253849,2.42916202545166,1.0,0.0,38,,0.0,0.0,,0.39639639639639634,0.88012105,0.536204,0.7253849,2.42916202545166,1.0,0.0,38,,0.0,0.0,
18,BLQZ,i need assstance to check how soon can i expect the order,DELIVERY,delivery_period,"We understand your eagerness to receive your order and your need for assistance in determining the estimated delivery time. To provide you with accurate information, could you please provide the {{Order Number}}? With this information, we can check the status of your order and give you an estimated delivery time. Your patience is greatly appreciated as we work on resolving your query.","I'm happy to help you with that. I'm not aware of your specific order, but I can guide you through the process.

To provide you with an estimate of when you can expect your order to arrive, I'll need to know a few more details. Could you please provide me with the following information:

* The order number of your specific order
* The shipping address you'd like to track to
* The shipping method you'd like to track to (e.g., standard, express, or economy)

Once I have this information, I can provide you with a more accurate estimate of when your order will arrive.",0.5468368220329285,"I'd be happy to help you with that. To provide you with the most accurate information, I'll need to know a few more details from you. Could you please provide me with the following information:

* Your order number (if you have one)
* The name of the product or service you're ordering
* The date you placed the order (to give me a specific timeframe)

Once I have this information, I can try to provide you with an estimated delivery date for your order.",1.09958589553833,0.24705882352941175,0.80604947,0.59668773,0.7207495,2.2313766479492188,0.8529411764705882,0.0,103,0.0,0.0,0.0,,0.31292517006802717,0.82303315,0.62761605,0.7422805,2.3923866748809814,0.9259259259259259,0.0,82,0.0,0.0,0.0,
19,BCIL,"I have got to download the bill #12588, how do I do it?",INVOICE,get_invoice,"I'm following your urgency to download the bill with the number #{{Invoice Number}}. To assist you with this, I recommend following these steps:

1. Log in to your account on our website.
2. Navigate to the ""Billing"" or ""Invoices"" section.
3. Locate the invoice with the number #{{Invoice Number}}.
4. Click on the download button or link next to the invoice.
5. Choose the desired file format (PDF, Word, etc.).
6. Save the file to your preferred location on your device.

If you encounter any difficulties or have further inquiries, feel free to let me know. I'm here to guide you every step of the way!""","To download your bill, I recommend the following steps:

1. Log in to your online account or visit the website of the service provider (e.g., {{Service Provider Name}}) to access your account.
2. Once logged in, look for the ""Bill"" or ""Invoice"" section and find your bill number, which is likely to be 12588.
3. Click on the ""Download Bill"" or ""Print Bill"" button, usually located below the bill details.
4. Select the format you prefer (e.g., PDF, CSV, or Word document) and choose the file type (e.g., PDF for a PDF file).
5. Download the bill, and you should receive it in your preferred format.

If you're having trouble finding your bill or need assistance with the download process, please let me know, and I'll be happy to help.",0.5468368220329285,"To download your bill, I recommend the following steps:

1. Log in to your online account or visit the website of your bank or energy provider.
2. Look for the bill you need to download, which should be labeled as ""Bill"" or ""Statement"" depending on the provider.
3. Once you find the bill, click on the ""Download"" or ""Print"" button.
4. Select the format you prefer (e.g., PDF, CSV, or a specific bill type).
5. Choose the date range for which you want to download the bill.
6. Review the download options and select the correct settings.
7. Download the bill, and you should receive it in the format you chose.

If you're having trouble finding the bill or downloading it, I suggest contacting your bank or energy provider's customer service for assistance. They should be able to guide you through the process.",1.09958589553833,0.35390946502057613,0.85755974,0.7357592,0.8271801,2.5132486820220947,0.9186991869918699,0.0,124,0.0,1.0,0.0,,0.30708661417322836,0.8269243,0.6960051,0.7185123,2.5149648189544678,0.875,0.0,137,0.0,0.0,0.0,
20,BELZ,I do not know what to do to lodge an customer reclamation,FEEDBACK,complaint,"We've received your message to us regarding the process of lodging a customer reclamation. I understand that it can be overwhelming when you're unsure of what steps to take. I'm here to guide you through the process and provide the necessary assistance. To lodge a customer reclamation, you can begin by gathering any relevant documentation or evidence regarding the issue or incident. This may include receipts, invoices, photos, or any other supporting materials. Once you have the necessary information, please contact our customer service department, either by phone or through our website, and they will be able to guide you through the specific steps to lodge the reclamation. Our dedicated team will work closely with you to resolve the issue and ensure your concerns are addressed in a timely manner. We value your feedback and appreciate your patience throughout this process.","I'm here to help. To lodge a customer reclamation, I need to know a bit more information from you. Could you please provide me with the following details:

* The customer's order number or case number
* The date of the incident
* A brief description of what happened
* Any relevant details or evidence (e.g. receipts, emails, etc.)

Once I have this information, I can guide you through the process of reclamation and help you resolve the issue with the customer.",0.5468368220329285,"I'm here to help. To lodge a customer reclamation, I need to know a bit more information from you. Could you please provide me with the following details:

* The customer's order number or case number
* The date of the incident
* A brief description of what happened
* Any relevant details or evidence (e.g. receipts, emails, etc.)

Once I have this information, I can guide you through the process of reclamation and help you resolve the issue with the customer.",1.09958589553833,0.24888888888888894,0.8216215,0.84013665,0.85351384,2.745180606842041,0.9871794871794872,0.0,79,,0.0,0.0,,0.24888888888888894,0.8216215,0.84013665,0.85351384,2.745180606842041,0.9871794871794872,0.0,79,,0.0,0.0,
21,BL,help me creating a {{Account Category}} account for my daughter,ACCOUNT,create_account,"I'm delighted to assist you in creating a {{Account Category}} account for your daughter! To begin, could you please provide me with some information such as your daughter's full name, age, and an email address to associate with her account? Rest assured that we prioritize the privacy and security of our users' data. Once I have the necessary details, I'll guide you step-by-step through the account creation process, ensuring a hassle-free experience for both you and your daughter. Let's get started on this exciting journey together!","I'd be happy to help you create an account for your daughter. To create an account for {{Account Category}}, I'll need to know a few details from you.

Can you please provide me with the following information:

1. What is your daughter's age?
2. What is her name?
3. What is the primary purpose of the account (e.g., online shopping, gaming, social media)?
4. Do you have a registered email address or phone number associated with the account?

Once I have this information, I can assist you in setting up a secure and suitable account for your daughter.",0.5468368220329285,"I'd be happy to help you create an account for your daughter. To create an account for {{Account Category}}, I'll need to know a few details from you.

Can you please provide me with the following information:

1. What is your daughter's age?
2. What is her name?
3. What is the primary purpose of the account (e.g., online shopping, gaming, social media)?
4. Do you have a registered email address or phone number associated with the account?

Once I have this information, I can assist you in setting up a secure and suitable account for your daughter.",1.09958589553833,0.3384615384615384,0.8284508,0.9132284,0.95557797,2.4197003841400146,0.8913043478260869,0.0,93,1.0,0.0,0.0,,0.3384615384615384,0.8284508,0.9132284,0.95557797,2.4197003841400146,0.8913043478260869,0.0,93,1.0,0.0,0.0,
22,BILQ,is there an e-mail to leave a review for a service,FEEDBACK,review,"We appreciate your enthusiasm to leave a review for our service! Instead of an email, we have a dedicated platform on our website where you can easily submit your feedback. It allows us to gather and analyze reviews efficiently, ensuring that your valuable insights are properly received and acted upon. Please visit our website and look for the ""Review"" section to share your thoughts about our service. We can't wait to hear from you!","I'm happy to help you with that. Yes, there are several email addresses where you can leave a review for a service. Here are a few options:

1. Customer Service Email: You can try sending an email to the customer service email address of the service provider. For example, if you're leaving a review for a restaurant, you can send an email to the restaurant's customer service email address.
2. Review Management Platform: Many service providers have a review management platform where you can leave reviews. You can search for the platform and send an email to the customer service email address.
3. Social Media: If the service provider has a social media presence, you can try leaving a review on their official social media account.

Here's an example of an email you could send:

Subject: Review for [Service Name]

Dear [Customer Service Email Address],

I am writing to leave a review for [Service Name]. I recently used [Service Name] and was impressed with the service I received. I would like to share my experience with others.

Please find my review below:

[Insert your review here]

Thank you for your time and consideration.

Sincerely,
[Your Name]

If you're unable to find a review management platform or social media account, you can also try searching for the service provider's website or contacting their customer service department directly to leave a review.",0.5468368220329285,"I'm happy to help you with that. Yes, there are several email addresses where you can leave a review for a service. Here are a few options:

1. Customer Service Email: You can try sending an email to the customer service email address of the service provider. For example, if you're leaving a review for a restaurant, you can send an email to the restaurant's customer service email address.
2. Review Management Platform: Many service providers have a review management platform where you can leave reviews. You can search for the platform and send an email to the customer service email address.
3. Social Media: If the service provider has a social media presence, you can try leaving a review on their official social media account.

Here's an example of an email you could send:

Subject: Review for [Service Name]

Dear [Customer Service Email Address],

I am writing to leave a review for [Service Name]. I recently used [Service Name] and was impressed with the service I received. I would like to share my experience with others.

Please find my review below:

[Insert your review here]

Thank you for your time and consideration.

Sincerely,
[Your Name]

If you're unable to find a review management platform or social media account, you can also try searching for the service provider's website or contacting their customer service department directly to leave a review.",1.09958589553833,0.15434083601286172,0.7579401,0.8069595,0.6743858,2.0125293731689453,0.7256637168141593,0.0,227,,0.0,0.0,,0.15434083601286172,0.7579401,0.8069595,0.6743858,2.0125293731689453,0.7256637168141593,0.0,227,,0.0,0.0,
23,BEL,I do not know how to leave an opinion for a service,FEEDBACK,review,"Glad you got in touch to us for assistance with leaving your opinion about our service. We appreciate your desire to share your feedback with us. To provide your opinion, you can visit our website and navigate to the page of the specific service you would like to review. Once you are on the service page, you should see an option to leave a review or provide feedback. This is typically located near the description or at the bottom of the page. If you are unable to locate the review section, our customer support team will be happy to guide you through the process. Their contact information can usually be found on our website or in the footer section. Please let me know if there is anything else I can help you with regarding leaving your opinion for our service.","I'm happy to help you with that. Leaving an opinion for a service can be a bit tricky, but here's a simple guide to follow:

1. **Check the service's website or social media**: Look for a ""Leave a Review"" or ""Feedback"" section on the service's website or social media platforms like Facebook, Twitter, or Google Reviews.
2. **Find the contact information**: Look for a contact email or phone number on the service's website or social media. This is where you can leave your review.
3. **Write your review**: Use the contact information to write your review. Keep it concise and to the point. You can mention the service's strengths and weaknesses, and why you chose to leave a review.
4. **Include your Order Number or Person Name (if applicable)**: If you have an Order Number or Person Name, you can include it in your review. This helps the service to identify your review and respond to it if needed.

Here's an example of a simple review:

""Hi, I recently used [Service Name] for [Service] and was impressed with the service. However, I had some issues with [Specific Issue]. I would recommend [Service Name] to others, but I had to contact them to resolve the issue. Overall, I would give [Service Name] 4 out of 5 stars.""

Remember to be",0.5468368220329285,"I'm happy to help you with that. Leaving an opinion for a service can be a bit tricky, but here's a simple guide to make it easy:

1. **Check the service's website or social media**: Look for a ""Leave a Review"" or ""Feedback"" section on the service's website or social media platforms like Facebook, Twitter, or Google Reviews.
2. **Find the contact information**: Look for a contact email or phone number on the service's website or social media. This is where you can leave your review.
3. **Write your review**: Use the contact information to write your review. Keep it concise and honest. You can mention the service's strengths and weaknesses, and any specific issues you've experienced.
4. **Include your Order Number or Person Name (if applicable)**: If you're leaving a review for a specific service or product, you can include your Order Number or Person Name in the review. This helps the service team to identify your review and respond to it if needed.

Example of a simple review:

""Hi, I'm {{Order Number}}. I recently used your service for {{Service Type}}. While I was impressed with the service, I had a few issues with {{Specific Issue}}. I would recommend your service to others, but I would like to see improvements on {{Specific Improvement}]"".

Remember to be polite, respectful,",1.09958589553833,0.18032786885245902,0.7713005,0.7299524,0.75156397,2.47025728225708,0.8301886792452831,0.0,213,,0.0,0.0,,0.17934782608695654,0.7716513,0.7335277,0.75281805,2.55437970161438,0.8317307692307693,0.0,209,,1.0,0.0,
24,BIL,can you help me to talk with an agent?,CONTACT,contact_human_agent,"Thank you for reaching out! I completely understand that you're seeking assistance in talking with an agent. I'm here to help! To get connected with one of our dedicated human representatives, all you need to do is provide me with a few more details about the specific topic or issue you need assistance with. This will help ensure that you're connected to the most suitable agent who can provide you with the right guidance. Please take a moment to share your concerns, and I'll make sure you get the support you need.","I'd be happy to help you talk to an agent. To get started, could you please provide me with some details about your issue or concern? This will help me better understand your problem and provide a more effective solution.

You can share the following information with me:

* The issue or concern you're facing
* The product or service you're using
* Any relevant details or context

I'll do my best to assist you and guide you through the conversation with the agent.",0.5468368220329285,"I'd be happy to help you talk to an agent. To get started, could you please provide me with some details about your issue or concern? This will help me better understand your problem and provide a more effective solution.

You can share the following information with me:

* The issue or concern you're facing
* The product or service you're using
* Any relevant details or context

I'll do my best to assist you and guide you through the conversation with the agent.",1.09958589553833,0.287292817679558,0.83409,0.5786718,0.696785,2.724957227706909,0.975,0.0,81,,0.0,0.0,,0.287292817679558,0.8340899,0.5786718,0.696785,2.724957227706909,0.975,0.0,81,,0.0,0.0,
25,BCILM,"I need to see the invoices from {{Person Name}}, can you help me?",INVOICE,check_invoice,"I'm happy to help! I completely understand your need to access the invoices from {{Salutation}} {{Client Last Name}}. It's important to have a clear view of your financial records. To assist you in this matter, could you please provide me with any specific details such as a date range or invoice number? These details will allow me to locate the invoices more efficiently and provide you with the assistance you need.","I'd be happy to help you with the invoices. However, I need to clarify that I don't have access to your personal account or invoice details. If you can provide me with the following information, I'll do my best to assist you:

* Your {{Person Name}}'s name
* Your {{Order Number}} (if you have it)
* The last 4-5 digits of your {{Account Number}} (if you have it)

Please provide me with this information, and I'll do my best to provide you with the invoices.",0.5468368220329285,"I'd be happy to help you with the invoices. However, I need to clarify that I don't have access to your personal account or invoice details. If you can provide me with the following information, I'll do my best to assist you:

* Your {{Person Name}}'s name
* Your {{Order Number}} (if you have it)
* The last 4-5 digits of your {{Account Number}} (if you have it)

Please provide me with this information, and I'll do my best to provide you with the invoices.",1.09958589553833,0.29813664596273287,0.83830136,0.73282015,0.73651516,2.217519521713257,0.8,0.0,76,0.0,0.0,0.0,,0.29813664596273287,0.8383013,0.73282015,0.73651516,2.217519521713257,0.8,0.0,76,0.0,0.0,0.0,
26,BKL,show me estimated time of arrival of order {{Order Number}},ORDER,track_order,"Honored to assist! I'm clued in that you would like to know the estimated time of arrival (ETA) for your order with the order number {{Order Number}}. To provide you with accurate information, I kindly request you to hang on while I check the latest updates from our logistics team. I appreciate your patience in this matter as ensuring the ETA's accuracy is crucial. In the meantime, if you have any other questions or need further assistance, please don't hesitate to let me know.","I'm happy to help, but I need to know your order number. Please provide me with the following information:

* Order Number: {{Order Number}}
* {{Order Number}}: {{Order Number}}
* {{Person Name}}: {{Person Name}} (if you'd like to provide it)

Once I have this information, I can provide you with an estimated time of arrival (ETA) for your order.",0.5468368220329285,"I'm happy to help, but I need to know your order number. Please provide me with the following information:

* Order Number: {{Order Number}}
* {{Order Number}}: {{Order Number}}
* {{Person Name}}: {{Person Name}} (if you'd like to provide it)

Once I have this information, I can provide you with an estimated time of arrival (ETA) for your order.",1.09958589553833,0.2482758620689655,0.83018446,0.6809411,0.82595813,2.6321475505828857,0.9555555555555556,0.0,46,1.0,0.0,0.0,,0.2482758620689655,0.8301845,0.6809411,0.82595813,2.6321475505828857,0.9555555555555556,0.0,46,1.0,0.0,0.0,
27,BCIL,"I want to track my restitution, how do I do it?",REFUND,track_refund,"Firstly, thank you for reaching out to us regarding your restitution tracking. I completely understand your desire to stay updated on the status of your refund. To track your restitution, you can easily do so through our website. Simply log in to your account and navigate to the ""My Orders"" or ""Refunds"" section. There, you should be able to see the status of your refund and any relevant updates. If you encounter any difficulties or have further questions, please don't hesitate to let me know. I'm here to assist you every step of the way and ensure you have a seamless experience.","To track your restitution, I'll need to know a bit more information from you. Could you please provide me with the following details:

1. Your Order Number: This is the unique number assigned to your order when it was placed with us.
2. Your Person Name: This is the name associated with your order, which is usually the name on the packaging or the name on your order confirmation email.
3. The date you placed your order: This will help me to provide you with the most accurate information.

Once I have this information, I can guide you through the process of tracking your restitution.",0.5468368220329285,"To track your restitution, I'll need to know a bit more information from you. Could you please provide me with the following details:

1. Your Order Number: This is the unique number assigned to your order when it was placed with us.
2. Your Person Name: This is the name associated with your order, which is usually the name on the packaging or the name on your order confirmation email.
3. The date you placed your order: This will help me to provide you with the most accurate information.

Once I have this information, I can guide you through the process of tracking your restitution.",1.09958589553833,0.19999999999999998,0.7823995,0.68253654,0.73008,2.450316905975342,0.8910891089108911,0.0,102,,0.0,0.0,,0.19999999999999998,0.7823995,0.68253654,0.73008,2.450316905975342,0.8910891089108911,0.0,102,,0.0,0.0,
28,BKLQ,update info on premium account,ACCOUNT,edit_account,"It is truly remarkable to witness your commitment to updating the information on your premium account. Your dedication to personalization and ensuring that your account details are accurate and up-to-date is truly commendable. As a valued premium account holder, we understand the importance of having access to the latest information. To update the information on your premium account, I recommend logging into our secure {{Online Company Portal Info}} where you can easily make the necessary changes. If you encounter any difficulties or need further assistance, our dedicated customer support team is available to provide personalized guidance. Thank you for choosing our premium account and giving us the opportunity to support you in this endeavor.","I'm happy to help you with updating your premium account information. To proceed, I'll need to know a few details from you. Could you please provide me with your Order Number and {{Person Name}} (if applicable)?",0.5468368220329285,"I'm happy to help you with updating your premium account information. To proceed, I'll need to know a few details from you. Could you please provide me with your Order Number and {{Person Name}} (if applicable)?",1.09958589553833,0.15584415584415584,0.79315007,0.8153266,0.8530028,3.4084978103637695,1.0,0.0,34,0.0,0.0,0.0,,0.15584415584415584,0.79315007,0.8153266,0.8530028,3.4084978103637695,1.0,0.0,34,0.0,0.0,0.0,
29,BCELN,"I cannot open a user, I have to inform of a signup issue",ACCOUNT,registration_problems,"We apologize for the inconvenience you're facing in opening a user account. We understand the frustration this may have caused, and we appreciate you informing us about the signup issue. Our team is dedicated to resolving this matter promptly. To assist you further, could you please provide more details about the problem you encountered during the signup process? This information will allow us to investigate and address the issue as quickly as possible. Your feedback is valuable to us, and together, we will work towards a solution. Thank you for your cooperation.","I'm here to help. Can you please provide more details about the issue you're experiencing with opening a user? This will help me better understand the problem and provide a more accurate solution. Specifically, could you please tell me:

* What operating system are you using?
* What browser are you using?
* Have you tried opening the user in a different browser or on a different device?

Once I have this information, I'll do my best to assist you with resolving the issue.",0.5468368220329285,"I'm here to help. Can you please provide more details about the issue you're experiencing with opening a user? This will help me better understand the problem and provide a more accurate solution. Specifically, could you please tell me:

* What operating system are you using?
* What browser are you using?
* Have you tried opening the user in a different browser or on a different device?

Once I have this information, I'll do my best to assist you with resolving the issue.",1.09958589553833,0.21468926553672316,0.81720376,0.76757574,0.66540986,2.3893065452575684,0.9375,0.0,81,,0.0,0.0,,0.21468926553672316,0.81720376,0.76757574,0.66540986,2.3893065452575684,0.9375,0.0,81,,0.0,0.0,
30,BL,help changing my delivery address,SHIPPING,change_shipping_address,"I'm happy to help! To assist you with changing your delivery address, you can follow these steps. First, log in to your account on our website. Then, navigate to the ""Account Settings"" or ""Profile"" section. Look for the option to edit your shipping address and click on it. Make the necessary changes, ensuring that all the details are accurate and up to date. Finally, don't forget to save your changes. If you encounter any difficulties or have any further questions, feel free to reach out to our customer service team for additional support.","I'd be happy to help you change your delivery address. To proceed, I need to know the details of your order. Could you please provide me with your Order Number or {{Order Number}} and {{Person Name}}? Additionally, please let me know the new delivery address you would like to use.",0.5468368220329285,"I'd be happy to help you change your delivery address. To proceed, I need to know the details of your order. Could you please provide me with your Order Number or {{Order Number}} and {{Person Name}}? Additionally, please let me know the new delivery address you would like to use.",1.09958589553833,0.2328767123287671,0.7891101,0.8055465,0.78970146,2.889087438583374,0.9333333333333333,0.0,46,,0.0,0.0,,0.2328767123287671,0.7891101,0.8055465,0.78970146,2.889087438583374,0.9333333333333333,0.0,46,,0.0,0.0,
31,BQZ,i dontknow how to get the invoice #12588,INVOICE,get_invoice,"I see your confusion about how to access the invoice with the number #{{Invoice Number}}. Let me guide you through the process step by step. First, please log in to your account on our website. Once you're logged in, navigate to the ""Billing"" or ""Account"" section. There, you should find an option to view or download your invoices. If you're unable to locate the invoice with the number {{Invoice Number}}, please let me know, and I'll be happy to assist you further.","I'm here to help. To obtain your invoice number, {{Invoice Number}}, could you please provide me with your order number or the name of the person who placed the order? This will allow me to look up the invoice number for you.",0.5468368220329285,"I'm here to help. To obtain your invoice number, {{Invoice Number}}, could you please provide me with your order number or the name of the person who placed the order? This will allow me to look up the invoice number for you.",1.09958589553833,0.23437500000000003,0.82440126,0.66201556,0.7763109,2.926605224609375,0.9743589743589743,0.0,40,1.0,0.0,0.0,,0.23437500000000003,0.82440126,0.66201556,0.7763109,2.926605224609375,0.9743589743589743,0.0,40,1.0,0.0,0.0,
32,BLM,I need help seeing the termination charges,CANCEL,check_cancellation_fee,"For sure! To check the termination charges, you can log in to your account and navigate to the ""Fees and Charges"" section. This will provide you with detailed information regarding any termination fees that may apply.","I'd be happy to help you with that. To better assist you, I need to know a few more details. Could you please provide me with your Order Number and {{Person Name}}? This will allow me to look up your account and provide you with the most accurate information about your termination charges.

Additionally, I want to confirm that you have reviewed and understood the termination charges associated with your account. If you have any questions or concerns, please don't hesitate to ask, and I'll do my best to address them.",0.5468368220329285,"I'd be happy to help you with that. To better assist you, I need to know a few more details. Could you please provide me with your Order Number and {{Person Name}}? This will allow me to look up your account and provide you with the most accurate information about your termination charges.

Additionally, I want to confirm that you have reviewed and understood the termination charges associated with your account. If you have any questions or concerns, please don't hesitate to ask, and I'll do my best to address them.",1.09958589553833,0.2,0.8021344,0.8059411,0.78986526,2.5207040309906006,0.9431818181818182,0.0,89,,0.0,0.0,,0.2,0.8021344,0.8059411,0.78986526,2.5207040309906006,0.9431818181818182,0.0,89,,0.0,0.0,
33,BLMQZ,i haev issues correcting my address,SHIPPING,change_shipping_address,"I apologize for the inconvenience. To better understand the issues you're facing while trying to correct your address, could you please provide more information? This will help me provide you with the appropriate guidance to resolve the problem.","I'm here to help. Can you please provide me with your order number or the order details you're trying to correct, so I can assist you better?",0.5468368220329285,"I'm here to help. Can you please provide me with your order number or the order details you're trying to correct, so I can assist you better?",1.09958589553833,0.2647058823529412,0.83695537,0.29729402,0.4083181,3.00044584274292,1.0,0.0,27,,0.0,0.0,,0.2647058823529412,0.8369553,0.29729402,0.4083181,3.00044584274292,1.0,0.0,27,,0.0,0.0,
34,BCILQ,wanna place an order can ya help me,ORDER,place_order,"We appreciate your interest in placing an order with us! We're here to assist you every step of the way. To better understand your needs, could you please provide us with more details about the specific items you would like to order? Once we have that information, we'll be able to guide you through the process and ensure a smooth and satisfying experience.","I'd be happy to help you place an order. Can you please provide me with some details so I can assist you better?

Here are the details I need from you:

* What type of product are you looking to order (e.g. food, electronics, clothing)?
* What is your preferred delivery or pickup option?
* Do you have an account with us or would you like to sign up for one?
* What is your preferred payment method?
* Can you please provide me with your Order Number or {{Person Name}} so I can look up your order and assist you with it?",0.5468368220329285,"I'd be happy to help you place an order. Can you please provide me with some details so I can assist you better?

Here are the details I need from you:

* What type of product are you looking to order (e.g. food, electronics, clothing)?
* What is your preferred delivery or pickup option?
* Do you have an account with us or would you like to sign up for one?
* What is your preferred payment method?
* Can you please provide me with your Order Number or {{Order Number}} so I can look up your order?

Once I have this information, I'll do my best to assist you with placing your order.",1.09958589553833,0.1939393939393939,0.7894431,0.6028303,0.75097793,2.633358955383301,0.875,0.0,97,,0.0,0.0,,0.23728813559322037,0.80605847,0.62013644,0.77121544,2.452441930770874,0.8785046728971962,0.0,108,,0.0,0.0,
35,BKLZ,opdn {{Account Category}} account,ACCOUNT,create_account,"Wow! I'm thrilled to be a part of your journey to open a {{Account Category}} account. Kindly provide me with the necessary details such as your full name and contact information so that I can guide you through the process seamlessly. Your security and privacy are of utmost importance to us, so rest assured that your information will be handled with the utmost care and confidentiality. Let's get started on creating your exclusive {{Account Category}} account today!","I'm happy to help you with your account. To proceed, I need to confirm your account details. Could you please provide me with the following information:

* Your account number
* Your account holder's name ({{Person Name}})

Once I have this information, I can assist you with opening a new account in the {{Account Category}} category.",0.5468368220329285,"I'm happy to help you with your account. To proceed, I need to confirm your account details. Could you please provide me with the following information:

* Your account number
* Your account holder's name ({{Person Name}})

Once I have this information, I can assist you with opening a new account in the {{Account Category}} category.",1.09958589553833,0.2962962962962963,0.820742,0.5813149,0.8180244,2.92059588432312,0.9183673469387755,0.0,50,1.0,0.0,0.0,,0.2962962962962963,0.820742,0.5813149,0.8180244,2.92059588432312,0.9183673469387755,0.0,50,1.0,0.0,0.0,
36,BLP,I would like to add something to purchase {{Order Number}},ORDER,change_order,"Assuredly! I understand that you're looking to add something to your purchase with the number {{Order Number}}. To assist you with this, could you please provide me with the specific item you would like to add? This way, I can ensure that we make the necessary adjustments and process your request accurately. Your satisfaction is our utmost priority, and we're here to make sure your purchase meets your expectations.","I'm happy to help you with that. To add something to your purchase, I need to know a few more details. Could you please provide me with the following information:

* The item you would like to add to your purchase (e.g. {{Order Number}})
* The item's description or details
* The price of the item
* Any other relevant information

Once I have this information, I can assist you in adding the item to your purchase.",0.5468368220329285,"I'm happy to help you with that. To add something to your purchase, I need to know a few more details. Could you please provide me with the following information:

* The item you would like to add to your purchase (please specify the name of the item or the category it belongs to)
* The quantity you would like to add
* The price of the item you would like to add

Once I have this information, I can assist you in adding the item to your purchase.",1.09958589553833,0.3945578231292517,0.8400001,0.78893894,0.7490247,2.5017683506011963,0.9014084507042254,0.0,72,1.0,0.0,0.0,,0.36708860759493667,0.8312091,0.6474944,0.6425671,2.131913185119629,0.788235294117647,0.0,86,0.0,0.0,0.0,
37,BIL,what do I have to do to speak to customer assistance?,CONTACT,contact_customer_service,"Honored to assist! I'm clued in that you are seeking guidance on how to speak to our customer assistance team. To speak with our dedicated team, you can simply dial our {{Customer Support Phone Number}} during our {{Customer Support Hours}}. Alternatively, you can visit our website at {{Website URL}} and use the Live Chat feature to connect with a support representative. We strive to provide prompt and personalized assistance to address any questions or concerns you may have. Is there anything else I can assist you with?","To speak to customer assistance, you can follow these steps:

1. **Visit our website**: Go to our website ([www.yourcompany.com](http://www.yourcompany.com)) and click on the ""Contact Us"" or ""Help"" button.
2. **Fill out a contact form**: You can fill out a contact form on our website, providing us with your order number, customer name, and any relevant details.
3. **Call our customer service number**: You can call our customer service number at 1-800-{{Order Number}} (or 1-800-{{Person Name}}) to speak with a representative.
4. **Email us**: You can also email us at [{{Customer Service Email}}](mailto:{{Customer Service Email}). Please include your order number, customer name, and any relevant details.

Once you've contacted us, a customer assistance representative will be in touch with you to discuss your issue and provide a solution.",0.5468368220329285,"To speak to customer assistance, you can follow these steps:

1. **Visit our website**: Go to our website ([www.yourcompany.com](http://www.yourcompany.com)) and click on the ""Contact Us"" or ""Help"" button.
2. **Fill out a contact form**: You can fill out a contact form on our website, providing us with your order number, customer name, and any relevant details.
3. **Call our customer service number**: You can call our customer service number at 1-800-{{Order Number}} (or 1-800-{{Person Name}}) to speak with a representative.
4. **Email us**: You can also email us at [{{Customer Service Email}}](mailto:{{Customer Service Email}). Please include your order number and any relevant details.

Once you've contacted us, a customer assistance representative will be in touch with you to discuss your issue and provide a solution.",1.09958589553833,0.2280701754385965,0.78058946,0.76853514,0.7285359,2.341536521911621,0.7804878048780488,0.0,124,0.0,0.0,1.0,url:www.yourcompany.com](http://www.yourcompany.com,0.23008849557522124,0.78171176,0.76294774,0.72334087,2.386518716812134,0.8016528925619835,0.0,122,0.0,0.0,1.0,url:www.yourcompany.com](http://www.yourcompany.com
38,BLMQ,i have to find my bills from {{Person Name}},INVOICE,check_invoice,"I'm happy to help! I'm here to help you locate your bills related to {{Salutation}} {{Client Last Name}}. Could you please provide me with some additional information? Specifically, the date range or any other relevant details pertaining to the bills you are looking for. This will assist me in narrowing down the search and providing you with accurate results. Rest assured, I'm committed to guiding you every step of the way to ensure your satisfaction.","I'm not able to help you find your bills from {{Person Name}} as I don't have access to personal information or specific customer records. If you need to find your bills, I recommend contacting the company directly and asking them to provide you with the necessary information. They should be able to assist you in retrieving your bills. Is there anything else I can help you with?",0.5468368220329285,"I'm not able to help you find your bills from {{Person Name}} as I don't have access to personal information or specific customer records. If you need to find your bills, I recommend contacting the company directly and asking them to provide you with the necessary information. They should be able to assist you in retrieving your bills. Is there anything else I can help you with?",1.09958589553833,0.272108843537415,0.83148503,0.8359762,0.76659906,2.564239025115967,0.90625,0.0,65,0.0,0.0,0.0,,0.272108843537415,0.83148503,0.8359762,0.76659906,2.564239025115967,0.90625,0.0,65,0.0,0.0,0.0,
39,BL,I have got to check in which cases can I request refunds,REFUND,check_refund_policy,"Positively! I fully comprehend your need to determine the circumstances in which you can request a refund. Let me provide you with a comprehensive breakdown:

1. **Product/Service Defect:** If you receive a faulty or defective product, or if the service you receive does not meet the specifications or description, you usually qualify for a refund.
2. **Cancellation within Grace Period:** If you change your mind and decide to cancel your purchase within the specified grace period, you are typically eligible for a refund.
3. **Unauthorized Charges:** If you notice any charges on your account that you did not authorize or recognize, we will investigate and assist you in resolving the issue.
4. **Event Cancellation:** In the unfortunate event that a scheduled event is canceled and not rescheduled, you would usually be eligible for a refund.
5. **Duplicate Charges:** If you are billed multiple times for the same item or service, please inform us so we can rectify the situation promptly.
6. **Non-receipt of Goods:** If you have not received the ordered goods within the expected delivery timeframe, you may qualify for a refund.

It is important to note that refund policies may vary between vendors and service providers. We recommend consulting directly with them or reviewing their terms and conditions for a more detailed understanding. If you have any specific orders or concerns, please provide me with the necessary details such as the order number or any relevant information, and I will be happy to assist you further.

Your satisfaction is our top priority. Is there anything else I can assist you with today?","You can request a refund in the following cases:

1. **Incorrect or Damaged Product**: If the product you received is incorrect, damaged, or defective, you can request a refund.
2. **Poor Service or Quality**: If you're not satisfied with the service or quality of the product, you can request a refund.
3. **Product Not as Described**: If the product is not as described in the order, you can request a refund.
4. **Product Not Functional**: If the product is not functional as described, you can request a refund.
5. **Change of Mind**: If you change your mind about the product, you can request a refund.

To initiate a refund, please provide me with your Order Number or {{Order Number}} and the details of the case you're requesting a refund for. I'll be happy to assist you.",0.5468368220329285,"You can request a refund in the following cases:

1. **Incorrect or Damaged Product**: If the product you received is incorrect, damaged, or defective, you can request a refund.
2. **Poor Service or Quality**: If you're not satisfied with the service or quality of the product, you can request a refund.
3. **Product Not as Described**: If the product is not as described in the order, you can request a refund.
4. **Product Not Functional**: If the product is not functional as described, you can request a refund.
5. **Change of Mind**: If you change your mind about the product, you can request a refund.

To initiate a refund, please provide me with your Order Number or {{Order Number}} and the details of the case you're requesting a refund for. I'll be happy to assist you.",1.09958589553833,0.291358024691358,0.839007,0.66859126,0.69276834,1.887465238571167,0.671875,0.0,129,,0.0,0.0,,0.291358024691358,0.83900696,0.66859126,0.69276834,1.887465238571167,0.671875,0.0,129,,0.0,0.0,
40,BILQ,how to check at what time i can reach customer service,CONTACT,contact_customer_service,"Always good to connect! I'm attuned to the fact that you would like to know the operating hours for our customer service team. To provide you with the most accurate information, could you please provide me with the name of the specific company you are referring to? Once I have that, I will be able to assist you with the exact contact hours.","To check the availability of customer service, I recommend the following options:

1. **Phone**: You can call our customer service number {{Customer Service Number}}. Our team will be happy to assist you.
2. **Email**: You can send an email to our customer service email address {{Customer Service Email}}. We will respond to your email as soon as possible.
3. **Live Chat**: You can also try our live chat feature {{Customer Service Chat}}. We are available to chat with you 24/7.

Alternatively, you can also check our website for the following options:

1. **Check Availability**: You can visit our website and click on the ""Contact Us"" tab. Then, select the ""Customer Service"" option and follow the prompts to check our availability.
2. **Schedule a Call**: You can schedule a call with our customer service team by visiting our website and clicking on the ""Schedule a Call"" button.

Please note that our customer service team is available to assist you during the following hours:

* Monday to Friday: 9:00 AM to 5:00 PM (EST)
* Saturday and Sunday: 10:00 AM to 4:00 PM (EST)

Please provide me with your Order Number or Person Name so I can assist you further.",0.5468368220329285,"To check the availability of customer service, I recommend the following options:

1. **Phone**: You can call our customer service number {{Customer Service Number}}. Our team will be happy to assist you.
2. **Email**: You can send an email to our customer service email address {{Customer Service Email Address}}. We'll respond to your email as soon as possible.
3. **Live Chat**: You can also try our live chat feature, available on our website. Just click on the ""Chat with us"" button on our website and we'll be happy to help you.

Alternatively, you can also check our website for the following options:

1. **""Help"" Tab**: Click on the ""Help"" tab on our website and you'll find a list of available contact options, including phone, email, and live chat.
2. **""Contact Us"" Page**: Our website has a ""Contact Us"" page where you can find the contact information for our customer service team.

Please let me know which option you prefer, or if you have any other questions.",1.09958589553833,0.16603773584905662,0.7351071,0.7082616,0.5101638,1.820214867591858,0.7954545454545454,0.0,177,,1.0,0.0,,0.15450643776824036,0.7424354,0.48496917,0.4476081,1.9658666849136353,0.8169934640522876,0.0,154,,1.0,0.0,
41,BL,I have to file a customer reclamation,FEEDBACK,complaint,"I'm sorry to hear that you need to file a customer reclamation. I understand the importance of resolving any issues you've encountered. To assist you with this process, could you please provide me with the details of your reclamation? This will enable us to thoroughly investigate and address your concerns. Your feedback is valuable to us, and we appreciate your patience as we work towards a resolution. How may I assist you further in filing your customer reclamation?","I'm here to help. To proceed with filing a customer reclamation, I'll need some information from you. Could you please provide me with the following details:

* The order number or case number associated with the customer reclamation
* A brief description of the issue or problem you're experiencing with the product
* Any relevant details or screenshots that may help resolve the issue

Once I have this information, I'll do my best to assist you in filing a successful customer reclamation.",0.5468368220329285,"I'm here to help. To proceed with filing a customer reclamation, I'll need some information from you. Could you please provide me with the following details:

* The order number or case number associated with the customer reclamation
* A brief description of the issue or problem you're experiencing with the product
* Any relevant details or screenshots that may help resolve the issue

Once I have this information, I'll do my best to assist you in filing a successful customer reclamation.",1.09958589553833,0.3435582822085889,0.8229006,0.7920707,0.88969845,2.743868350982666,0.9230769230769231,0.0,79,,0.0,0.0,,0.3435582822085889,0.8229006,0.7920707,0.88969845,2.743868350982666,0.9230769230769231,0.0,79,,0.0,0.0,
42,BLQZ,i dont know how to check ther status of purchase {{Order Number}},ORDER,track_order,"Happy to hear from you! I truly understand that you need assistance with checking the status of your purchase with the order number {{Order Number}}. I'm here to help guide you through the process. To get the latest update on your purchase, you can visit the '{{Order Status}}' section on our website. If you have any further questions or encounter any difficulties, please feel free to let me know. Helping you is my priority!","I'm happy to help you with that. To check the status of your purchase, you can try the following options:

1. **Check your email**: Look for an email from the merchant with a subject line like ""Order Update"" or ""Purchase Confirmation"". This email should have a link to view the status of your order.
2. **Visit the merchant's website**: Check the merchant's website and look for the ""Order Status"" or ""Tracking"" section. You can usually find this information on the top right corner of the page.
3. **Use the merchant's app**: If you purchased through the merchant's app, you can check the app for the status of your order.
4. **Contact the merchant's customer service**: If none of the above options work, you can contact the merchant's customer service department and ask about the status of your order.

Remember to have your order number handy when trying these options.",0.5468368220329285,"I'm happy to help you with that. To check the status of your purchase, you can try the following options:

1. **Check your email**: Look for an email from the merchant with a subject line like ""Order Update"" or ""Purchase Confirmation"". This email should have a link to view the status of your order.
2. **Visit the merchant's website**: Check the merchant's website and look for the ""Order Status"" or ""Tracking"" section. You can usually find this information on the top right corner of the page.
3. **Use the merchant's app**: If you purchased through the merchant's app, you can check the app for the status of your order.
4. **Contact the merchant's customer service**: If none of the above options work, you can contact the merchant's customer service department and ask about the status of your order.

Remember to have your order number handy when trying these options.",1.09958589553833,0.21645021645021645,0.77545744,0.69344896,0.67725635,2.2287750244140625,0.7916666666666666,0.0,145,0.0,0.0,0.0,,0.21645021645021645,0.77545744,0.69344896,0.67725635,2.2287750244140625,0.7916666666666666,0.0,145,0.0,0.0,0.0,
43,BELQZ,i do not kow what to do to check the allowed payment methods,PAYMENT,check_payment_methods,"Not a problem at all! I'm here to guide you step by step on how to check the allowed payment methods. To view our available payment methods, follow these simple instructions:

1. Visit our website and navigate to the ""Payment Options"" or ""Checkout"" page.
2. On the payment page, you will find a section labeled ""Accepted Payment Methods"" or something similar.
3. Click on that section, and it will expand to show you the list of payment methods we accept.
4. You will see options like credit/debit cards, PayPal, bank transfers, and more.

If you're still unable to find the information or if you have any specific questions about our payment methods, please don't hesitate to let me know. I'm here to assist you every step of the way!","You can check your allowed payment methods by following these steps:

1. Log in to your account on our website.
2. Click on the 'Account' or 'Settings' dropdown menu.
3. Select 'Payment Methods' from the menu.
4. You will see a list of your current payment methods. You can view or edit them here.

If you're having trouble accessing your account or need help with the process, please contact our customer service team for assistance.",0.5468368220329285,"You can check your allowed payment methods by following these steps:

1. Log in to your account on our website.
2. Click on the 'Account' or 'Settings' dropdown menu.
3. Select 'Payment Methods' from the menu.
4. You will see a list of your current payment methods. You can view or edit them here.

If you're having trouble accessing your account or need help with the process, please contact our customer service team for assistance.",1.09958589553833,0.2666666666666666,0.83099264,0.82615614,0.8251517,2.3297533988952637,0.9285714285714286,0.0,71,,0.0,0.0,,0.2666666666666666,0.83099264,0.82615614,0.8251517,2.3297533988952637,0.9285714285714286,0.0,71,,0.0,0.0,
44,BL,I want to make a customer reclamation against your business,FEEDBACK,complaint,"I'm sorry to hear that you would like to make a customer reclamation against our business. I understand how important it is for you to address your concerns and have them resolved. Could you please provide me with more details about the issue you encountered? Your feedback is crucial to us, and we take it seriously. Rest assured that I will do everything in my power to ensure a swift and satisfactory resolution.","I'm happy to help you with your concern. To start, I'd like to clarify that I don't have any information about a customer complaint against our business. However, I can guide you through the process.

To proceed, could you please provide me with the following information:

* The customer's name and order number (if available)
* A detailed description of the issue or concern
* The date and time of the issue
* Any relevant communication or interactions with our business

Once I have this information, I'll do my best to assist you in resolving the issue and potentially reclaiming the customer.",0.5468368220329285,"I'm happy to help you with your concern. To resolve the issue, I'll need to know more about your experience. Could you please provide me with the following information:

* The order number or customer ID of the customer who is seeking a reclamation against our business?
* A brief description of the issue or concern you're experiencing?
* The date and time of the issue, if applicable?

Once I have this information, I'll do my best to assist you in resolving the issue and reclaiming the customer.",1.09958589553833,0.327683615819209,0.8115187,0.4423849,0.6065756,2.610062837600708,0.9587628865979382,0.0,98,,0.0,0.0,,0.28220858895705525,0.82435805,0.6809971,0.8486892,2.6749355792999268,0.9285714285714286,0.0,85,,0.0,0.0,
45,BL,I want assistance seeing what payment methods are accepted,PAYMENT,check_payment_methods,"Thank you for your interest in our accepted payment methods. We strive to provide a seamless and convenient payment experience for our valued customers. Here is a detailed list of the payment methods we currently accept:

- Credit/Debit Card: We accept all major credit and debit cards such as Visa, Mastercard, and American Express. This allows you to make secure payments online or in-store.
- PayPal: A widely recognized and trusted online payment platform that provides a secure and convenient way to make payments.
- Bank Transfer: You can make direct payments from your bank account to complete your purchases.
- Mobile Payment Apps: We also accept popular mobile payment apps like Apple Pay and Google Pay, enabling you to make quick and contactless payments using your mobile device.

Please note that the availability of payment methods might vary based on your location and the type of purchase. If you have any further questions or need assistance with a specific payment method, feel free to let us know. We're here to help!","I'd be happy to help you with that. To provide you with the payment methods we accept, I need to know a bit more information from you. Could you please provide me with your Order Number or {{Order Number}} or {{Person Name}} so I can look up the payment information?",0.5468368220329285,"I'd be happy to help you with that. To provide you with the payment methods we accept, I need to know a bit more information from you. Could you please provide me with your Order Number or {{Order Number}} or {{Person Name}} so I can look up the payment information?",1.09958589553833,0.14414414414414414,0.7396926,0.71281254,0.5551902,2.9773201942443848,0.9555555555555556,0.0,46,,0.0,0.0,,0.14414414414414414,0.7396926,0.71281254,0.5551902,2.9773201942443848,0.9555555555555556,0.0,46,,0.0,0.0,
46,BCLNPQWZ,i cant sign up I'd ilke to inform of a bloody signup problem,ACCOUNT,registration_problems,"Thank you for bringing this issue to our attention. I'm truly sorry to hear that you're facing difficulties with signing up. We understand how frustrating this can be, and we appreciate your patience. To better assist you, could you please provide more details about the specific problems you encountered during the signup process? Any additional information you can provide will help us investigate and resolve the issue swiftly. Rest assured, we are committed to ensuring a seamless signup experience for all our users, and we will do our utmost to assist you.","I'm here to help. Can you please provide me with your Order Number or {{Order Number}} so I can better assist you with signing up? Additionally, could you please tell me what issue you're experiencing with signing up? Is it related to the app or website?",0.5468368220329285,"I'm here to help. Can you please provide me with your Order Number or {{Order Number}} so I can better assist you with signing up? Additionally, could you please tell me what issue you're experiencing with signing up? Is it related to the app or website?",1.09958589553833,0.19718309859154928,0.7917333,0.52036905,0.62157845,3.194145441055298,0.9302325581395349,0.0,44,,0.0,0.0,,0.19718309859154928,0.79173326,0.52036905,0.62157845,3.194145441055298,0.9302325581395349,0.0,44,,0.0,0.0,
47,BL,I have got to recover the PIN of my user,ACCOUNT,recover_password,"I'll make it happen! I'm here to guide you through the process of recovering your user PIN, ensuring a seamless and secure experience.

To get started, follow these steps:

1. Visit our platform's ""{{Login Page URL}}"" and locate the ""{{Forgot PIN}}"" option.
2. Click on it, and you will be directed to the PIN recovery page.
3. Provide the necessary information, such as your username or email address associated with your user account.
4. Once you've submitted the required details, you should receive an email with instructions on how to reset your PIN.
5. Make sure to keep an eye on your inbox (including your spam or junk folders) for the email.
6. Follow the instructions within the email carefully to set up a new PIN for your user account.

If you encounter any difficulties or have further questions, please don't hesitate to reach out. I am here to assist you and ensure a smooth resolution to all your concerns.","I'm not able to help you recover your user's PIN. If you're trying to regain access to your account, I recommend contacting the company's customer service department directly. They should be able to provide you with the necessary information to recover your PIN.

If you need help with something else, please let me know. I'm here to assist you.",0.5468368220329285,"I'm not able to help you recover your user's PIN. If you're trying to regain access to your account, I recommend contacting the company's customer service department directly. They should be able to provide you with the necessary information to recover your PIN.

If you need help with something else, please let me know. I'm here to assist you.",1.09958589553833,0.23580786026200876,0.7968453,0.8819635,0.83038765,2.150585889816284,0.9482758620689655,0.0,59,0.0,0.0,0.0,,0.23580786026200876,0.7968453,0.8819635,0.83038765,2.150585889816284,0.9482758620689655,0.0,59,0.0,0.0,0.0,
48,BIL,what do I need to do to talk with a person?,CONTACT,contact_human_agent,"Thank you for getting in touch! 🌟 I understand that you are looking for assistance on how to talk with a person. Our goal is to provide you with the best support possible. To talk with a person, you can reach out to our customer service team through various channels like phone, email, or live chat. Let me know which channel you prefer, so I can guide you accordingly and ensure a seamless connection with one of our dedicated representatives. Your satisfaction is our priority, and we are here to help you every step of the way.","To have a conversation with a person, you'll need to follow these steps:

1. **Start with a greeting**: Begin by saying hello and introducing yourself. This helps establish a friendly tone and sets the stage for the conversation.
2. **Ask open-ended questions**: Ask questions that encourage the other person to share their thoughts, feelings, or experiences. Avoid yes/no questions, and instead, ask open-ended questions that begin with what, how, or why.
3. **Listen actively**: Pay close attention to what the other person is saying, and show that you're engaged in the conversation. This means maintaining eye contact, nodding, and summarizing what they've said.
4. **Be respectful and empathetic**: Be mindful of the other person's feelings and perspectives. Avoid being judgmental, critical, or insensitive, and try to understand their point of view.
5. **Keep the conversation balanced**: Make sure the conversation is balanced between you and the other person. This means sharing your thoughts and experiences, but also listening actively and responding thoughtfully.
6. **Avoid interrupting**: Allow the other person to finish speaking before you respond. This helps prevent interruptions and ensures that you're not cutting them off.
7. **Be patient and flexible**: Conversations can take unexpected turns, and things may not always go as planned. Be patient, flexible, and willing to adapt to",0.5468368220329285,"To have a conversation with a person, you'll need to follow these steps:

1. **Start with a greeting**: Begin by saying hello and introducing yourself. This helps establish a friendly tone and sets the stage for the conversation.
2. **Ask open-ended questions**: Ask questions that encourage the other person to share their thoughts, feelings, or experiences. Avoid yes/no questions, and instead, ask open-ended questions that begin with what, how, or why.
3. **Listen actively**: Pay close attention to what the other person is saying, and show that you're engaged in the conversation. This means maintaining eye contact, nodding, and summarizing what they've said.
4. **Be respectful and empathetic**: Be mindful of the other person's feelings and perspectives. Avoid being judgmental, critical, or insensitive, and try to understand their point of view.
5. **Keep the conversation balanced**: Make sure the conversation is balanced between you and the other person. This means sharing your thoughts and experiences, but also listening actively and responding thoughtfully.
6. **Avoid interrupting**: Allow the other person to finish speaking before you respond. This helps prevent interruptions and ensures that you're not cutting them off.
7. **Be patient and flexible**: Conversations can take unexpected turns, and things may not always go as planned. Be patient, flexible, and willing to adapt to",1.09958589553833,0.1198738170347003,0.720294,0.6774973,0.507953,2.3557515144348145,0.9038461538461539,0.0,209,,0.0,0.0,,0.1198738170347003,0.720294,0.6774973,0.507953,2.3557515144348145,0.9038461538461539,0.0,209,,0.0,0.0,
49,BIL,where do I restore my PIN code?,ACCOUNT,recover_password,"Ah, I understand that you're seeking to restore your PIN code. Let me guide you on this journey to regain access!

To restore your PIN code, you'll need to follow these steps:

1. Visit our website and navigate to the login page.
2. Locate the option for ""Forgot PIN"" and click on it.
3. A verification process may be required to ensure the security of your account.
4. Once verified, you'll be directed to a page where you can create a new PIN code.
5. Choose a PIN code that is both secure and memorable for you.
6. Finally, confirm your new PIN code, and it will be successfully restored.

If you encounter any difficulties or have additional questions, do not hesitate to reach out to our dedicated support team. We're here to assist you every step of the way!""","To restore your PIN code, I'll need to know a few more details from you. Could you please provide me with your Order Number or {{Order Number}} and {{Person Name}} so I can guide you through the process?",0.5468368220329285,"To restore your PIN code, I'll need to know a few more details from you. Could you please provide me with your Order Number or {{Order Number}} and {{Person Name}} so I can guide you through the process?",1.09958589553833,0.16393442622950818,0.75994176,0.78717154,0.79010665,3.2516984939575195,1.0,0.0,34,,0.0,0.0,,0.16393442622950818,0.75994176,0.78717154,0.79010665,3.2516984939575195,1.0,0.0,34,,0.0,0.0,
50,BLMQ,i have to receive rebates of money,REFUND,get_refund,"Absolutely! I understand that you are in need of receiving rebates for your money. I'm here to guide you through the process and ensure that you get the assistance you need. To get started, could you please provide me with some more details about your situation? Specifically, it would be helpful to know which product or service you are referring to and any relevant transaction information. This will enable me to provide you with accurate instructions on how to proceed with your rebate request. Rest assured, with your cooperation, we will work together to resolve this and ensure you receive the rebates you are entitled to.","I'm happy to help you with your inquiry. To process your rebate, I'll need some information from you. Could you please provide me with the following details:

* Your Order Number or {{Order Number}}
* Your {{Person Name}} (if applicable)
* The type of rebate you're requesting (e.g., credit card, purchase, etc.)
* The amount of the rebate you're seeking

Please provide this information, and I'll do my best to assist you in receiving your rebate.",0.5468368220329285,"I'm happy to help you with your inquiry. To process your rebate, I'll need some information from you. Could you please provide me with the following details:

* Your Order Number or {{Order Number}}
* Your {{Person Name}} (if applicable)
* The type of rebate you're requesting (e.g., credit card, purchase, etc.)
* The amount of the rebate you're seeking

Please provide this information, and I'll do my best to assist you in receiving your rebate.",1.09958589553833,0.2486486486486487,0.8118854,0.7391814,0.794333,2.587682008743286,0.9558823529411765,0.0,69,,0.0,0.0,,0.2486486486486487,0.8118854,0.7391814,0.794333,2.587682008743286,0.9558823529411765,0.0,69,,0.0,0.0,
51,BLQZ,want assistance to see how soon can i expectr my shipment,DELIVERY,delivery_period,"We understand your eagerness to track the estimated delivery time of your shipment. To provide you with the most accurate information, could you please provide us with the {{Tracking Number}} or {{Order Number}}? With these details, we will be able to give you a precise estimate of when you can expect your shipment to arrive. Thank you for your patience and cooperation!","I'd be happy to help you track your shipment. To provide you with the most accurate information, I need to know a few more details. Could you please provide me with the following information:

* Your Order Number
* Your {{Person Name}}'s name
* The shipping address you're trying to track to

Once I have this information, I can look up your shipment and provide you with an estimated delivery date.",0.5468368220329285,"I'd be happy to help you track your shipment. To provide you with the most accurate information, I need to know a few more details. Could you please provide me with the following information:

* Your Order Number or {{Order Number}}
* Your {{Person Name}}'s name
* The shipping method you used (e.g. USPS, UPS, FedEx)
* The shipping address you provided

Once I have this information, I can try to provide you with an estimated delivery date for your shipment.",1.09958589553833,0.37593984962406013,0.8555077,0.61231446,0.8429992,2.771275043487549,0.9242424242424242,0.0,67,0.0,0.0,0.0,,0.40845070422535207,0.85659647,0.64384395,0.8341602,2.6190929412841797,0.9054054054054054,0.0,75,0.5,0.0,0.0,
52,BILMQZ,where do i notify of issuse with signup,ACCOUNT,registration_problems,"Thank you for reaching out to us to report the issue you encountered during the signup process. We appreciate your proactive approach in notifying us about this matter. To provide us with the details of the signup issue, please visit our support page or contact our customer support team directly through our helpline or live chat. Rest assured, our dedicated team will promptly address the issue and work towards resolving it for you. Your valuable feedback helps us enhance our services and ensure a seamless signup experience for all users.","To notify of an issue with your signup, I recommend the following options:

1. **Email**: You can email our customer service team at {{Email Address}}. Please include your order number or customer name in the subject line and a brief description of the issue you're experiencing.
2. **Phone**: You can call our customer service number at {{Phone Number}}. Our team will be happy to assist you with your issue.
3. **Chat**: If you're using our website, you can click on the ""Help"" button and select ""Chat"" to start a conversation with our customer service representative.

Please provide me with your order number or customer name, and I'll do my best to assist you with your issue.",0.5468368220329285,"To notify of an issue with your signup, I recommend the following options:

1. **Email**: You can email our customer service team at {{Email Address}}. Please include your order number or customer name in the subject line and a brief description of the issue you're experiencing.
2. **Phone**: You can call our customer service number at {{Phone Number}}. Our team will be happy to assist you with your issue.
3. **Chat**: If you're using our website, you can click on the ""Help"" button and select ""Chat"" to start a conversation with our customer service representative.

Please provide me with your order number or customer name, and I'll do my best to assist you with your issue.",1.09958589553833,0.19138755980861244,0.77459645,0.5136303,0.7021041,2.21745228767395,0.8333333333333334,0.0,109,,1.0,0.0,,0.19138755980861244,0.77459645,0.5136303,0.7021041,2.21745228767395,0.8333333333333334,0.0,109,,1.0,0.0,
53,BLZ,I have to see in whzt cases can I request to be reimbursed,REFUND,check_refund_policy,"Definitely! I understand your need to delve into the situations where you can seek reimbursement. Allow me to provide you with a comprehensive breakdown of the cases where you may be eligible for a refund:

1. **Product/Service Defect:** If the product or service you've purchased has a defect or doesn't meet the description provided, you can request a refund.
2. **Cancellation within Grace Period:** Should you change your mind and decide to cancel your purchase within the grace period specified by the company, you should be entitled to a refund.
3. **Unauthorized Charges:** If you come across any charges that you didn't authorize or that seem unfamiliar, please notify us immediately. We will investigate the issue and assist you accordingly.
4. **Event Cancellation:** If you have purchased tickets for an event that gets canceled without a rescheduled date, a refund is usually offered.
5. **Duplicate Charges:** In the event that you have been charged more than once for the same item, please inform us, and we will promptly resolve the issue, which often includes a refund.
6. **Non-receipt of Goods:** If you have not received your purchased item within the expected timeframe, you may qualify for a refund.

It's essential to note that the refund policies may vary slightly depending on the vendor or service provider. I would recommend reviewing the terms and conditions or contacting the specific vendor for further clarity. If you have any specific questions or concerns regarding an order, feel free to provide me with the necessary details, such as the {{Order Number}}, so that I can assist you more effectively.

Your satisfaction and understanding are our top priorities. Is there anything else I can assist you with?","I'm happy to help you with your question. As a customer service assistant, I can tell you that you can request reimbursement in various situations. Here are some examples:

1. **Medical expenses**: If you incur medical expenses, such as doctor visits, hospital stays, or medication, you can request reimbursement from your insurance provider or the healthcare provider.
2. **Travel expenses**: If you've incurred travel expenses, such as flights, hotels, or rental cars, you can request reimbursement from your airline, hotel, or rental car company.
3. **Purchase of a vehicle**: If you've purchased a vehicle, you can request reimbursement from the seller or the dealership.
4. **Home improvement or repair**: If you've incurred expenses for home improvement or repair, such as materials, labor, or permits, you can request reimbursement from the supplier or contractor.
5. **Business expenses**: If you've incurred business expenses, such as equipment, supplies, or travel, you can request reimbursement from your business or organization.
6. **Charitable donations**: If you've made charitable donations, you can request reimbursement from the organization or the donor.
7. **Pet expenses**: If you've incurred expenses for your pets, such as food, vet bills, or pet supplies, you can request reimbursement from the supplier or breeder.
8. **Education or training**: If you've incurred expenses for education",0.5468368220329285,"I'm happy to help you with your question. As a customer service assistant, I can tell you that you can request reimbursement in various situations. Here are some examples:

1. **Medical expenses**: If you incur medical expenses, such as doctor visits, hospital stays, or medication, you can request reimbursement from your insurance provider.
2. **Travel expenses**: If you have travel expenses, such as flights, hotels, or rental cars, you can request reimbursement from your airline, hotel, or rental car company.
3. **Purchase of personal items**: If you purchase personal items, such as clothing, accessories, or electronics, you can request reimbursement from the retailer.
4. **Event or ticket expenses**: If you attend events, such as concerts, sporting events, or festivals, or purchase tickets, you can request reimbursement from the event organizers or ticket sellers.
5. **Car expenses**: If you use your car for business or personal purposes, you can request reimbursement from your employer or car insurance provider.
6. **Food and beverage expenses**: If you incur expenses related to food and beverages, such as dining out or ordering takeout, you can request reimbursement from your employer or a food delivery service.
7. **Pet expenses**: If you have pets and incur expenses related to their care, such as pet food, vet bills, or pet-sitting services, you can request reimbursement from your",1.09958589553833,0.17357001972386588,0.80450165,0.48072705,0.5004388,1.7813105583190918,0.6633663366336634,0.0,203,0.0,0.0,0.0,,0.18467583497053047,0.7977968,0.40481773,0.55889505,1.8148175477981567,0.7028301886792453,0.0,213,0.0,0.0,0.0,
54,BIL,can you show me the current status of my refund?,REFUND,track_refund,Assuredly! I completely understand your eagerness to know the current status of your refund. Let me quickly check that for you. Please bear with me for a moment while I gather the information. Thank you for your patience and I'll provide you with the most up-to-date details on your refund shortly.,"I'm happy to help you with that. However, I need to clarify a few things. As your customer service representative, I don't have direct access to your account or refund status. But I can guide you through the process to get the information you need.

To initiate the process, I'll need to know a few details from you. Could you please provide me with your Order Number or {{Order Number}} and {{Person Name}} (if you'd like to share that information with me)? This will help me to better understand your query and provide you with the most accurate information.

Once I have this information, I can try to provide you with the current status of your refund. If there are any issues or delays, I'll do my best to inform you and keep you updated.",0.5468368220329285,"I'm happy to help you with that. However, I need to clarify a few things. As your customer service representative, I don't have access to your account or any personal details. I can only provide you with general information and guidance.

To get the current status of your refund, I recommend the following steps:

1. Please check your email or the website's refund section for the most up-to-date information.
2. If you're still unsure, you can contact our customer support team directly, and we'll be happy to assist you.

Once we have the necessary information, we should be able to provide you with a clear and concise update on the status of your refund.",1.09958589553833,0.1958762886597938,0.797039,0.6724919,0.74325967,2.3102657794952393,0.9307692307692308,0.0,131,,0.0,0.0,,0.25142857142857145,0.8147312,0.735277,0.777907,2.184133291244507,0.9380530973451328,0.0,114,,0.0,0.0,
55,BCILQZ,wana use the {{Account Category}} profile how can i do it,ACCOUNT,switch_account,"I'll do my best! I'm thrilled by your decision to experience all the incredible advantages the {{Account Category}} profile has to offer. Allow me to guide you through the process with joy and enthusiasm:

1. Sign In: Begin by logging into our platform using your credentials.
2. Navigate to Your Account: Once you're logged in, locate the '{{Settings}}' or '{{Profile}}' section within our platform.
3. Find Upgrade Options: Within the account settings or profile section, you'll discover an option labeled '{{Upgrade Account}}' or '{{Account Change}}'. Click on this option to proceed.
4. Upgrade to {{Account Category}}: From the list of available account types, select '{{Profile Type}}' as your desired account type.
5. Follow On-screen Prompts: Proceed by following the on-screen instructions and prompts to finalize the upgrade process.

If any concerns arise or if you have any additional questions, feel free to reach out to me. I'm here to ensure that your journey towards the {{Account Category}} profile is seamless and fulfilling. Enjoy the incredible benefits that await you as a {{Account Category}} user!","I'm happy to help you with that. To use the {{Account Category}} profile, I need to know a bit more information from you. Could you please provide me with the following details:

* Your account category (e.g. Business, Personal, Student, etc.)
* Your account number (if you have one)
* The type of profile you're looking to use (e.g. basic, advanced, etc.)

Once I have this information, I'll be able to guide you through the process of creating or editing your {{Account Category}} profile.",0.5468368220329285,"I'm happy to help you with that. To use the {{Account Category}} profile, I need to know a bit more information from you. Could you please provide me with the following details:

* Your account category (e.g. Business, Personal, Student, etc.)
* Your account number (if you have one)
* The type of profile you're looking to use (e.g. basic, advanced, etc.)

Once I have this information, I'll be able to guide you through the process of creating or editing your {{Account Category}} profile.",1.09958589553833,0.1947565543071161,0.77868426,0.83175015,0.71363467,2.3951668739318848,0.9615384615384616,0.0,79,0.16666666666666666,0.0,0.0,,0.1947565543071161,0.77868426,0.83175015,0.71363467,2.3951668739318848,0.9615384615384616,0.0,79,0.16666666666666666,0.0,0.0,
56,BLQ,wanna check at what time i can reach customer assistance,CONTACT,contact_customer_service,"Thank you for reaching out! I understand your desire to check the hours when you can reach our customer assistance. Our dedicated team is available for your support during our customer support hours. You can contact us between {{Customer Support Start Time}} and {{Customer Support End Time}}. If you have any other questions or concerns, please don't hesitate to let me know. I'm here to assist you in any way I can.","Our customer assistance team is available to help you during the following hours:

- Monday: 9:00 AM - 5:00 PM (EST)
- Tuesday: 9:00 AM - 5:00 PM (EST)
- Wednesday: 9:00 AM - 5:00 PM (EST)
- Thursday: 9:00 AM - 5:00 PM (EST)
- Friday: 9:00 AM - 4:00 PM (EST)

If none of these times work for you, please let us know and we'll do our best to accommodate your request.",0.5468368220329285,"Our customer assistance team is available to help you during the following hours:

- Monday: 9:00 AM - 5:00 PM (EST)
- Tuesday: 9:00 AM - 5:00 PM (EST)
- Wednesday: 9:00 AM - 5:00 PM (EST)
- Thursday: 9:00 AM - 5:00 PM (EST)
- Friday: 9:00 AM - 4:00 PM (EST)

If none of these times work for you, please let us know and we'll do our best to accommodate your request.",1.09958589553833,0.1879194630872483,0.720061,0.6937921,0.6266339,1.278828740119934,0.8490566037735849,0.0,54,0.0,0.0,0.0,,0.1879194630872483,0.720061,0.6937921,0.6266339,1.278828740119934,0.8490566037735849,0.0,54,0.0,0.0,0.0,
57,BL,I want assistance to contact customer support,CONTACT,contact_customer_service,"We're listening! I'm keyed into the fact that you need assistance in contacting our customer support team. We're here to help! To connect with us, you can reach out through our {{Customer Support Phone Number}} during our customer support hours, which are {{Customer Support Hours}}. Alternatively, you can visit our website at {{Website URL}} and access our Live Chat feature for immediate assistance. Our knowledgeable team is ready to address any questions or concerns you may have. Feel free to ask away, and we'll be happy to assist you!","I'm happy to help you with contacting customer support. To assist you, I need to know a few details. Could you please provide me with your Order Number or {{Order Number}} and {{Person Name}} (if applicable)? This will allow me to direct your inquiry to the correct department.",0.5468368220329285,"I'm happy to help you with contacting customer support. To assist you, I need to know a few details. Could you please provide me with your Order Number or {{Order Number}} and {{Person Name}} (if applicable)? This will allow me to direct your inquiry to the correct department.",1.09958589553833,0.18309859154929578,0.8204213,0.6672863,0.549232,3.020512580871582,1.0,0.0,44,0.0,0.0,0.0,,0.18309859154929578,0.8204212,0.6672863,0.549232,3.020512580871582,1.0,0.0,44,0.0,0.0,0.0,
58,BL,help me to sign up to the corporate newsletter,SUBSCRIPTION,newsletter_subscription,"That's wonderful to hear that you're interested in signing up for our corporate newsletter! It's a great way to stay connected and receive updates on the latest news, events, and exclusive offers from our company. To assist you with the sign-up process, could you please provide me with your email address? I'll ensure that you're subscribed right away. Rest assured, we value your privacy and will handle your information with the utmost care.","I'd be happy to help you sign up for the corporate newsletter. To sign up, I'll need to know a few details from you. Could you please provide me with the following information:

* Your name (or the name you'd like to be associated with)
* Your email address
* Your corporate employee ID or username (if applicable)
* The reason for signing up for the newsletter (optional, but helpful for me to understand your needs)

Once I have this information, I can assist you in signing up for the corporate newsletter.",0.5468368220329285,"I'd be happy to help you sign up for the corporate newsletter. To sign up, I'll need to know a few details from you. Could you please provide me with the following information:

* Your name (or the name you'd like to use for the newsletter)
* Your email address (or the email address you'd like to use for the newsletter)
* Your corporate department or team (if you're unsure, please let me know and I can try to find it for you)

Once I have this information, I can assist you with signing up for the corporate newsletter.",1.09958589553833,0.27058823529411763,0.8058098,0.8993335,0.8613469,2.485746383666992,0.9080459770114943,0.0,88,,0.0,0.0,,0.2777777777777778,0.80636925,0.89383864,0.8637717,2.200329303741455,0.8315789473684211,0.0,96,,0.0,0.0,
59,BEL,I do not know what to do to modify my shipping address,SHIPPING,change_shipping_address,"I understand your concern. To modify your shipping address, please follow these steps:

1. Login to your account on our website.
2. Go to the ""My Account"" section.
3. Select the ""Address Book"" option.
4. Find the shipping address you want to modify and click on ""Edit.""
5. Update the necessary details such as the street address, city, state, and zip code.
6. Click on ""Save"" to confirm the changes.

If you face any issues or need further assistance, don't hesitate to reach out to our customer support team. They will be more than happy to help you with the address modification process.","I'm here to help. To modify your shipping address, I need to know a few more details from you. Could you please provide me with the following information:

* Your Order Number (if you have it)
* Your Person Name (if you have it)
* The new shipping address you'd like to use (including the street address, city, state, and zip code)

Once I have this information, I can guide you through the process of updating your shipping address.",0.5468368220329285,"I'm here to help. To modify your shipping address, I need to know a few more details from you. Could you please provide me with the following information:

* Your Order Number (if you have it)
* Your Person Name (if you have it)
* The new shipping address you'd like to use (including the street address, city, state, and zip code)

Once I have this information, I can guide you through the process of updating your shipping address.",1.09958589553833,0.27472527472527475,0.80234176,0.8348837,0.9192708,2.384150981903076,0.92,0.0,76,,0.0,0.0,,0.27472527472527475,0.80234176,0.8348837,0.9192708,2.384150981903076,0.92,0.0,76,,0.0,0.0,
60,BL,help to retrieve my user PIN,ACCOUNT,recover_password,"I'm happy to help! I'm here to provide you with guidance on retrieving your user PIN. Here's what you can do:

1. Begin by visiting the ""{{Login Page URL}}"" of our platform.
2. Look for the option that says ""{{Forgot PIN}}"" and click on it.
3. You may be prompted to verify your identity through an email or SMS verification code. Follow the instructions provided to complete the verification process.
4. Once you've successfully verified your identity, you should have the option to reset your PIN. Click on the reset button or follow the steps provided.
5. Create a new PIN that is secure and easy for you to remember. Avoid using easily guessable numbers or personal information.

If you encounter any difficulties during this process or have any additional questions, don't hesitate to let me know. I'm here to assist you every step of the way!""","To retrieve your user PIN, I need to know a few more details from you. Could you please provide me with the following information:

* Your Order Number (if you have it)
* Your {{Person Name}} (if you have it)
* The email address associated with your account

Once I have this information, I can assist you in retrieving your user PIN.",0.5468368220329285,"To retrieve your user PIN, I need to know a few more details from you. Could you please provide me with the following information:

* Your Order Number (if you have it)
* Your {{Person Name}} (if you have it)
* The email address associated with your account

Once I have this information, I can assist you in retrieving your user PIN.",1.09958589553833,0.18867924528301888,0.7860417,0.89649403,0.8398789,2.643134593963623,0.9107142857142857,0.0,57,0.0,0.0,0.0,,0.18867924528301888,0.7860417,0.89649403,0.8398789,2.643134593963623,0.9107142857142857,0.0,57,0.0,0.0,0.0,
61,BLZ,I have to see what payment methods you acecpt,PAYMENT,check_payment_methods,"I'll get right on it! I'm here to assist you in exploring the payment methods we accept. To provide convenience for our valued customers, we offer a wide variety of payment options. Here is a summary of our accepted payment methods:

- Credit/Debit Card: We accept major cards like Visa, Mastercard, and American Express.
- PayPal: A popular and secure online payment method.
- Bank Transfer: You can make direct payments from your bank account.
- Apple Pay: An easy and secure way for Apple users to make payments.
- Google Pay: Google's convenient payment system for fast and easy checkouts.

These methods offer flexibility and security, catering to different customer preferences. If you require further information or assistance with any of these methods, please don't hesitate to let me know. Your satisfaction is our top priority, and we're here to support you every step of the way.","We accept the following payment methods:

- Credit/Debit Cards (Visa, Mastercard, Amex)
- Debit Cards
- PayPal
- Bank Transfers
- Cheques

If you have any questions or need assistance with a specific payment method, please let me know and I'll be happy to help.",0.5468368220329285,"We accept the following payment methods:

- Credit/Debit Cards (Visa, Mastercard, Amex)
- Debit Cards
- PayPal
- Bank Transfers
- Cheques

If you have any questions or need assistance with a specific payment method, please let me know and I'll be happy to help.",1.09958589553833,0.2513089005235602,0.8163532,0.7010344,0.7871309,2.086361885070801,0.975,0.0,41,,0.0,0.0,,0.2513089005235602,0.8163532,0.7010344,0.7871309,2.086361885070801,0.975,0.0,41,,0.0,0.0,
62,BL,I try to correct order {{Order Number}},ORDER,change_order,We understand that you are trying to correct order number {{Order Number}}. We're here to assist you with that. Could you kindly provide us with more details about the specific correction you would like to make? This will help us ensure that we address your concerns accurately and provide you with the necessary guidance.,"I'm happy to help you with your order. However, I need to clarify that I don't have any information about your order, including the order number. Could you please provide me with the order number so I can assist you better?",0.5468368220329285,"I'm happy to help you with your order. However, I need to clarify that I don't have any information about your order, including the order number. Could you please provide me with the order number so I can assist you better?",1.09958589553833,0.22448979591836737,0.81056315,0.6284822,0.6719302,2.2969865798950195,0.925,0.0,41,0.0,0.0,0.0,,0.22448979591836737,0.81056315,0.6284822,0.6719302,2.2969865798950195,0.925,0.0,41,0.0,0.0,0.0,
63,BILM,where can I ask for restitutions of my money?,REFUND,get_refund,"I understand your desire to know where you can ask for restitutions of your money. Rest assured, I'm here to guide you through the process. To begin, may I ask if you have any specific company or service in mind that you would like to request a refund from? Providing this information will help me provide you with more accurate instructions on how and where to ask for restitutions.","I'm happy to help you with that. You can contact the following places to request a refund for your money:

1. Your bank's customer service number or email: You can reach out to your bank's customer service department via phone or email to request a refund.
2. The payment provider's customer service: If you used a specific payment method, such as a credit card or PayPal, you can contact their customer service department to request a refund.
3. The website's refund policy: Check the website's refund policy to see if it allows for a refund or if there are any specific procedures to follow.
4. The payment platform's customer service: If you used a specific payment platform, such as a mobile app or online store, you can contact their customer service department to request a refund.

Some examples of places where you can ask for a refund include:

* Bank of America (1-800-432-1000)
* Visa (1-800-847-6289)
* Mastercard (1-800-633-8288)
* PayPal (1-855-934-2670)
* Your bank's website (visit your bank's website for more information)

Remember to keep a record of your conversation, including the date, time, and reference number (if applicable). This will help you track the progress of your request.",0.5468368220329285,"I'm happy to help you with that. You can contact the following places to request a refund for your money:

1. Your bank's customer service number or email: You can reach out to your bank's customer service department via phone or email to request a refund.
2. The payment provider's customer service: If you used a specific payment method, such as a credit card or PayPal, you can contact their customer service department to request a refund.
3. The website's refund policy: Check the website's refund policy to see if it allows for a refund or if there are any specific procedures to follow.
4. The payment platform's customer service: If you used a specific payment platform, such as a mobile app or online store, you can contact their customer service department to request a refund.

Some examples of places where you can ask for a refund include:

* Bank of America (customer service number)
* Visa or Mastercard (customer service email)
* PayPal (customer service email)
* Your bank's website (refund policy)
* The website of the payment method you used (refund policy)

Remember to keep a record of your conversation, including the date, time, and details of what was discussed. This will help you track the progress of your request.",1.09958589553833,0.1678321678321678,0.73662513,0.43263182,0.63144857,2.2060041427612305,0.7365591397849462,0.0,187,,0.0,1.0,phone:1-800-432-1000; phone:1-800-847-6289; phone:1-800-633-8288; phone:1-855-934-2670,0.16842105263157894,0.75064677,0.41627377,0.6325791,2.2294106483459473,0.7178217821782178,0.0,203,,0.0,0.0,
64,BLMQ,want assistance to get my invoices from {{Person Name}},INVOICE,get_invoice,"I realized that you need assistance with accessing invoices from {{Salutation}} {{Client Last Name}}. Don't worry, I'm here to help you with that. To get your invoices, you can follow these steps:

1. Log in to your account on our website using your credentials.
2. Navigate to the ""Invoices"" section or a similar option.
3. Look for the option to filter or search invoices by name or date range.
4. Enter the necessary details such as the client's name ({{Person Name}}) or any other relevant information to filter the invoices.
5. Once you've applied the filter, you should be able to see the list of invoices associated with {{Person Name}}.
6. Click on the desired invoice to view its details or download a copy.

If you encounter any difficulties or have further questions along the way, please feel free to reach out to me. I'm more than happy to assist you.","I'm happy to help you with that. To get started, could you please provide me with the following information:

* Your {{Order Number}}
* The invoice you're trying to access from {{Person Name}}
* Any specific issues or concerns you're experiencing while trying to view the invoice?

Once I have this information, I'll do my best to assist you in retrieving the invoice.",0.5468368220329285,"I'm happy to help you with that. To get started, could you please provide me with the following information:

* Your {{Order Number}}
* The invoice you're trying to access from {{Person Name}}
* Any specific issues or concerns you're experiencing while trying to view the invoice?

Once I have this information, I'll do my best to assist you in retrieving the invoice.",1.09958589553833,0.24545454545454545,0.8204027,0.8000032,0.7372365,2.901679039001465,0.9454545454545454,0.0,56,0.3333333333333333,0.0,0.0,,0.24545454545454545,0.8204027,0.8000032,0.7372365,2.901679039001465,0.9454545454545454,0.0,56,0.3333333333333333,0.0,0.0,
65,BELMQZ,i cannot find the early termination chaarges,CANCEL,check_cancellation_fee,I apologize for the inconvenience. Let me assist you in locating the information about the early termination charges for your account. Please provide me with your account details so that I can access the necessary information and guide you accordingly.,"I'm here to help. I noticed that you're trying to find the Early Termination Charge (ETC) for your {{Order Number}}. Unfortunately, I don't have access to your account or the specific details of your order.

To find the ETC, I recommend checking the following places:

1. Your email or online account for the ETC invoice.
2. Your bank or credit card statement for the ETC.
3. The contact information provided by your service provider or the merchant who sold you the service.

If you could provide me with the {{Order Number}} or a brief description of the service you're trying to cancel, I'd be happy to help you find the ETC.",0.5468368220329285,"I'm here to help. I noticed that you're trying to find the Early Termination Charge (ETC) for your {{Order Number}}. Unfortunately, I don't have access to your account or the specific details of your order.

To find the ETC, I recommend checking the following places:

1. Your email or online account for the ETC invoice.
2. Your bank or credit card statement for the ETC.
3. The contact information provided by your service provider or the merchant who sold you the service.

If you could provide me with the {{Order Number}} or a brief description of the service you're trying to cancel, I'd be happy to help you find the ETC.",1.09958589553833,0.19230769230769235,0.77922803,0.5346689,0.6774923,2.6455318927764893,0.883495145631068,0.0,104,,0.0,0.0,,0.19230769230769235,0.77922803,0.5346689,0.6774923,2.6455318927764893,0.883495145631068,0.0,104,,0.0,0.0,
66,BEL,I cannot modify the delivery address,SHIPPING,change_shipping_address,"I apologize for the inconvenience you are facing in modifying the delivery address. Please provide me with the details of the address that you want to change, and I will assist you in making the necessary modifications.",I'm sorry to hear that you're having trouble with delivery. I'm here to help. Can you please provide me with your Order Number or {{Order Number}} so I can look into this further and see what options are available to you?,0.5468368220329285,I'm sorry to hear that you're having trouble with delivery. I'm here to help. Can you please provide me with your Order Number or {{Order Number}} so I can look into this further and see what options are available to you?,1.09958589553833,0.22222222222222227,0.7917212,0.56079614,0.5439035,2.775886297225952,1.0,0.0,39,,0.0,0.0,,0.22222222222222227,0.7917212,0.56079614,0.5439035,2.775886297225952,1.0,0.0,39,,0.0,0.0,
67,BEL,I do not know what I need to do to send my feedback,FEEDBACK,review,"Thank you for expressing your interest in providing feedback. Sending your feedback is a straightforward process. Let me guide you through the steps:

1. Visit our website and navigate to the ""Contact Us"" or ""Feedback"" section.
2. There, you will find a form or an email address dedicated to feedback submission.
3. Fill out the form or compose an email, detailing your experience, suggestions, or any other feedback you would like to share.
4. If there are specific categories or areas you would like to address, please mention them in your feedback to help us better understand your concerns.
5. Once you have provided all the necessary information, click ""Submit"" or send your email.

Rest assured that your feedback will be received and reviewed by the appropriate department. We greatly appreciate your contribution to enhancing our services. If you face any difficulties or have any further questions, please don't hesitate to let me know.","To help you with sending your feedback, could you please provide me with the following information:

* Your Order Number (if you have it)
* Your Person's Name (if you have it)
* The type of product or service you purchased (if you have it)
* A brief description of what you are looking to do with your feedback (if you have it)

Once I have this information, I can guide you through the process of sending your feedback.",0.5468368220329285,"To help you with sending your feedback, could you please provide me with the following information:

* Your Order Number (if you have it)
* Your Person's Name (if you have it)
* The type of product or service you purchased (if you have it)
* A brief description of what you are looking to do with your feedback (if you have it)

Once I have this information, I can guide you through the process of sending your feedback.",1.09958589553833,0.18181818181818185,0.7681453,0.71466804,0.75442076,2.235973596572876,0.8378378378378378,0.0,75,,0.0,0.0,,0.18181818181818185,0.7681453,0.71466804,0.75442076,2.235973596572876,0.8378378378378378,0.0,75,,0.0,0.0,
68,BEL,I do not know how I can check the accepted payment methods,PAYMENT,check_payment_methods,"No worries, I'm here to assist you with checking the accepted payment methods. To access the list of our accepted payment methods, you can visit our website and navigate to the ""Payment Options"" or ""Checkout"" section. Alternatively, you can reach out to our customer support team who will be happy to provide you with the necessary information. Just let them know that you would like to know the available payment methods, and they will guide you through the process. We want to ensure that you have no difficulties in understanding and choosing the payment method that suits you best.","I'm here to help. To check your accepted payment methods, I need to know a few more details from you. Could you please provide me with the following information:

* Your Order Number
* Your Person Name

Once I have this information, I can guide you through the process of checking your payment methods.",0.5468368220329285,"I'm here to help. To check your accepted payment methods, I need to know a few more details from you. Could you please provide me with the following information:

* Your Order Number
* Your Person Name

Once I have this information, I can guide you through the process of checking your payment methods.",1.09958589553833,0.2875816993464052,0.82453763,0.85714054,0.8865293,2.679568290710449,0.9803921568627451,0.0,52,,0.0,0.0,,0.2875816993464052,0.82453763,0.85714054,0.8865293,2.679568290710449,0.9803921568627451,0.0,52,,0.0,0.0,
69,BILQ,can i subscribe to ur corporate newsletter,SUBSCRIPTION,newsletter_subscription,"I'll take care of it! Thank you for expressing interest in subscribing to our corporate newsletter. It's a great way to stay updated on our latest news, promotions, and exclusive offers specifically tailored for our valued corporate customers. To get you started, could you kindly provide me with your email address? Rest assured, we prioritize the privacy and security of your information. Once subscribed, you'll be part of our community and receive regular updates that can benefit you and your organization. Is there anything specific you're interested in hearing about in our newsletters? Your insights will help us provide you with valuable and relevant content.","Thank you for considering our corporate newsletter. Yes, you can subscribe to our newsletter. To sign up, please provide your email address and a preferred frequency of updates. We will send you a confirmation email with a link to our newsletter.",0.5468368220329285,"Thank you for considering our corporate newsletter. Yes, you can subscribe to our newsletter. To sign up, please provide your email address and a preferred frequency of updates. We will send you a confirmation email with a link to our newsletter.",1.09958589553833,0.25333333333333335,0.83084255,0.83955383,0.7346374,2.543139934539795,0.95,0.0,41,,0.0,0.0,,0.25333333333333335,0.83084255,0.83955383,0.7346374,2.543139934539795,0.95,0.0,41,,0.0,0.0,
70,BLW,I don't know how I can chat with a bloody live agent,CONTACT,contact_human_agent,"Thank you for reaching out! I completely understand that you are frustrated and unsure about how to chat with a live agent. I apologize for any inconvenience caused. Rest assured, I am here to help you resolve this issue as quickly as possible. To chat with a live agent, you can typically find a ""Live Chat"" or ""Chat Support"" option on our website. Alternatively, you can provide me with your contact details, and I'll arrange for a support representative to reach out to you directly.",I'm here to help. I can guide you through the process of contacting a live agent. Can you please provide me with your Order Number or {{Order Number}} so I can assist you better?,0.5468368220329285,I'm here to help. I can guide you through the process of contacting a live agent. Can you please provide me with your Order Number or {{Order Number}} so I can assist you better?,1.09958589553833,0.2644628099173553,0.798344,0.5019523,0.6780818,3.185716390609741,0.967741935483871,0.0,32,,0.0,0.0,,0.2644628099173553,0.798344,0.5019523,0.6780818,3.185716390609741,0.967741935483871,0.0,32,,0.0,0.0,
71,BL,I don't know how to remove my premium account,ACCOUNT,delete_account,"We're here to help about your premium account removal. I understand that you're unsure of the process, and I'm here to guide you through it. To remove your premium account, you can go to the account settings section on our website or contact our customer support team who will assist you further. It's important to us that you feel supported and have a smooth experience. Let me know if there's anything else I can assist you with.","I'm here to help. To remove your premium account, I'll need to know a few more details from you. Could you please provide me with the following information:

* Your account number or customer ID
* The date you want to remove the premium account from
* The reason why you want to remove the premium account (if applicable)

Please note that I'll need to verify your identity and confirm that you want to remove the premium account. This will help us ensure that we're following the correct procedures.

If you have any questions or concerns, feel free to ask, and I'll do my best to assist you.",0.5468368220329285,"I'm here to help. To remove your premium account, I'll need to know a few more details from you. Could you please provide me with the following information:

* Your account number or customer ID
* The date you want to remove the premium account from
* The reason why you want to remove the premium account (if applicable)

Please note that I'll need to verify your identity and confirm that you want to remove the premium account. This will help us ensure that we're following the correct procedures.

If you have any questions or concerns, feel free to ask, and I'll do my best to assist you.",1.09958589553833,0.2916666666666667,0.8198466,0.88403344,0.9293249,2.1704976558685303,0.8461538461538461,0.0,105,,0.0,0.0,,0.2916666666666667,0.8198466,0.88403344,0.9293249,2.1704976558685303,0.8461538461538461,0.0,105,,0.0,0.0,
72,BCILQZ,i have to reset my user account pwd how cn i do it,ACCOUNT,recover_password,"Assuredly! I understand that you need to reset your user account password. Let me assist you with the steps to do it:

1. Visit our platform's login page by navigating to the ""{{Login Page URL}}"".
2. Look for the option that says ""{{Forgot Password}}"" and click on it.
3. You will be prompted to provide your email address linked to your user account. Enter it carefully.
4. Shortly after, you should receive an email with detailed instructions on how to reset your password. Please make sure to also check your spam or junk folders, just in case.
5. Follow the instructions provided in the email to create a new password for your user account.

If you encounter any difficulties or if you don't receive the email within a reasonable time, please don't hesitate to contact me. I'm here to support you throughout the process and ensure you regain access to your user account as quickly as possible.","To reset your user account password, you can follow these steps:

1. Log in to your account on our website.
2. Click on the ""Forgot Password"" link on the login page.
3. Enter your {{Order Number}} or {{Person Name}} and follow the prompts to reset your password.
4. You will receive an email with a reset link. Click on the link to set up a new password.

Alternatively, you can also contact our customer service team via phone or email to have your password reset. Our team will be happy to assist you in setting up a new password.",0.5468368220329285,"To reset your user account password, you can follow these steps:

1. Log in to your account on our website.
2. Click on the ""Forgot Password"" link on the login page.
3. Enter your {{Order Number}} or {{Person Name}} and follow the prompts to reset your password.
4. You will receive an email with a reset link. Click on the link to set up a new password.

Alternatively, you can also contact our customer service team via phone or email to have your password reset. Our team will be happy to assist you in setting up a new password.",1.09958589553833,0.2846153846153846,0.8463952,0.69189405,0.79704696,2.152916669845581,0.8777777777777778,0.0,91,0.0,0.0,0.0,,0.2846153846153846,0.8463952,0.69189405,0.79704696,2.152916669845581,0.8777777777777778,0.0,91,0.0,0.0,0.0,
73,BCIL,"I have to receive your newsletter, how do I do it?",SUBSCRIPTION,newsletter_subscription,"That's great to hear that you're interested in receiving our newsletter! I'd be more than happy to guide you through the subscription process. To start receiving our informative content, simply visit our website and navigate to the newsletter subscription page. There, you'll find an easy-to-use form where you can enter your email address and submit your subscription request. Once you've subscribed, you'll start receiving our newsletter directly to your inbox, keeping you up-to-date with all the latest updates, promotions, and valuable insights. If you have any further questions or need assistance, feel free to reach out to our support team. We're here to help you make the most out of your newsletter subscription journey!","I'm glad you're interested in our newsletter. To receive our newsletter, you can follow these steps:

1. Visit our website at [website URL].
2. Click on the ""Newsletter"" or ""Subscribe"" button at the top right corner of the page.
3. Enter your email address and provide your name (or other details as requested).
4. Click on the ""Subscribe"" button to confirm your subscription.

Alternatively, you can also sign up for our newsletter on our social media platforms or through our mobile app.

If you're already a subscriber, you should receive our latest newsletter in your inbox. If you have any questions or need assistance, please don't hesitate to contact us.",0.5468368220329285,"I'm glad you're interested in our newsletter. To receive our newsletter, you can follow these steps:

1. Visit our website at [website URL].
2. Click on the ""Newsletter"" or ""Subscribe"" button at the top right corner of the page.
3. Enter your email address and provide your name (or other details as requested).
4. Click on the ""Subscribe"" button to confirm your subscription.

Alternatively, you can also sign up for our newsletter on our social media platforms or through our mobile app.

If you're already a subscriber, you should receive our latest newsletter in your inbox. If you have any questions or need assistance, please don't hesitate to contact us.",1.09958589553833,0.3263598326359833,0.8226322,0.7945223,0.9006099,2.0527565479278564,0.9333333333333333,0.0,106,,0.0,0.0,,0.3263598326359833,0.8226322,0.7945223,0.9006099,2.0527565479278564,0.9333333333333333,0.0,106,,0.0,0.0,
74,BL,information about the removal of my {{Account Category}} account,ACCOUNT,delete_account,"Thank you for contacting about the removal of your {{Account Category}} account. I understand that you are seeking information regarding the cancellation process. We strive to make this process as seamless as possible for our valued customers. To assist you further, could you please provide me with your account details such as your username or email address associated with the {{Account Category}} account? This will enable me to provide you with accurate and personalized information regarding the removal process and any potential consequences. Rest assured, our team is here to guide you through every step and ensure your satisfaction with our services.","I'm happy to help you with your account-related query. To better assist you, I need to know a few more details. Could you please provide me with the following information:

* Your account category (e.g., credit card, loan, insurance, etc.) {{Account Category}}
* The account number associated with your {{Account Category}} account {{Order Number}}
* The date you would like to request the removal of your account {{Date of Request}}

Once I have this information, I can provide you with more detailed instructions on the removal process and any necessary steps to take.",0.5468368220329285,"I'm happy to help you with your account-related query. To better assist you, I need to know a few more details. Could you please provide me with the following information:

* Your account category (e.g., credit card, loan, insurance, etc.) {{Account Category}}
* The account number associated with your {{Account Category}} account {{Order Number}}
* The date you would like to request the removal of your account {{Date of Request}}

Once I have this information, I can provide you with more detailed instructions on the removal process and any necessary steps to take.",1.09958589553833,0.29743589743589743,0.8370216,0.71913373,0.7247635,2.592585802078247,0.926829268292683,0.0,83,1.0,1.0,0.0,,0.29743589743589743,0.8370216,0.71913373,0.7247635,2.592585802078247,0.926829268292683,0.0,83,1.0,1.0,0.0,
75,BL,I need assistance to locate order {{Order Number}},ORDER,track_order,"Happy to hear from you! I truly understand that you need assistance in locating your order with the order number {{Order Number}}. I apologize for any inconvenience caused by the confusion. To help you with this, I kindly request you to provide me with some additional information such as the name associated with the order or any other relevant details. Once I have this information, I will be able to assist you further in locating your order successfully.","I'm here to help. Can you please provide me with the following information to locate your order {{Order Number}}?

* Order Number: {{Order Number}}
* Order Date: {{Order Date}}
* Order Type: {{Order Type}}
* Customer Name: {{Customer Name}}
* Email Address: {{Email Address}}
* Phone Number: {{Phone Number}}
* Address: {{Address}}

Once I have this information, I'll do my best to locate your order for you.",0.5468368220329285,"I'm here to help. Can you please provide me with the following information to locate your order {{Order Number}}?

* Order Number: {{Order Number}}
* Order Date: {{Order Date}}
* Order Type: {{Order Type}}
* Customer Name: {{Customer Name}}
* Email Address: {{Email Address}}
* Phone Number: {{Phone Number}}
* Address: {{Address}}

Once I have this information, I'll do my best to locate your order for you.",1.09958589553833,0.2857142857142857,0.8114783,0.6364515,0.7113355,2.4038915634155273,0.9318181818181818,0.0,45,1.0,1.0,0.0,,0.2857142857142857,0.8114783,0.6364515,0.7113355,2.4038915634155273,0.9318181818181818,0.0,45,1.0,1.0,0.0,
76,BIL,how to make a complaint against your organization?,FEEDBACK,complaint,"I acknowledge that you're seeking information on how to make a complaint against our organization. Making a complaint is an important step towards resolving any concerns or issues you may have. To ensure that your complaint is properly addressed, I recommend following these steps:

1. Gather Information: Before making a complaint, gather all relevant details, including the nature of the issue, any supporting evidence, and details of any interactions related to the problem.

2. Contact Customer Support: Reach out to our dedicated customer support team either through email, phone, or live chat. They will guide you through the process and provide you with the necessary assistance to file your complaint.

3. Provide Detailed Information: Clearly explain the reason for your complaint, providing specific details and supporting evidence where applicable. The more information you provide, the better we can understand and investigate the issue.

4. Escalate if Needed: If you feel that your initial complaint has not been adequately addressed, you may request to escalate the matter to a supervisor or manager. This will ensure that your concerns are given the utmost attention.

5. Follow Up: After filing your complaint, it's essential to follow up to check on the progress of the investigation. This demonstrates your commitment to resolving the issue and allows us to keep you informed of any developments or resolutions.

Please be assured that we take every complaint seriously and are committed to resolving them in a fair and timely manner. Our goal is to provide you with the best possible resolution and improve our services based on your feedback. Thank you for bringing your concerns to our attention.","To file a complaint against our organization, please follow these steps:

1. **Contact our Customer Service Department**: Reach out to us through our official website or by calling our main number. You can find the contact details on our website.

2. **Provide your complaint details**: When you contact us, please provide us with the following information:
- Your Order Number (if you have it)
- Your Name and Contact Information (so we can verify your identity)
- A clear description of the issue you're experiencing
- Any relevant dates, times, or events related to the issue

3. **Submit your complaint online**: If you prefer to submit your complaint online, you can do so through our website. Please make sure to include all the necessary details and follow the instructions carefully.

4. **Fill out our complaint form**: If you prefer to fill out a physical complaint form, you can download one from our website or request one from our customer service department.

5. **Submit your complaint via email or mail**: If you prefer to submit your complaint via email or mail, please use the contact details provided on our website.

Once we receive your complaint, we will investigate it thoroughly and respond to you in a timely manner. If we need more information or clarification from you, we will contact you.

We value your feedback and would like to resolve your issue as quickly and efficiently",0.5468368220329285,"To file a complaint against our organization, please follow these steps:

1. **Contact our Customer Service Department**: Reach out to us through our official website or by calling our main number. You can find the contact details on our website.

2. **Provide your complaint details**: When you contact us, please provide us with the following information:
- Your Order Number (if you have it)
- Your Name and Contact Information (so we can verify your identity)
- A clear description of the issue you're experiencing
- Any relevant dates, times, or events related to the issue

3. **Submit your complaint online**: If you prefer to submit your complaint online, you can do so through our website. Please make sure to include all the necessary details and follow the instructions carefully.

4. **Fill out our complaint form**: If you prefer to fill out a physical complaint form, you can download one from our website or request one from our customer service department.

5. **Submit your complaint via email or mail**: If you prefer to submit your complaint via email or mail, please use the contact details provided on our website.

Once we receive your complaint, we will investigate it thoroughly and respond to you in a timely manner. If we need more information or clarification from you, we will contact you.

We value your feedback and would like to resolve your issue as quickly and efficiently",1.09958589553833,0.23762376237623764,0.81442237,0.6596296,0.77936757,1.9241809844970703,0.8177777777777778,0.0,226,,0.0,0.0,,0.23762376237623764,0.81442237,0.6596296,0.77936757,1.9241809844970703,0.8177777777777778,0.0,226,,0.0,0.0,
77,BLZ,I want help making a ucstomer claim against your company,FEEDBACK,complaint,"I'm sorry to hear that you want to make a customer claim against our company. Please accept my sincere apologies for any inconvenience or dissatisfaction you may have experienced. I assure you that your concerns are important to us, and we are committed to resolving them promptly and to your satisfaction. To assist you with your claim, could you please provide me with the details of the issue you encountered? This will enable us to better understand the situation and take the necessary steps to address it. Thank you for bringing this to our attention, and I appreciate your patience as we work towards a resolution.","I'm happy to assist you. To get started, I need some information from you. Could you please provide me with the following details:

* Your Order Number or Order Reference Number
* Your Customer Name or Order Information
* A brief description of the issue or problem you're experiencing
* Any relevant dates, times, or events related to the issue

Please provide this information, and I'll do my best to guide you through the process of filing a claim against our company.",0.5468368220329285,"I'm happy to assist you. To get started, I need some information from you. Could you please provide me with the following details:

* Your Order Number or Order Reference Number
* Your Customer Name or Order Information
* A brief description of the issue or problem you're experiencing
* Any relevant dates, times, or events related to the issue

Once I have this information, I'll do my best to guide you through the process of filing a claim against our company. If you're not comfortable sharing this information, I can also try to find alternative ways to assist you.",1.09958589553833,0.2659574468085107,0.8110673,0.6275396,0.75855505,2.811082124710083,0.961038961038961,0.0,78,,0.0,0.0,,0.24154589371980675,0.80531865,0.6072412,0.7618527,2.714022159576416,0.9473684210526315,0.0,96,,0.0,0.0,
78,BQZ,i need assistance to checck ur money back policy,REFUND,check_refund_policy,"Sure! I understand that you would like some guidance on our money back policy. Our company has a comprehensive refund policy in place to ensure the satisfaction of our valued customers like you. Here are some key points:

1. **Timeframe for Refunds:** We typically offer refunds within 30 days of the purchase date. However, some products or services may have specific refund periods, so it's important to review the terms and conditions for each item.

2. **Conditions for Refunds:** To request a refund, the product or service should be in its original condition and packaging, with no signs of wear or damage. Additionally, any accessories, manuals, or promotional items should be returned as well.

3. **Refund Process:** If you meet the refund criteria, you can initiate the refund process by contacting our customer support team. They will guide you through the necessary steps to ensure a smooth and hassle-free refund.

4. **Refund Methods:** Depending on the original payment method, refunds are typically processed back to the original payment source. In some cases, we may offer store credits or gift cards as an alternative refund option.

5. **Exceptions to Refunds:** Certain products or services, such as digital downloads or personalized items, may have specific refund restrictions. It's important to review the product or service details for any exceptions or limitations.

Remember, if you have any specific questions or concerns regarding our money back policy, please provide me with more details so that I can provide you with the most accurate information. Your satisfaction is our priority, and we want to ensure that you have a positive experience with us.

Is there anything else I can assist you with regarding our refund policy?","I'm happy to help you with your money back policy inquiry. To better assist you, I need to know a few more details. Could you please provide me with your Order Number or {{Order Number}} and {{Person Name}} so I can look into your specific case?",0.5468368220329285,"I'm happy to help you with your money back policy inquiry. To better assist you, I need to know a few more details. Could you please provide me with your Order Number or {{Order Number}} and {{Person Name}} so I can look into your specific case?",1.09958589553833,0.1148036253776435,0.73308605,0.75338537,0.5339334,3.2377889156341553,0.975609756097561,0.0,42,,0.0,0.0,,0.1148036253776435,0.73308605,0.75338537,0.5339334,3.2377889156341553,0.975609756097561,0.0,42,,0.0,0.0,
79,BCIL,"I want to see the ETA of order {{Order Number}}, how do I do it?",ORDER,track_order,"Thank you for reaching out! I completely understand that you would like to check the Estimated Time of Arrival (ETA) for order number {{Order Number}} {{Order Number}}. To view the ETA of your order, I recommend visiting our website and navigating to the '{{Order Status}}' or '{{Order Tracking}}' section. There, you'll find the most up-to-date information about the status and ETA of your order. If you need any further assistance or have any other questions, feel free to ask. I'm here to help you every step of the way!","To view the estimated delivery time (ETA) for your order {{Order Number}}, you can follow these steps:

1. Log in to your account on our website.
2. Click on the ""Order"" tab at the top of the page.
3. Select the order you want to view the ETA for from the list.
4. Once you've selected the order, click on the ""View Order Details"" button.
5. On the order details page, you'll see the following information:
- Order status (e.g., ""Shipped"", ""Out for Delivery"", etc.)
- Estimated delivery time (ETA) - This is the estimated time it takes for your order to arrive.

If you're unable to find the ETA for your order, please let me know the order number and I'll be happy to assist you further.",0.5468368220329285,"To view the estimated delivery time (ETA) for your order {{Order Number}}, you can follow these steps:

1. Log in to your account on our website.
2. Click on the ""Order"" tab at the top of the page.
3. Select the order you want to view the ETA for from the list.
4. Once you've selected the order, click on the ""View Order Details"" button.
5. On the order details page, look for the ""Estimated Delivery Time"" or ""ETA"" section.
6. The ETA will be displayed for your order.

If you're unable to find the ETA, please contact our customer service team, and we'll be happy to assist you.",1.09958589553833,0.2869955156950673,0.8038677,0.64658844,0.86569256,2.241816520690918,0.8135593220338984,0.0,119,0.3333333333333333,0.0,0.0,,0.2731707317073171,0.803465,0.6922128,0.879045,2.211648941040039,0.82,0.0,101,0.3333333333333333,0.0,0.0,
80,BKL,update information on premium account,ACCOUNT,edit_account,"How fascinating it is to witness your commitment to updating the information on your premium account!I'm here to provide you with the necessary guidance and support throughout this process. To update your premium account information, you can log in to your account on our website and navigate to the account settings section. From there, you should be able to find options to modify your personal details, such as name, address, or payment information. If you encounter any difficulties or have specific questions, our dedicated customer support team is just a call or message away. They are available {{Customer Support Hours}} at {{Customer Support Phone Number}} or through the Live Chat on our website at {{Website URL}}. Just remember to avoid sharing any sensitive information in public channels like this one. Together, we'll ensure a seamless and secure update of your premium account details.","I'm happy to help you with your request. However, I need to clarify that I don't have access to your premium account information or subscription details. I can only provide general guidance on how to update your account information.

To update your premium account information, please follow these steps:

1. Log in to your account on our website.
2. Click on your profile picture or the three dots next to your name.
3. Select 'Account Settings' from the dropdown menu.
4. Scroll down to the 'Account Information' section.
5. Update your account details, including your name, email address, and phone number.

If you need more assistance or have any questions, feel free to ask.",0.5468368220329285,"I'm happy to help you with your request. However, I need to clarify that I don't have access to your premium account information or subscription details. I'm a large language model, I don't have the capability to access or modify your account data.

If you could provide me with more information about your premium account, such as your account number or the specific details you'd like to update, I'd be more than happy to assist you. Alternatively, you can also contact our premium account support team directly for assistance.",1.09958589553833,0.2900763358778625,0.8209997,0.8463275,0.8991456,2.1640212535858154,0.8796296296296297,0.0,109,0.0,0.0,0.0,,0.1991701244813278,0.81451434,0.7855497,0.7799362,2.441023826599121,0.9204545454545454,0.0,89,0.0,0.0,0.0,
81,BLQ,i want help to change the info on my user,ACCOUNT,edit_account,How wonderful it is to embark on the transformative journey of updating the information on your esteemed user profile!I'm here to provide you with the necessary guidance and support to ensure that your user details accurately reflect your preferences and requirements. Let's work together to make the desired changes and enhance your user experience. Could you please let me know specifically which information you would like to update?,"I'm here to assist you. To better understand your request, could you please provide me with the following information:

* The current username or user name you want to change?
* The new username or user name you would like to use?
* Any specific details or preferences you have regarding the change (e.g. password policy, security questions, etc.)?

Please let me know and I'll do my best to assist you.",0.5468368220329285,"I'm here to assist you. To better understand your request, could you please provide me with the following information:

* The current username or user name you want to change?
* The new username or user name you would like to use?
* Any specific details or preferences you have regarding the change (e.g. password policy, security questions, etc.)?

Please let me know and I'll do my best to assist you.",1.09958589553833,0.2535211267605634,0.80554295,0.65171844,0.5433546,2.5179836750030518,0.9117647058823529,0.0,69,,0.0,0.0,,0.2535211267605634,0.80554295,0.65171844,0.5433546,2.5179836750030518,0.9117647058823529,0.0,69,,0.0,0.0,
82,BL,there is a problem modifying the shipping address,SHIPPING,change_shipping_address,"I apologize for the inconvenience. If you are experiencing difficulties updating your shipping address, please contact our customer support team and we will assist you in resolving the problem promptly.","I'm here to help. I see that there's a problem with modifying the shipping address. Can you please provide more information about the issue you're experiencing? What specific problem are you facing, and what steps have you taken so far to try and resolve it? I'll do my best to assist you.",0.5468368220329285,"I'm here to help. I see that there's a problem with modifying the shipping address. Can you please provide more information about the issue you're experiencing? What specific problem are you facing, and what steps have you taken so far to try and resolve it? I'll do my best to assist you.",1.09958589553833,0.18604651162790697,0.7909453,0.83626664,0.8669994,2.366056442260742,1.0,0.0,52,,0.0,0.0,,0.18604651162790697,0.79094535,0.83626664,0.8669994,2.366056442260742,1.0,0.0,52,,0.0,0.0,
83,BLQ,i dont know what i need to do to remove the freemium account,ACCOUNT,delete_account,"I get that you're unsure about the process of removing your freemium account. Don't worry, I'm here to assist you every step of the way. To remove your freemium account, you can follow these simple steps:

1. Log in to your account on our website.
2. Navigate to your account settings or profile page.
3. Look for an option or button related to account removal or cancellation.
4. Click on the option/button, and you may be prompted to confirm your decision.
5. Follow any additional instructions provided to complete the removal process.

If you encounter any difficulties or have further questions, please feel free to let me know. I'm here to ensure that your freemium account removal goes smoothly and that you have a positive experience throughout the process.","I'm here to help. To remove your Freemium account, I'll need to know a bit more information from you. Could you please provide me with the following details:

1. Your account email or username associated with the Freemium account.
2. The type of device or platform you're using (e.g., desktop, mobile, tablet, or laptop).
3. The exact steps you've taken so far to access or manage your account.

Once I have this information, I can guide you through the process to remove your Freemium account.",0.5468368220329285,"I'm here to help. To remove your Freemium account, I'll need to know a bit more information from you. Could you please provide me with the following details:

1. Your account email or username associated with the Freemium account.
2. The type of device or platform you're using (e.g., desktop, mobile, tablet, or laptop).
3. The exact steps you've taken so far to access or manage your account.

Once I have this information, I can guide you through the process to remove your Freemium account.",1.09958589553833,0.24107142857142858,0.8267249,0.86250377,0.9247876,2.4220383167266846,0.9146341463414634,0.0,83,,0.0,0.0,,0.24107142857142858,0.8267249,0.86250377,0.9247876,2.4220383167266846,0.9146341463414634,0.0,83,,0.0,0.0,
84,BILPW,could you help me to file a damn consumer complaint?,FEEDBACK,complaint,"I'm sorry to hear that you're frustrated and in need of assistance to file a consumer complaint. Your concerns are of great importance to us, and we want to ensure that your experience is addressed appropriately. To assist you further, could you please provide me with the specific details of the complaint? This will allow me to understand the situation better and guide you towards the necessary steps to file your complaint.","I'd be happy to help you file a consumer complaint. To get started, I'll need some information from you. Could you please provide me with the following details:

1. The name of the company or product that you're complaining about?
2. A brief description of the issue you're experiencing?
3. The date(s) the issue started and the date(s) it's still ongoing?
4. Any relevant dates, times, or events related to the issue?
5. A summary of what happened and how you feel about it?

Once I have this information, I can guide you through the process of filing a consumer complaint with the relevant authorities.

Additionally, I'll need to know your preferred method of filing the complaint. Would you like to file it online, by phone, or in person?",0.5468368220329285,"I'd be happy to help you file a consumer complaint. To get started, I'll need some information from you. Could you please provide me with the following details:

1. The name of the company or product that you're complaining about?
2. A brief description of the issue you're experiencing?
3. The date(s) the issue started and the date(s) it's still ongoing?
4. Any relevant dates, times, or events related to the issue?
5. A summary of what happened and how you feel about it?

Once I have this information, I can guide you through the process of filing a consumer complaint with the relevant authorities.

Additionally, I'll need to know your preferred method of filing the complaint. Would you like to file it online, by phone, or in person?",1.09958589553833,0.26540284360189575,0.80193496,0.8548624,0.81091475,2.160324811935425,0.92,0.0,126,,0.0,0.0,,0.26540284360189575,0.80193496,0.8548624,0.81091475,2.160324811935425,0.92,0.0,126,,0.0,0.0,
85,BLQ,i dont know what i have to do to open a standard account,ACCOUNT,create_account,"No worries at all! I'm here to guide you through the process of opening a standard account. To get started, you'll need to provide some basic information such as your full name, email address, and contact details. Once we have that information, we can move forward with creating your account. Don't hesitate to let me know if you have any questions or need further assistance. I'm here to make sure this is a smooth and hassle-free experience for you.","I'm here to help. To open a standard account, I need to know a bit more information from you. Could you please provide me with the following details:

* Your Order Number (if you have it)
* Your Person Name (if you have it)
* Your contact details (phone number and email address, if you'd like to be contacted by us to confirm your account details)

Once I have this information, I can guide you through the process of opening a standard account.",0.5468368220329285,"I'm here to help. To open a standard account, I need to know a bit more information from you. Could you please provide me with the following details:

* Your Order Number (if you have it)
* Your Person Name (if you have it)
* Your contact details (phone number and email address, if you'd like to be contacted by us to confirm your account details)

Once I have this information, I can guide you through the process of opening a standard account.",1.09958589553833,0.2771084337349398,0.8373718,0.8505055,0.8990663,2.4586448669433594,0.9240506329113924,0.0,80,,0.0,0.0,,0.2771084337349398,0.8373718,0.8505055,0.8990663,2.4586448669433594,0.9240506329113924,0.0,80,,0.0,0.0,
86,BKLZ,open {{Account Category}} cacount for wife,ACCOUNT,create_account,"Fantastic! I'm excited to help you open a {{Account Category}} account for your wife. We offer a range of account options to suit different needs, and the {{Account Category}} account is a great choice. To get started, I'll need a few details. Could you please provide your wife's full name, email address, and a preferred username? Once I have this information, I'll guide you through the process step by step. Rest assured that we prioritize your wife's security and privacy, and we'll ensure that her information is protected. If you have any questions or concerns along the way, feel free to share them with me. Let's make this account creation process a breeze for you and your wife!","I'm not able to access or view your account or personal information. If you need to access your account or have any questions about your account, I recommend contacting our customer service team directly. They will be able to provide you with the information and assistance you need.

If you have any other questions or concerns, feel free to ask and I'll do my best to help.",0.5468368220329285,"I'm not able to access or view your account or personal information. If you need to access your account or have any questions about your account, I recommend contacting our customer service team directly. They will be able to provide you with the information and assistance you need.

If you have any other questions or concerns, feel free to ask and I'll do my best to help.",1.09958589553833,0.24742268041237114,0.79969573,0.20560758,0.37276354,1.8868848085403442,0.8787878787878788,0.0,67,0.0,0.0,0.0,,0.24742268041237114,0.79969573,0.20560758,0.37276354,1.8868848085403442,0.8787878787878788,0.0,67,0.0,0.0,0.0,
87,BZ,I want assistance checking how long refunds uaually take,REFUND,check_refund_policy,"Sure! I understand the importance of knowing the expected timeframe for receiving refunds. While the specific time may vary depending on various factors, such as the payment method, vendor, or service provider, I can provide you with a general idea.

Typically, refunds are processed within a certain number of business days after the return or cancellation has been initiated. This processing time allows for the verification of the returned item or the cancellation request. Once the refund has been processed, it may take additional time for the funds to reflect in your account, depending on your financial institution.

To get a more accurate estimate for the specific refund you're referring to, it would be best to provide me with the order details, such as the {{Order Number}} or any other relevant information. This way, I can look into it further and provide you with a more precise estimate based on the vendor or service provider's policies.

Rest assured, our goal is to process refunds as quickly as possible while ensuring accuracy and adherence to the necessary procedures. If you have any further questions or concerns, please don't hesitate to let me know. I'm here to assist you every step of the way!","I'd be happy to help you with that. According to our records, refunds for United American Express Card purchases typically take 5-7 business days to process. However, this timeframe may vary depending on your location and the specific circumstances of your transaction.

To confirm, I'll need to know your Order Number or {{Order Number}}. Please provide it to me, and I'll do my best to provide you with the most up-to-date information on refund processing times.",0.5468368220329285,"I'd be happy to help you with that. According to our records, refunds for United American Express Card purchases typically take 5-7 business days to process. However, this timeframe may vary depending on your location and the specific circumstances of your transaction.

To confirm, I'll need to know your Order Number or {{Order Number}}. Please provide it to me, and I'll do my best to provide you with the most up-to-date information on refund processing times.",1.09958589553833,0.18055555555555555,0.79950035,0.57825357,0.6594165,2.771259069442749,0.9864864864864865,0.0,75,1.0,0.0,0.0,,0.18055555555555555,0.79950035,0.57825357,0.6594165,2.771259069442749,0.9864864864864865,0.0,75,1.0,0.0,0.0,
88,BKL,add item to purchase {{Order Number}},ORDER,change_order,"We appreciate your request to add an item to purchase number {{Order Number}}. We understand that sometimes there may be a need to modify your purchase and we're here to assist you with that. To ensure accuracy, could you please provide us with the details of the item you would like to add? Our team will work promptly to update your purchase and provide you with the best service possible.","I'm happy to help you with that. However, I need to clarify that I don't have any information about your order or customer. Could you please provide me with the following details:

* The order number or customer name
* The item you would like to add to your purchase

Once I have this information, I can assist you in adding the item to your purchase.",0.5468368220329285,"I'm happy to help you with that. However, I need to clarify that I don't have any information about your order or customer. Could you please provide me with the following details:

* The order number or customer name
* The item you would like to add to your purchase

Once I have this information, I can assist you in adding the item to your purchase.",1.09958589553833,0.3503649635036496,0.82970685,0.66421854,0.7822124,2.4598608016967773,0.9365079365079365,0.0,64,0.0,0.0,0.0,,0.3503649635036496,0.82970685,0.66421854,0.7822124,2.4598608016967773,0.9365079365079365,0.0,64,0.0,0.0,0.0,
89,BLM,I am trying to delete some items from order {{Order Number}},ORDER,change_order,"Thank you for bringing this to our attention. I understand that you would like to delete some items from order number {{Order Number}}. We apologize for any inconvenience this may have caused. To facilitate the deletion process, could you please provide the specific details of the items you wish to remove? Once we receive the information, we will work swiftly to ensure the necessary modifications are made. Our ultimate goal is to provide you with a seamless and satisfactory shopping experience.","I'm happy to help you with that. To proceed, I'll need to know a few more details. Could you please provide me with the following information:

* The order number {{Order Number}}
* The items you'd like to delete from the order
* Any specific instructions or preferences you have (e.g. do you want to delete all items or specific ones?)

Once I have this information, I'll do my best to assist you in deleting the items from your order.",0.5468368220329285,"I'm happy to help you with that. To proceed, I'll need to know a few more details. Could you please provide me with the following information:

* The order number {{Order Number}}
* The items you'd like to delete from the order
* Any specific instructions or preferences you have (e.g. do you want to delete all items or specific ones?)

Once I have this information, I'll do my best to assist you in deleting the items from your order.",1.09958589553833,0.22085889570552147,0.8313031,0.7920366,0.8700254,2.7284042835235596,0.96,0.0,76,1.0,0.0,0.0,,0.22085889570552147,0.8313031,0.7920366,0.8700254,2.7284042835235596,0.96,0.0,76,1.0,0.0,0.0,
90,BL,help me to cancel the subscription to the company newsletter,SUBSCRIPTION,newsletter_subscription,"I've got that you would like assistance canceling your subscription to our company newsletter. I'm here to help! To proceed with the cancellation, could you please provide me with the email address you used to subscribe to the newsletter? Once I have the necessary information, I will ensure a prompt cancellation and remove you from our mailing list. Rest assured, your request will be processed with the utmost care and attention to detail.","I'd be happy to help you cancel your subscription to the company newsletter. To do this, I need to know a few details from you. Could you please provide me with the following information:

* Your Order Number (if you have one)
* Your {{Person Name}} (if you have one)
* The reason for canceling your subscription (optional, but helpful for me to process your request correctly)

Once I have this information, I can assist you in canceling your subscription to the company newsletter.",0.5468368220329285,"I'd be happy to help you cancel your subscription to the company newsletter. To do this, I need to know a few details from you. Could you please provide me with the following information:

* Your Order Number (if you have one)
* Your {{Person Name}} (if you have one)
* The reason for canceling your subscription (optional, but helpful for me to process your request correctly)

Once I have this information, I can assist you in canceling your subscription to the company newsletter.",1.09958589553833,0.3439490445859873,0.8281605,0.894436,0.8943109,2.5190927982330322,0.8717948717948718,0.0,79,,0.0,0.0,,0.3439490445859873,0.8281605,0.894436,0.8943109,2.5190927982330322,0.8717948717948718,0.0,79,,0.0,0.0,
91,BLQ,i need assistance to chat with somebody,CONTACT,contact_human_agent,"Thank you for contacting! I certainly recognize that you need assistance to chat with somebody. Our team of dedicated representatives is here to help you. In order to better assist you, could you please provide some more details about the issue or question you have? This will enable us to connect you with the most suitable person to address your concerns. Your satisfaction is our top priority, and we want to ensure that you receive the best assistance possible. While I gather the necessary information, please feel free to share any additional details or specifications you may have. We appreciate your patience and look forward to resolving your query.",I'm here to help you. Can you please provide me with the person's name and order number so I can assist you in setting up a chat?,0.5468368220329285,I'm here to help you. Can you please provide me with the person's name and order number so I can assist you in setting up a chat?,1.09958589553833,0.20289855072463772,0.7929576,0.65126324,0.5678205,2.7310616970062256,1.0,0.0,27,,0.0,0.0,,0.20289855072463772,0.79295766,0.65126324,0.5678205,2.7310616970062256,1.0,0.0,27,,0.0,0.0,
92,BLQ,i have to see in what situations can i ask for refunds,REFUND,check_refund_policy,"I certainly recognize your need to know the specific situations in which you can request a refund. Here are some common scenarios for eligibility:

1. **Product/Service Defect:** If you receive a product or service that is defective or does not meet the description provided, you are generally entitled to a refund.
2. **Cancellation within Grace Period:** If you change your mind about a purchase and decide to cancel within the designated grace period, you should be eligible for a refund.
3. **Unauthorized Charges:** If you notice any charges on your account that you did not authorize, we will investigate the issue and assist you in resolving it, including providing a refund if necessary.
4. **Event Cancellation:** If you have purchased tickets for an event that gets canceled and is not rescheduled, you would typically qualify for a refund.
5. **Duplicate Charges:** If you are charged multiple times for the same item or service, please let us know, and we will rectify the situation promptly by issuing a refund for the duplicate charges.
6. **Non-receipt of Goods:** If you have not received your ordered product within the expected timeframe, you may qualify for a refund.

Please keep in mind that refund policies may vary depending on the specific vendor or service provider. It is always recommended to consult the vendor's terms and conditions or reach out to them directly for a comprehensive understanding of their refund policy. If you have a specific order or concern in mind, please provide me with the relevant details, such as the order number, so that I can assist you further.

I hope this information provides you with the clarity you were seeking. If you have any other questions or need further assistance, feel free to let me know.","I'd be happy to help you with that. As a customer service assistant, I'm here to provide you with guidance.

When it comes to requesting refunds, the situation can vary depending on the type of service or product you're using. Here are some general guidelines:

1. **Digital products and services**: If you've purchased a digital product or service, such as an e-book, software, or subscription, you can usually request a refund within a reasonable timeframe, usually 30 days. However, if you've used the product or service and it doesn't meet your expectations, you can request a refund at any time.

2. **Physical products**: If you've purchased a physical product, such as a book, toy, or clothing, you can usually request a refund within 30 days of purchase. However, if you've used the product and it's damaged or not as expected, you can request a refund at any time.

3. **Services**: If you've used a service, such as a hotel stay, restaurant meal, or travel, you can usually request a refund within a reasonable timeframe, usually 30 days. However, if you've used the service and it doesn't meet your expectations, you can request a refund at any time.

4. **Online marketplaces**: If you've purchased a product from an online marketplace, such as Amazon or eBay, you can",0.5468368220329285,"I'd be happy to help you with that. As a customer service assistant, I'm here to provide you with guidance.

When it comes to requesting refunds, the situation can vary depending on the type of service or product you're using. Here are some general guidelines:

1. **Digital products and services**: If you've purchased a digital product or service, such as an e-book, software, or subscription, you can usually request a refund within a reasonable timeframe, usually 30 days. However, if you've used the product or service and it doesn't meet your expectations, you can request a refund at any time.

2. **Physical products**: If you've purchased a physical product, such as a book, toy, or clothing, you can usually request a refund within 30 days of purchase. However, if you've used the product and it's damaged or not as expected, you can request a refund at any time.

3. **Services**: If you've used a service, such as a hotel stay, restaurant meal, or travel, you can usually request a refund within a reasonable timeframe, usually 30 days. However, if you've used the service and it doesn't meet your expectations, you can request a refund at any time.

4. **Online marketplaces**: If you've purchased a product from an online marketplace, such as Amazon or eBay, you can",1.09958589553833,0.2243346007604563,0.8186049,0.58507943,0.62408924,1.5927001237869263,0.6602870813397129,0.0,210,,0.0,0.0,,0.2243346007604563,0.8186049,0.58507943,0.62408924,1.5927001237869263,0.6602870813397129,0.0,210,,0.0,0.0,
93,BIL,can you help me recover my user profile password?,ACCOUNT,recover_password,"Unquestionably! I'm here to assist you in recovering your user profile password. Losing access to your account can be frustrating, but rest assured, we'll work together to resolve this. Let's get started:

1. Visit our platform's ""{{Login Page URL}}"" to initiate the password recovery process.
2. Look for the ""{{Forgot Password}}"" option and click on it.
3. You'll be prompted to enter the email address associated with your user profile. This will help us identify your account and proceed with the recovery.
4. Once you've entered your email, keep an eye on your inbox. We'll send you an email shortly with instructions on how to reset your password. If it doesn't appear in your main inbox, don't forget to check your spam or junk folders.
5. Follow the instructions in the email carefully to set up a secure new password for your user profile.

If you encounter any obstacles during this process or need further assistance, feel free to reach out at any time. We're committed to ensuring your access is restored, and we're here to support you every step of the way!","I'd be happy to help you recover your user profile password. To proceed, I need to know a few more details from you. Could you please provide me with the following information:

* Your username (also known as your account name or email address)
* The email address or username associated with your account
* The password you're trying to recover (even if it's not the correct one, I can help you reset it)

Once I have this information, I'll do my best to assist you in recovering your user profile password.",0.5468368220329285,"I'd be happy to help you recover your user profile password. To proceed, I need to know a few more details from you. Could you please provide me with the following information:

* Your username (also known as your account name or email address)
* The email address or username associated with your account
* The password you're trying to recover (even if it's not the correct one, I can help you reset it)

Once I have this information, I'll do my best to assist you in recovering your user profile password.",1.09958589553833,0.19512195121951217,0.7921456,0.81173074,0.84178853,2.3623595237731934,0.9318181818181818,0.0,89,0.0,0.0,0.0,,0.19512195121951217,0.7921456,0.81173074,0.84178853,2.3623595237731934,0.9318181818181818,0.0,89,0.0,0.0,0.0,
94,BCELW,"I cannot find the bloody early termination penalty, help me",CANCEL,check_cancellation_fee,"Positively! To check the early termination penalty, you can log in to your account and navigate to the ""Termination Fees"" section. If you're unable to find it, please reach out to our customer support for further assistance.","I'm here to assist you. I couldn't find any information on an ""early termination penalty"" that applies to your situation. It's possible that it's a specific tax or financial term that I'm not aware of.

Could you please provide more context or information about what you're trying to do or what you're experiencing with this penalty? I'll do my best to help you find a solution or point you in the right direction. If you're referring to the Early Termination for Non-Compliance (ETNC) penalty, I can try to provide more general guidance on how to address it.",0.5468368220329285,"I'm here to assist you. I couldn't find any information on an ""early termination penalty"" that applies to your situation. However, I can try to provide some general guidance.

It's possible that you may be referring to the ""early termination fee"" or ""early termination charge"" (ETC) in your contract or agreement. This is a fee that you may be charged if you terminate your contract or agreement early.

Can you please provide me with more information about your situation, such as the date you signed your contract or agreement, and the specific terms of your contract or agreement? This will help me better understand your situation and provide more accurate guidance.",1.09958589553833,0.1793103448275862,0.78252023,0.7917962,0.8189627,2.668665647506714,0.9690721649484536,0.0,98,,0.0,0.0,,0.1710526315789474,0.78559077,0.7063776,0.8285864,2.2178995609283447,0.8454545454545455,0.0,111,,0.0,0.0,
95,BILP,could you help me update order {{Order Number}}?,ORDER,change_order,"I'll get right on it! We understand that you need assistance with updating order number {{Order Number}}. We're here to help you through the process and make any necessary changes to your order. To start, could you please provide more details about the specific updates you would like to make? This will allow us to better assist you and ensure your order is exactly as you want it.","I'd be happy to help you update your order. To proceed, I'll need to know a few details. Could you please provide me with the following information:

* The current order number
* The new order details you'd like to update (e.g. product name, quantity, etc.)
* Any specific instructions or changes you'd like to make

Once I have this information, I'll do my best to assist you in updating your order.",0.5468368220329285,"I'd be happy to help you update your order. To proceed, I'll need to know a few details. Could you please provide me with the following information:

* The current order number
* The new order details you'd like to update (e.g. product name, quantity, etc.)
* Any specific instructions or changes you'd like to make

Once I have this information, I'll do my best to assist you in updating your order.",1.09958589553833,0.3172413793103448,0.832473,0.68622345,0.8288803,2.478684186935425,0.9565217391304348,0.0,70,0.0,0.0,0.0,,0.3172413793103448,0.8324729,0.68622345,0.8288803,2.478684186935425,0.9565217391304348,0.0,70,0.0,0.0,0.0,
96,BLMQZ,i want assistance to ask for refunds,REFUND,get_refund,"I understood that you're looking for assistance in requesting a refund. I'm here to help you navigate through the process and ensure you have a seamless experience. To proceed, could you please provide me with some more details about your refund request? Specific information such as the product or service you wish to refund and the reason behind it will enable me to provide you with the most accurate guidance. Rest assured that with my expertise and dedication, we'll work together to expedite your refund request and resolve any concerns you may have along the way.","I'm here to help. To request a refund, I need to know a bit more information from you. Could you please provide me with the following details:

* The order number or case number associated with your request for a refund
* The product or service you're requesting a refund for
* The reason for your request for a refund (if you'd like to share this with me)

Once I have this information, I'll do my best to assist you in getting a refund.",0.5468368220329285,"I'm here to help. To request a refund, I need to know a bit more information from you. Could you please provide me with the following details:

* The order number or case number associated with your request for a refund
* The product or service you're requesting a refund for
* The reason for your request for a refund (if you'd like to share this with me)

Once I have this information, I'll do my best to assist you in getting a refund.",1.09958589553833,0.31521739130434784,0.84389806,0.7060739,0.904877,2.3129992485046387,0.9125,0.0,81,,0.0,0.0,,0.31521739130434784,0.84389806,0.7060739,0.904877,2.3129992485046387,0.9125,0.0,81,,0.0,0.0,
97,BL,assistance checking when my article is going to arrive,DELIVERY,delivery_period,"We completely understand your eagerness to track the arrival of your article and determine its estimated delivery date. To assist you further, may I request the {{Tracking Number}} or {{Order Number}}? With this information, we will be able to provide you with the most accurate update regarding the status and expected delivery timeframe of your article. Your patience is greatly appreciated as we work together to ensure a smooth and timely delivery experience for you.","I'm happy to help you with your query. However, I need more information to provide you with the assistance you're looking for. Could you please provide me with the following details:

* The title of your article?
* The approximate date or expected delivery date of your article?
* Your order number or customer reference number, if you have it?

Once I have this information, I'll do my best to provide you with the assistance you're looking for, including checking when your article is expected to arrive.",0.5468368220329285,"I'm happy to help you with your query. However, I need more information to provide you with the assistance you're looking for. Could you please provide me with the following details:

* The title of your article?
* The approximate date or expected delivery date of your article?
* Your order number or customer reference number, if you have it?

Once I have this information, I'll do my best to provide you with the assistance you're looking for, including checking when your article is expected to arrive.",1.09958589553833,0.26993865030674846,0.8188093,0.6830098,0.7738576,2.494314670562744,0.8433734939759037,0.0,84,0.0,0.0,0.0,,0.26993865030674846,0.8188093,0.6830098,0.7738576,2.494314670562744,0.8433734939759037,0.0,84,0.0,0.0,0.0,
98,BL,I want assistance to change to the gold account,ACCOUNT,switch_account,"Certainly! I'm thrilled to help you upgrade to our esteemed {{Account Type}} account:

1. Sign-in: Begin by logging into our platform.
2. Account Navigation: Once inside, locate the '{{Settings}}' or '{{Profile}}' section.
3. Upgrade Option: Within these sections, you'll find an option labeled '{{Upgrade Account}}' or '{{Account Change}}'.
4. Selection: Choose the '{{Account Type}}' option from the available choices.
5. Finalize: Follow the on-screen instructions to complete the upgrade.

Should you encounter any challenges or if you have any further questions, please don't hesitate to reach out. We're here to provide you with a seamless transition and ensure you enjoy all the amazing benefits that come with your new {{Account Type}} account.","I'd be happy to help you switch to the Gold account. To proceed, I'll need to confirm your current account type and any specific requirements you may have.

Can you please provide me with your current account number or the account number associated with your current account? Additionally, are there any specific benefits or features of the Gold account that you're interested in, such as increased spending limits or exclusive discounts?",0.5468368220329285,"I'd be happy to help you switch to the Gold account. To proceed, I'll need to confirm your current account type and any specific requirements you may have.

Can you please provide me with your current account number or the account number associated with your current account? Additionally, are there any specific benefits or features of the Gold account that you're interested in, such as increased spending limits or exclusive discounts?",1.09958589553833,0.20833333333333334,0.75368917,0.8195469,0.33984113,2.824026346206665,0.8714285714285714,0.0,71,0.0,0.0,0.0,,0.20833333333333334,0.75368917,0.8195469,0.33984113,2.824026346206665,0.8714285714285714,0.0,71,0.0,0.0,0.0,
99,BL,help to see in which cases can I ask for refunds,REFUND,check_refund_policy,"Positively! I completely understand your desire to gain clarity on the situations in which you can request a refund. Let me break it down for you:

1. **Product/Service Defect:** If the product or service you purchased has a defect or does not meet the description provided, you are typically eligible for a refund.
2. **Cancellation within Grace Period:** If you decide to cancel your purchase within the specified grace period, you should be able to receive a refund.
3. **Unauthorized Charges:** If you notice any charges on your account that you did not authorize, we will investigate the situation and assist you in resolving it.
4. **Failure to Deliver Goods/Services:** If you do not receive the goods or services you purchased within the expected timeframe, you may be eligible for a refund.
5. **Event Cancellation:** In the unfortunate event that the event you purchased tickets for gets canceled, and no rescheduled date is provided, you would typically be entitled to a refund.
6. **Duplicate Charges:** If you discover duplicate charges for the same item on your statement, please inform us so that we can rectify the situation and issue a refund if necessary.

It's important to note that refund policies may vary depending on the vendor or service provider. I recommend consulting the specific terms and conditions or reaching out to the relevant party directly for a comprehensive understanding of their refund policy. If you have any specific orders or concerns, please provide me with the necessary details, such as the order number or relevant information, and I will be happy to assist you further.

Please let me know if there is anything else I can help you with today.","I'm here to help. To request a refund, you can ask for one of the following:

1. **Refund for defective or damaged product**: If your product is defective or damaged, you can request a refund. Please provide your Order Number or {{Order Number}} and {{Person Name}} so I can assist you.
2. **Refund for incorrect or incomplete order**: If your order is incorrect or incomplete, you can request a refund. Please provide your Order Number or {{Order Number}} and {{Person Name}} so I can assist you.
3. **Refund for change of mind or cancellation**: If you change your mind or cancel your order, you can request a refund. Please provide your Order Number or {{Order Number}} and {{Person Name}} so I can assist you.
4. **Refund for defective or non-functional product**: If your product is defective or non-functional, you can request a refund. Please provide your Order Number or {{Order Number}} and {{Person Name}} so I can assist you.

Please note that if you request a refund for a product that has been used or worn out, I may not be able to provide one. Additionally, if you have already used or worn out a product, I may not be able to provide a full refund.

To ensure that I can assist you, could you please provide your Order Number or {{Order Number",0.5468368220329285,"I'm here to help. When it comes to requesting refunds, there are certain situations where you can expect a company to offer one. Here are some scenarios where you might be eligible for a refund:

1. **Incorrect or defective products**: If you receive a product that is damaged, faulty, or not as described, you can request a refund. Make sure to contact the customer service team as soon as possible to report the issue.

2. **Poor customer service**: If you experience poor service from a company, such as delayed delivery, incorrect orders, or unhelpful customer service, you can request a refund.

3. **Misleading or deceptive advertising**: If you feel that a company's advertising is misleading or deceptive, you can request a refund.

4. **Unwanted or unnecessary purchases**: If you purchase something you don't need or want, you can request a refund.

5. **Return or exchange issues**: If you have a return or exchange issue, such as a product not fitting or being damaged during shipping, you can request a refund.

6. **Incorrect or missing information**: If you receive a product with incorrect or missing information, such as a missing receipt or incorrect product description, you can request a refund.

7. **Product not as described**: If you receive a product that is not as described, such as a product that is smaller or lighter than expected, you",1.09958589553833,0.22003929273084477,0.79883593,0.5767084,0.6223117,1.3752362728118896,0.5147058823529411,0.0,205,,0.0,0.0,,0.21093749999999997,0.8246572,0.6585276,0.70541984,1.7288169860839844,0.7110091743119266,0.0,219,,0.0,0.0,
100,BLQ,need help retrieving my profile pin,ACCOUNT,recover_password,"I empathize with the frustration and concern you may be experiencing in trying to retrieve your profile PIN. Rest assured, I'm here to assist you in this process. To retrieve your profile pin, please follow these steps:

1. Log in to your account by navigating to the ""{{Login Page URL}}"" on our platform.
2. Look for the option that says ""{{Forgot PIN}}"" and click on it.
3. You will be prompted to verify your identity. This may involve answering security questions or providing additional information to confirm your account.
4. Once your identity is verified, you will receive an email or a text message with instructions on how to reset your profile PIN.
5. Follow the instructions provided in the message to set a new PIN for your profile.

If you encounter any difficulties during this process or have any further questions, please don't hesitate to reach out. We're here to ensure that you regain access to your profile smoothly and securely.","I'm here to help. To retrieve your profile pin, I'll need to know a few more details from you. Could you please provide me with the following information:

* Your Order Number (if you have it)
* Your {{Person Name}} (if you have it)
* A description of the issue you're experiencing (if you have any)

Once I have this information, I'll do my best to assist you in retrieving your profile pin.",0.5468368220329285,"I'm here to help. To retrieve your profile pin, I'll need to know a few more details from you. Could you please provide me with the following information:

* Your Order Number (if you have it)
* Your {{Person Name}} (if you have it)
* A description of the issue you're experiencing (if you have any)

Once I have this information, I'll do my best to assist you in retrieving your profile pin.",1.09958589553833,0.21757322175732216,0.7981928,0.8397335,0.8299285,2.496828079223633,0.8955223880597015,0.0,68,0.0,0.0,0.0,,0.21757322175732216,0.7981928,0.8397335,0.8299285,2.496828079223633,0.8955223880597015,0.0,68,0.0,0.0,0.0,
101,BILQ,is it possible to see in what cases can i ask for a refund,REFUND,check_refund_policy,"I'll take care of it! I completely understand your curiosity about the situations in which you can request a refund. It's essential to be aware of your options and entitlements. Here's a breakdown of the common scenarios where you may qualify for a refund:

1. **Product/Service Defect:** If you receive a product or service that is defective, damaged, or does not meet your expectations, you are usually eligible for a refund.

2. **Cancellation within Grace Period:** Many companies offer a grace period during which you can cancel your purchase and receive a full refund. Make sure to check the terms and conditions specific to your purchase for the cancellation timeframe.

3. **Undelivered Goods or Services:** If you haven't received the goods or services you paid for within a reasonable timeframe, you can typically request a refund.

4. **Unauthorized Charges:** If you notice any charges on your account that you did not authorize, it's crucial to reach out to the company promptly. They should investigate and assist you in resolving the issue, which may include issuing a refund.

5. **Billing Errors:** If you discover any billing errors or discrepancies, such as duplicate charges or incorrect amounts, you have the right to request a refund for the excess amount charged.

6. **Event Cancellations:** If an event you purchased tickets for is canceled or rescheduled, you may be eligible for a refund. The specific refund policy for events may vary, so it's advisable to check with the event organizer or the ticket seller.

It's important to note that individual refund policies may vary. It's always recommended to review the refund policy of the company or vendor from whom you made the purchase. This will provide you with a clear understanding of their specific terms and conditions related to refunds.

If you need further assistance with a specific order or have any other questions related to refunds, please provide me with the necessary details, such as the order number or any other relevant information. I'm here to help and ensure your satisfaction throughout the process.

Is there anything else I can assist you with today?","I'd be happy to help you with that. As a customer service assistant, I'm here to assist you.

To request a refund, you can ask for one in the following situations:

1. **Incorrect or defective product**: If the product you received is incorrect, damaged, or defective, you can request a refund.
2. **Poor customer service**: If you experienced poor customer service from the seller, you can request a refund.
3. **Unwanted or defective product**: If you received an unwanted or defective product, you can request a refund.
4. **Non-functional or broken product**: If the product is non-functional or broken, you can request a refund.
5. **Misleading or deceptive advertising**: If you feel that the seller's advertising was misleading or deceptive, you can request a refund.

To request a refund, you can contact the seller's customer service department via phone, email, or live chat. Be sure to provide your Order Number or Person Name so that the seller can locate your order and process the refund.

If you need any further assistance or have any other questions, please don't hesitate to ask.",0.5468368220329285,"I'd be happy to help you with that. As a customer service assistant, I'm here to assist you.

To request a refund, you can ask for one in the following situations:

1. **Incorrect or defective product**: If you receive a product that is damaged, faulty, or not as described, you can request a refund.
2. **Poor customer service**: If you experience poor service from our company, such as delayed delivery, incorrect order, or unhelpful customer support, you can ask for a refund.
3. **Unwanted or unnecessary product**: If you receive a product that you don't need or want, you can request a refund.
4. **Damaged or lost item**: If your item is damaged or lost, you can ask for a refund.
5. **Misleading or deceptive advertising**: If you feel that our advertising or marketing materials have misled you, you can request a refund.

To request a refund, you can contact our customer service department via phone, email, or through our website. You can provide your Order Number or {{Order Number}} and {{Person Name}}, and we'll be happy to assist you.

Please let me know if there's anything else I can help you with.",1.09958589553833,0.2586520947176685,0.83116305,0.5810473,0.709279,1.9202951192855835,0.7062146892655368,0.0,178,,0.0,0.0,,0.25760286225402507,0.830116,0.6095617,0.72276986,2.1596271991729736,0.7540983606557377,0.0,184,,0.0,0.0,
102,BIL,is it possible to see the early termination charge?,CANCEL,check_cancellation_fee,"Positively! You can easily see the early termination charge by accessing your account and navigating to the ""Fees and Charges"" or ""Cancellation Policy"" section.","I'd be happy to help you with that. To provide you with the information you're looking for, I need to know a few more details. Could you please provide me with your Order Number or {{Order Number}} and {{Person Name}} so I can look into it for you?",0.5468368220329285,"I'd be happy to help you with that. To provide you with the information you're looking for, I need to know a few more details. Could you please provide me with your Order Number or {{Order Number}} and {{Person Name}} so I can look into it for you?",1.09958589553833,0.10810810810810811,0.7095654,0.12308644,0.14362338,2.6326756477355957,0.9767441860465116,0.0,44,,0.0,0.0,,0.10810810810810811,0.70956546,0.12308644,0.14362338,2.6326756477355957,0.9767441860465116,0.0,44,,0.0,0.0,
103,BILMW,can you help me to ask for damn restitutions of money?,REFUND,get_refund,"I perceive that you are looking for assistance in requesting restitutions for your money. I apologize for any frustration or inconvenience you may have experienced. Rest assured, I am here to support you throughout this process. To begin, could you please provide me with more details about the situation so that I can better understand your request and guide you accordingly? Your cooperation is greatly appreciated, and I am confident that together we can work towards a satisfactory resolution.","I'm not able to provide assistance on requests for money restitutions. If you're seeking help with something else, I'm here to assist you.",0.5468368220329285,"I'm not able to provide assistance on requests for money restitutions. If you're seeking help with something else, I'm here to assist you.",1.09958589553833,0.19047619047619052,0.8016137,0.7491368,0.8532727,3.298973560333252,1.0,0.0,23,,0.0,0.0,,0.19047619047619052,0.8016137,0.7491368,0.8532727,3.298973560333252,1.0,0.0,23,,0.0,0.0,
104,BLM,I have issues entering a new shipping address,SHIPPING,set_up_shipping_address,"I've been informed that you're experiencing difficulties while entering a new shipping address, and I'm here to assist you. To resolve this issue, please follow these steps:

1. Log in to your account on our website.
2. Navigate to the ""Shipping Addresses"" or ""Profile"" section, where you manage your personal information.
3. Look for the option to ""Add a New Address"" or ""Edit Shipping Addresses"" and select it.
4. Fill in the required fields with the details of your new shipping address, such as the street address, city, state, and zip code.
5. Double-check that all the information is accurate and complete.
6. Save the changes to ensure that your new shipping address is successfully added to your account.

If you're still encountering issues after following these steps, please provide more specific details about the problem you're facing, such as any error messages or unexpected behavior. This will allow us to provide you with more personalized assistance. We apologize for any inconvenience caused and appreciate your patience as we work towards resolving this issue together.",I'm here to help. Can you please tell me your Order Number so I can assist you with setting up a new shipping address?,0.5468368220329285,I'm here to help. Can you please tell me your Order Number so I can assist you with setting up a new shipping address?,1.09958589553833,0.11650485436893201,0.7432445,0.6629456,0.6142484,2.899637222290039,1.0,0.0,24,,0.0,0.0,,0.11650485436893201,0.74324447,0.6629456,0.6142484,2.899637222290039,1.0,0.0,24,,0.0,0.0,
105,BELNQWZ,i cannot rettrieve my damn user pass,ACCOUNT,recover_password,"Oh no! I understand the frustration and urgency you feel when you cannot retrieve your user password. Rest assured, I'm here to help you overcome this challenge and regain access to your account. Let's work together to resolve this:

1. First, take a deep breath. It's completely normal to forget your password, and we've got your back throughout the entire process.
2. Please navigate to our ""{{Login Page URL}}"" and look for the option that says ""{{Forgot Password}}"". Click on it.
3. You'll be prompted to provide the email address associated with your account. Please enter that information to proceed further.
4. In just a few moments, an email will be sent to you with detailed instructions on how to reset your password. Check your inbox, and if you don't see it, take a look at your spam or junk folder as well.
5. Follow the instructions in the email carefully to create a new, secure password for your user account.

If you encounter any difficulties during this process or if you have any additional questions, please feel free to reach out to me at any time. Remember, you're not alone in this journey. Together, we'll get you back into your account securely and swiftly.","I'm here to help. To regain access to your account, I can guide you through the most common steps. Please follow along:

1. **Log in to your account**: Go to the website or app associated with your account and log in with your username and password.
2. **Check your email**: If you're unable to remember your password, you might have received a password reset email from us. Check your inbox for any emails from us.
3. **Contact our customer service**: If you're still unable to log in, please contact us directly. You can reach us through our website's contact form or by sending an email to our support team. Please provide us with your account details, including your username and the last password you remember. We'll do our best to assist you.

If you're still having trouble, please let me know if you have any other questions or if there's anything else I can do to help.",0.5468368220329285,"I'm here to help. To regain access to your account, I can guide you through the most common steps. Please follow along:

1. **Log in to your account**: Go to the website or app associated with your account and log in with your username and password.
2. **Check your email**: If you're unable to remember your password, you might have received a password reset email from us. Check your inbox for any emails from us.
3. **Contact our customer service**: If you're still unable to log in, please contact us directly. You can reach us through our website's contact form or by sending an email to our support team. Please provide us with your account details, including your username and the last password you remember. We'll do our best to assist you.

If you're still having trouble, please let me know if you have any other questions or if there's anything else I can do to help.",1.09958589553833,0.22811671087533156,0.8119631,0.5139572,0.8003041,2.1794068813323975,0.8758169934640523,0.0,154,0.0,0.0,0.0,,0.22811671087533156,0.8119631,0.5139572,0.8003041,2.1794068813323975,0.8758169934640523,0.0,154,0.0,0.0,0.0,
106,BLM,I am trying to check what delivery methods are available,DELIVERY,delivery_options,"Ah, I see you're interested in exploring the available delivery methods. Let me assist you in finding the information you need.

We offer a range of delivery options to ensure your items reach you conveniently. Here are the available delivery methods:

1. Standard Shipping: This is our standard delivery option, typically arriving within {{Date Range}} business days. It's ideal for non-urgent items.
2. Expedited Shipping: If you need your items sooner, our expedited shipping option will have them delivered to you in {{Date Range}} business days.
3. Overnight Shipping: For those urgent needs, we offer overnight shipping, ensuring next business day delivery.
4. In-Store Pickup: If you prefer to pick up your items personally, we have an in-store pickup option available at our {{Store Location}}.

Of course, delivery times may vary depending on your location and other factors. If you have any specific concerns or questions about our delivery methods, please don't hesitate to ask. I'm here to provide you with the information you need for a smooth and seamless delivery experience.","I'd be happy to help you with that. To better assist you, I need to know a few more details. Could you please provide me with your Order Number or {{Order Number}} and {{Person Name}} so I can look up the delivery options for you?",0.5468368220329285,"I'd be happy to help you with that. To better assist you, I need to know a few more details. Could you please provide me with your Order Number or {{Order Number}} and {{Person Name}} so I can look up the delivery options for you?",1.09958589553833,0.11555555555555555,0.7602471,0.5413757,0.5347734,3.090813636779785,1.0,0.0,41,0.0,0.0,0.0,,0.11555555555555555,0.7602471,0.5413757,0.5347734,3.090813636779785,1.0,0.0,41,0.0,0.0,0.0,
107,BLM,there are issues trying to edit my delivery address,SHIPPING,change_shipping_address,I'm sorry to hear that you're experiencing difficulties editing your delivery address. Please provide me with the details of your issue so that I can assist you further.,"I'm here to help you resolve the issue. Can you please provide me with more information about the problem you're experiencing with editing your delivery address? This will help me better understand the issue and provide a more accurate solution.

If you don't mind, could you please provide me with your Order Number or {{Order Number}} so I can assist you further?",0.5468368220329285,"I'm here to help you resolve the issue. Can you please provide me with more information about the problem you're experiencing with editing your delivery address? This will help me better understand the issue and provide a more accurate solution.

If you don't mind, could you please provide me with your Order Number or {{Order Number}} so I can assist you further?",1.09958589553833,0.4421052631578948,0.838144,0.82394123,0.8753626,2.689990282058716,0.9152542372881356,0.0,60,,0.0,0.0,,0.4421052631578948,0.838144,0.82394123,0.8753626,2.689990282058716,0.9152542372881356,0.0,60,,0.0,0.0,
108,BILZ,where can I get a restitution of money?,REFUND,get_refund,"I understand your concern about getting a restitution of your money. Rest assured, I'm here to help you navigate this process smoothly. To initiate a restitution, I recommend reaching out to our customer support team. They are the best resource to guide you through the necessary steps and provide you with the specific information you need. You can contact them through our website or by calling our dedicated helpline. Please provide them with all the relevant details of your situation, including any supporting documentation or evidence, to facilitate a prompt and accurate resolution. Our team will diligently review your case and take the appropriate measures to ensure you receive the restitution you deserve. Rest assured, our priority is your satisfaction, and we'll work hard to make this right for you.","I'm here to help. Unfortunately, I don't have information about a specific store or service that can provide a restitution of money. However, I can guide you on how to proceed.

To get a restitution of money, you can try the following options:

1. Contact the store or service directly: Reach out to the store or service where you believe you're entitled to a refund or restitution. Explain your situation and ask about their refund or restitution process. You can find the contact information for the store or service on their website or by calling their customer service number.
2. File a complaint: If you're unable to get a direct refund, you can file a complaint with the relevant authorities. In the UK, you can contact the Consumer Protection Service or the Financial Services Compensation Scheme. In the US, you can contact the Federal Trade Commission (FTC) or your state's Attorney General's office.
3. Seek assistance from a third-party service: There are third-party services that specialize in helping customers get refunds or restitution. You can search online for services like ""refund services"" or ""restitution services"" to find one that suits your needs.

To provide more context, could you please tell me:

* What type of product or service were you expecting a refund for?
* When did you expect to receive the refund?
* Have you already contacted the store or service directly?

I",0.5468368220329285,"I'm here to help. Unfortunately, I don't have information about a specific store or service that can provide a restitution of money. However, I can guide you on how to proceed.

To get a restitution of money, you can try the following options:

1. Contact the store or service directly: Reach out to the store or service where you believe you're entitled to a refund or restitution. Explain your situation and ask about their refund or restitution process. You can find the contact information for the store or service on their website or by calling their customer service number.
2. File a complaint: If you're unable to get a direct refund, you can file a complaint with the relevant authorities. In the UK, you can contact the Consumer Protection Service or the Financial Services Compensation Scheme. In the US, you can contact the Federal Trade Commission (FTC) or your state's Attorney General's office.
3. Seek assistance from a third-party service: There are third-party services that specialize in helping customers get refunds or restitution. You can search online for services like ""refund services"" or ""restitution services"" to find one that suits your needs.

To provide more context, could you please tell me:

* What type of product or service were you expecting a refund for?
* When did you expect to receive the refund?
* Have you already contacted the store or service directly?

I",1.09958589553833,0.19946091644204847,0.7820905,0.51782334,0.7147889,2.2405622005462646,0.8471615720524017,0.0,230,,0.0,0.0,,0.19946091644204847,0.7820905,0.51782334,0.7147889,2.2405622005462646,0.8471615720524017,0.0,230,,0.0,0.0,
109,BILZ,can youshow me what hours I can contact customer support?,CONTACT,contact_customer_service,"Certainly! I understand that you would like to know the operating hours during which you can contact our customer support team. Our dedicated team is available to assist you from {{Customer Support Hours}}. If you have any further questions or concerns, please feel free to reach out. We're here to help!","I'd be happy to help you with that. Our customer support hours are as follows:

- Monday: 9:00 AM - 5:00 PM (EST)
- Tuesday: 9:00 AM - 5:00 PM (EST)
- Wednesday: 9:00 AM - 5:00 PM (EST)
- Thursday: 9:00 AM - 5:00 PM (EST)
- Friday: 9:00 AM - 4:00 PM (EST)

If you have any questions or concerns, please don't hesitate to reach out to us. We're here to help.",0.5468368220329285,"I'd be happy to help you with that. Our customer support hours are as follows:

- Monday: 9:00 AM - 5:00 PM (EST)
- Tuesday: 9:00 AM - 5:00 PM (EST)
- Wednesday: 9:00 AM - 5:00 PM (EST)
- Thursday: 9:00 AM - 5:00 PM (EST)
- Friday: 9:00 AM - 4:00 PM (EST)

If you have any questions or concerns, please don't hesitate to reach out to us. We're here to help.",1.09958589553833,0.35658914728682173,0.7329524,0.7785044,0.6866023,1.2289782762527466,0.8301886792452831,0.0,54,0.0,0.0,0.0,,0.35658914728682173,0.7329524,0.7785044,0.6866023,1.2289782762527466,0.8301886792452831,0.0,54,0.0,0.0,0.0,
110,BL,I want assistance to delete my {{Account Type}} account,ACCOUNT,delete_account,"I'm glad you contacted us to us for assistance with deleting your {{Account Type}} account. We understand that you may have various reasons for wanting to delete your account, and we're here to help you through the process. To ensure the security of your account, we have a defined procedure in place for account deletions. I kindly request you to provide us with some additional information, such as your account details or any specific concerns you may have, so that we can assist you more effectively. Rest assured, we will do our best to make this process as smooth and hassle-free as possible for you.","I'm here to help. To proceed with deleting your account, I need to confirm that you want to delete your {{Account Type}} account.

Before we proceed, I need to confirm your account details. Could you please provide me with the following information:

* Your account number (if applicable)
* The type of account you want to delete (e.g., bank, credit card, etc.)
* Your account holder's name ({{Person Name}})

Once I have this information, I can guide you through the process of deleting your account.",0.5468368220329285,"I'm here to help. To proceed with deleting your account, I need to confirm that you want to delete your {{Account Type}} account.

Before we proceed, I need to confirm your account details. Could you please provide me with the following information:

* Your account number (if applicable)
* The type of account you want to delete (e.g., bank, credit card, etc.)
* Your account holder's name ({{Person Name}})

Once I have this information, I can guide you through the process of deleting your account.",1.09958589553833,0.300518134715026,0.82136065,0.83243424,0.88030094,2.3912594318389893,0.8461538461538461,0.0,79,1.0,0.0,0.0,,0.300518134715026,0.82136065,0.83243424,0.88030094,2.3912594318389893,0.8461538461538461,0.0,79,1.0,0.0,0.0,
111,BL,help to enter a different shipping address,SHIPPING,set_up_shipping_address,"I've understood you need assistance with entering a different shipping address. Don't worry, I'm here to guide you through the process. To enter a different shipping address, please follow these steps:

1. Log in to your account.
2. Go to the 'My Account' or 'Profile' section.
3. Look for the 'Shipping Addresses' or similar option.
4. Select the option to 'Add a New Address' or 'Edit Shipping Addresses'.
5. Fill in the details of the different shipping address.
6. Save the changes.

If you encounter any issues or need further assistance, please provide more specific details, and I'll be more than happy to help you with entering your different shipping address.","To assist you with entering a different shipping address, I need to know a few more details. Could you please provide me with the following information:

* The current shipping address you are using
* The new shipping address you would like to use
* Any specific requirements or preferences for the new address (e.g. different zip code, different city or state)

Once I have this information, I can guide you through the process of updating your shipping address.",0.5468368220329285,"To assist you with entering a different shipping address, I need to know a few more details. Could you please provide me with the following information:

* The current shipping address you are using
* The new shipping address you would like to use
* Any specific requirements or preferences for the new address (e.g. different zip code, different city or state)

Once I have this information, I can guide you through the process of updating your shipping address.",1.09958589553833,0.28125,0.8069824,0.8085063,0.85294193,2.5891799926757812,0.9342105263157895,0.0,77,,0.0,0.0,,0.28125,0.8069824,0.8085063,0.85294193,2.5891799926757812,0.9342105263157895,0.0,77,,0.0,0.0,
112,BLW,I call to lodge a fucking claim,FEEDBACK,complaint,"I'm sorry to hear that you want to lodge a claim against our company. I understand that you are feeling frustrated, but I kindly request you to refrain from using offensive language. Our aim is to take your complaint seriously and address it appropriately. To assist you further, could you please provide me with the specific details of your claim? Your satisfaction is important to us, and we want to ensure that we handle your complaint in the most effective and efficient manner possible.","I'm not able to assist with that. If you're having issues with an order or service, I can try to help you with that instead. Could you please provide more details about your issue, including the claim number if you have one?",0.5468368220329285,"I'm not able to assist with that. If you're having issues with an order or service, I can try to help you with that instead. Could you please provide more details about your issue, including the claim number if you have one?",1.09958589553833,0.23255813953488372,0.80027115,0.39581046,0.46064872,2.870173215866089,0.975609756097561,0.0,42,,0.0,0.0,,0.23255813953488372,0.8002711,0.39581046,0.46064872,2.870173215866089,0.975609756097561,0.0,42,,0.0,0.0,
113,BKLQ,writing review for ur company,FEEDBACK,review,"Thank you for choosing to share your thoughts and write a review about our company! Your feedback is incredibly valuable to us as it helps us understand what we are doing right and areas where we can improve. We greatly appreciate you taking the time to provide your honest opinion. Your review will help other customers make informed decisions and also motivate us to continue delivering exceptional service. If you have any specific details or experiences you'd like to include in your review, please feel free to let us know. We look forward to reading your feedback!","I'm happy to help you write a review for your company. However, I don't have any information about your company, such as the name, services, or any specific details. Could you please provide me with the following information:

* Your company's name
* Services offered
* Any specific details or achievements you'd like to mention

Once I have this information, I can assist you in writing a clear and concise review.",0.5468368220329285,"I'm happy to help you write a review for your company. However, I don't have any information about your company, such as the name, services, or any specific details. Could you please provide me with the following information:

* Your company's name
* Services offered
* Any specific details or achievements you'd like to mention

Once I have this information, I'll be happy to help you write a review that highlights the strengths of your company.",1.09958589553833,0.24705882352941178,0.8004638,0.7249545,0.65843725,2.6820478439331055,0.9402985074626866,0.0,68,,0.0,0.0,,0.23863636363636365,0.802819,0.71072704,0.66824317,2.6053597927093506,0.8472222222222222,0.0,73,,0.0,0.0,
114,BL,I don't know what to do to inform of an issue with a signup,ACCOUNT,registration_problems,"Grateful you reached out to us regarding the issue you encountered with signing up. Don't worry, we're here to assist you every step of the way. To inform us about the problem, you can simply provide us with the details by sending an email to our customer support team at [Email Address]. Alternatively, you can visit our website and navigate to the ""Contact Us"" page to submit a support ticket. Rest assured that once we receive your notification, our team will promptly investigate the issue and provide you with a resolution. We appreciate your patience and understanding as we work together to resolve this matter.","I'm here to help. It sounds like you're having trouble with a recent signup on our platform. Can you please provide me with more information about the issue you're experiencing? This will help me better understand your concern and provide a more accurate solution.

If you could provide me with your Order Number or {{Order Number}}, that would be greatly appreciated. Alternatively, if you're not sure of your Order Number, please let me know and I can try to assist you further.",0.5468368220329285,"I'm here to help. It sounds like you're having trouble with a recent signup on our platform. Can you please provide me with more information about the issue you're experiencing? This will help me better understand your concern and provide a more accurate solution.

If you could provide me with your Order Number or {{Order Number}}, that would be greatly appreciated. Alternatively, if you're not sure of your Order Number, please let me know and I can try to assist you further.",1.09958589553833,0.17616580310880828,0.80086946,0.5666162,0.6759671,2.5203206539154053,0.9493670886075949,0.0,80,,0.0,0.0,,0.17616580310880828,0.80086946,0.5666162,0.6759671,2.5203206539154053,0.9493670886075949,0.0,80,,0.0,0.0,
115,BKL,new platinum account,ACCOUNT,create_account,"Thank you for considering opening a new {{Account Category}} account with us! We have an exceptional range of benefits and services specifically tailored for our {{Account Category}} customers. To get started, I kindly ask you to provide me with your full name, email address, and a preferred username for your account. Once I have these details, I'll guide you through the process step by step, ensuring that you have all the necessary information along the way. Rest assured that your security and privacy are of utmost importance to us, and we will handle your personal information with the highest level of care and confidentiality. How does this sound?","Thank you for considering a new Platinum account. To activate your account, I need to verify your details. Could you please provide me with the following information:

* Your Order Number
* Your {{Person Name}} (first and last name)
* Your email address associated with the account
* Your phone number

Please note that I'll be verifying your account information to ensure it's accurate and secure. If I need any additional information from you, I'll let you know. Once I receive this information, I'll be happy to assist you with setting up your Platinum account.",0.5468368220329285,"Thank you for considering a new Platinum account. To activate your account, I need to verify your details. Could you please provide me with the following information:

* Your Order Number
* Your {{Person Name}} (first and last name)
* Your email address associated with the account
* Your phone number

Please note that I'll be verifying your account information to ensure it's accurate and secure. If I need any additional information from you, I'll let you know. Once I receive this information, I'll be happy to assist you with setting up your Platinum account.",1.09958589553833,0.2549019607843137,0.8182289,0.7883155,0.4728979,2.581127643585205,0.9431818181818182,0.0,89,0.0,0.0,0.0,,0.2549019607843137,0.8182289,0.7883155,0.4728979,2.581127643585205,0.9431818181818182,0.0,89,0.0,0.0,0.0,
116,BK,delivery period,DELIVERY,delivery_period,"We understand that you're eager to know the estimated delivery period for your package. To provide you with accurate information, could you please provide us with the {{Tracking Number}} or {{Order Number}}? With this information, we'll be able to check the status of your package and give you an estimated delivery timeframe. We appreciate your cooperation in helping us assist you better.","I'm happy to help you with your delivery period inquiry. Our standard delivery period is 3-5 business days from the date of shipment. However, for certain regions or areas, this may be 7-10 business days. I recommend checking the tracking information on your order to confirm the delivery date. If you have any further questions or concerns, please don't hesitate to ask.",0.5468368220329285,"I'm happy to help you with your delivery period inquiry. Our standard delivery period is 3-5 business days from the date of shipment. However, for certain regions or areas, this may be 7-10 business days. I recommend checking the tracking information on your order to confirm the delivery date. If you have any further questions or concerns, please don't hesitate to ask.",1.09958589553833,0.1846153846153846,0.7898461,0.6408726,0.63970244,2.3797876834869385,0.9661016949152542,0.0,60,0.0,0.0,0.0,,0.1846153846153846,0.7898461,0.6408726,0.63970244,2.3797876834869385,0.9661016949152542,0.0,60,0.0,0.0,0.0,
117,BLQZ,I'm waiting for a restitution of {{Refund Amount}} dollras,REFUND,track_refund,"Certainly! I understand the importance of receiving the restitution of {{Currency Symbol}}{{Refund Amount}} in a timely manner. Rest assured, I'm here to assist you and provide an update on the status of your refund. Please allow me a moment to look into it and I'll get back to you with the information you need. Thank you for your patience and for bringing this to my attention.","I'm happy to help you with your concern. I'm not aware of any specific information about a {{Refund Amount}} or {{Person Name}}. However, I can try to assist you further.

Could you please provide me with more details about your account and the restitution you're waiting for? This will help me better understand your situation and provide a more accurate response.",0.5468368220329285,"I'm happy to help you with your concern. I'm not aware of any specific information about a {{Refund Amount}} or {{Person Name}}. However, I can try to assist you further.

Could you please provide me with more details about your account and the restitution you're waiting for? This will help me better understand your situation and provide a more accurate response.",1.09958589553833,0.24060150375939848,0.83786,0.6459577,0.711521,2.8168745040893555,1.0,0.0,57,0.5,0.0,0.0,,0.24060150375939848,0.83786,0.6459577,0.711521,2.8168745040893555,1.0,0.0,57,0.5,0.0,0.0,
118,BELQZ,i do not know how i can sign up to ur company newsletter,SUBSCRIPTION,newsletter_subscription,"Thank you for your interest in signing up for our company newsletter! I apologize for any confusion you may have encountered. To subscribe, simply visit our website and look for the newsletter subscription section. There, you'll find a form where you can enter your email address and confirm your subscription. If you encounter any difficulties or have any questions during the process, please don't hesitate to reach out. Our dedicated customer service team is here to assist you every step of the way. We value your enthusiasm for our newsletter and can't wait to keep you informed about all the latest updates, news, and offers.","I'm here to help. To sign up for our company newsletter, I can guide you through the process. Here's how:

1. Go to our website at [website URL].
2. Click on the ""Sign Up"" or ""Subscribe"" button at the top right corner of the page.
3. Enter your email address in the required field.
4. You will receive a confirmation email from us. Click on the link in that email to activate your subscription.

Alternatively, you can also sign up for our newsletter through our mobile app or by visiting our social media pages.

If you're still having trouble, please let me know and I'll be happy to assist you further.",0.5468368220329285,"I'm here to help. To sign up for our company newsletter, I can guide you through the process. Here's how:

1. Go to our website at [website URL].
2. Click on the ""Sign Up"" or ""Subscribe"" button at the top right corner of the page.
3. Enter your email address in the required field.
4. You will receive a confirmation email from us. Click on the link in that email to activate your subscription.

Alternatively, you can also sign up for our newsletter through our mobile app or by visiting our social media pages.

If you're still having trouble, please let me know and I'll be happy to assist you further.",1.09958589553833,0.23318385650224213,0.8087394,0.7735941,0.79481673,2.08894419670105,0.9433962264150944,0.0,107,,0.0,0.0,,0.23318385650224213,0.8087394,0.7735941,0.79481673,2.08894419670105,0.9433962264150944,0.0,107,,0.0,0.0,
119,BLMZ,help me noitfy of an error with online payments,PAYMENT,payment_issue,"Thank you for reaching out to us regarding an error with your online payments. We appreciate you notifying us about this issue, as it allows us to quickly address and resolve the problem for you. To better assist you, could you please provide more information about the specific error you encountered during the payment process? This will help us investigate the issue more thoroughly and provide you with an accurate solution. We're here to support you every step of the way, and we'll do our best to resolve this matter promptly.","I'm happy to help you resolve the issue. However, I don't see any specific details about the error you're experiencing. Could you please provide more context or information about the error, such as the exact message or screen you're seeing? This will help me better understand the issue and provide a more accurate solution.

If you're unable to provide the necessary information, I can try to troubleshoot the issue with you. Please provide me with the following details:

* The exact error message or screen you're seeing
* The online payment platform or website you're using (if applicable)
* The steps you've taken so far to resolve the issue
* Any error codes or codes that appear

Once I have this information, I'll do my best to assist you in resolving the error and completing the online payment successfully.",0.5468368220329285,"I'm happy to help you resolve the issue. However, I don't see any specific details about the error you're experiencing. Could you please provide more context or information about the error, such as the exact message or screen you're seeing? This will help me better understand the issue and provide a more accurate solution.

If you're unable to provide the necessary information, I can try to troubleshoot the issue with you. Please provide me with the following details:

* The exact error message or screen you're seeing
* The online payment platform or website you're using (if applicable)
* The steps you've taken so far to resolve the issue

Once I have this information, I'll do my best to assist you and help you resolve the error.",1.09958589553833,0.28691983122362874,0.8364374,0.7924606,0.88915503,2.4799726009368896,0.8805970149253731,0.0,135,,0.0,0.0,,0.3008849557522124,0.84144175,0.7758756,0.8560843,2.3195559978485107,0.8617886178861789,0.0,124,,0.0,0.0,
120,BL,I don't know how to check the available payment methods,PAYMENT,check_payment_methods,"No worries at all! I'm here to assist you with that. To check the available payment methods, you can simply visit our website and navigate to the ""Payment Methods"" section. This page will provide you with a comprehensive list of all the payment options we offer. If you have any specific questions or need further assistance, feel free to let me know. I'm here to help you every step of the way.","I'm here to help. To check your available payment methods, I need to know a few more details from you. Could you please provide me with your Order Number or {{Order Number}} and {{Person Name}}? This will allow me to guide you through the process of checking your payment options.",0.5468368220329285,"I'm here to help. To check your available payment methods, I need to know a few more details from you. Could you please provide me with your Order Number or {{Order Number}} and {{Person Name}}? This will allow me to guide you through the process of checking your payment options.",1.09958589553833,0.27199999999999996,0.8153913,0.7635605,0.84971434,2.916653633117676,1.0,0.0,46,,0.0,0.0,,0.27199999999999996,0.8153913,0.7635605,0.84971434,2.916653633117676,1.0,0.0,46,,0.0,0.0,
121,BILPQ,will ya mail me my invoice from {{Person Name}},INVOICE,get_invoice,"Certainly! I completely understand your need to receive your invoice from {{Full Name}}. Please provide me with your email address, and I'll make sure to send it to you right away. If you have any other questions or need further assistance, feel free to let me know. I'm here to help!","I'd be happy to help you with that. To ensure I send your invoice correctly, I'll need to know a few more details. Could you please provide me with the following information:

* Your {{Order Number}}
* Your {{Person Name}}
* Your {{Address}} (including city, state, and zip code)

Once I have this information, I'll be able to prepare and send your invoice via mail.",0.5468368220329285,"I'd be happy to help you with that. To ensure I send your invoice correctly, I'll need to know a few more details. Could you please provide me with the following information:

* Your {{Order Number}}
* Your {{Person Name}}
* Your {{Address}} (including city, state, and zip code)

Once I have this information, I'll be able to prepare and send your invoice via mail.",1.09958589553833,0.2542372881355932,0.82261956,0.7037705,0.7477486,2.5510306358337402,0.9464285714285714,0.0,57,0.0,1.0,0.0,,0.2542372881355932,0.82261956,0.7037705,0.7477486,2.5510306358337402,0.9464285714285714,0.0,57,0.0,1.0,0.0,
122,BELQZ,i do not know how to receive a compensatin,REFUND,get_refund,"I can see that you're unsure about how to receive a compensation. I'm here to help guide you through the process and provide you with the necessary information. To start, could you please provide me with more details about the situation? Knowing the specific circumstances will allow me to offer you the most accurate advice on how to proceed. Rest assured, I'm committed to assisting you every step of the way and ensuring that you receive the compensation you deserve.","I'm here to help. To receive a compensation, can you please provide me with the following information:

* Your Order Number
* Your Person Name
* The reason or details of the compensation you are seeking

Please provide this information, and I'll do my best to assist you in getting the compensation you're entitled to.",0.5468368220329285,"I'm here to help. To receive a compensation, can you please provide me with the following information:

* Your Order Number
* Your Person Name
* The reason or details of the compensation you are seeking

Please provide this information, and I'll do my best to assist you in getting the compensation you're entitled to.",1.09958589553833,0.3043478260869565,0.8308617,0.39588553,0.7940234,2.8138086795806885,0.9607843137254902,0.0,52,,0.0,0.0,,0.3043478260869565,0.8308617,0.39588553,0.7940234,2.8138086795806885,0.9607843137254902,0.0,52,,0.0,0.0,
123,BL,I am calling to download the bill #00108,INVOICE,get_invoice,"I'll get right on it! I understand your need to download the bill with the number #{{Invoice Number}}. To assist you with this request, I recommend visiting our website and logging into your account. Once you're logged in, navigate to the billing section, where you should find an option to download your bill. If you encounter any difficulties or have further questions, please feel free to let me know. I'm here to help you every step of the way.","I'm happy to help you with that. To download your bill, I need to confirm your account information. Could you please provide me with your account number or customer ID, which is usually found on the top right corner of your bill? Alternatively, you can also check your account online or contact our customer service department for assistance.",0.5468368220329285,"I'm happy to help you with that. To download your bill, I need to confirm your account information. Could you please provide me with your account number or customer ID, which is usually found on the top right corner of your bill? Alternatively, you can also check your account online or contact our customer service department for assistance.",1.09958589553833,0.19858156028368795,0.81535006,0.7678416,0.7658303,2.84272837638855,0.9473684210526315,0.0,58,0.0,0.0,0.0,,0.19858156028368795,0.81535006,0.7678416,0.7658303,2.84272837638855,0.9473684210526315,0.0,58,0.0,0.0,0.0,
124,BILM,is it possible to see what shipping methods you offer?,DELIVERY,delivery_options,"Certainly! I'm delighted to provide you with comprehensive information about the shipping methods we offer. Here are the available options:

1. Standard Shipping: This is our most popular option, typically delivering your items within {{Date Range}} business days. It's great for non-urgent purchases.

2. Expedited Shipping: Need your items a bit faster? Opt for expedited shipping, which ensures delivery within {{Date Range}} business days.

3. Overnight Shipping: For those urgent needs, our overnight shipping guarantees next-business-day delivery.

4. In-Store Pickup: If you prefer a more hands-on approach, you can choose in-store pickup. Simply select this option during checkout and collect your items at your nearest {{Store Location}}.

Each shipping method has its unique attributes to cater to your specific requirements. If you have any further questions or need assistance with choosing the most suitable option, please don't hesitate to ask. We're here to make sure your shipping experience is smooth and convenient!","I'd be happy to help you with that. We offer the following shipping methods:

- Standard Shipping: This is our most affordable option, with delivery within 3-7 business days.
- Express Shipping: If you need your order quickly, this is the fastest option, with delivery within 2-3 business days.
- Free Shipping: We offer free standard shipping on orders over $50.

If you have any specific questions or concerns about your order, feel free to let me know and I'll be happy to assist you.",0.5468368220329285,"I'd be happy to help you with that. We offer the following shipping methods:

- Standard Shipping: This is our most affordable option, with delivery within 3-7 business days.
- Express Shipping: If you need your order quickly, this is the fastest option, with delivery within 2-3 business days.
- Free Shipping: We offer free standard shipping on orders over $50.

If you have any specific questions or concerns about your order, feel free to let me know and I'll be happy to assist you.",1.09958589553833,0.282258064516129,0.8068769,0.5048142,0.60542226,1.9166361093521118,0.8461538461538461,0.0,79,0.0,0.0,1.0,money:$50,0.282258064516129,0.8068769,0.5048142,0.60542226,1.9166361093521118,0.8461538461538461,0.0,79,0.0,0.0,1.0,money:$50
125,BLQ,need assistance leaving some feedback about your products,FEEDBACK,review,We greatly appreciate your intention to leave feedback about our products! Your insights are incredibly important to us as it helps us to continuously improve and deliver products that meet your needs and expectations. I would be more than happy to assist you with the process of leaving feedback. Could you please provide me with more details about the specific product you would like to leave feedback for?,"I'm happy to help you with leaving feedback about our products. To ensure I get it right, could you please provide me with the following information:

* The order number of the product you'd like to leave feedback about
* The product name
* Any specific issues or concerns you'd like to mention
* Any additional details or comments you'd like to share

Once I have this information, I'll do my best to provide you with helpful and accurate feedback.",0.5468368220329285,"I'm happy to help you with leaving feedback about our products. To ensure I get it right, could you please provide me with the following information:

* The order number or customer ID of the product you'd like to leave feedback about
* The product name and description
* Any specific issues or concerns you'd like to mention
* Any additional details or comments you'd like to share

Once I have this information, I'll do my best to provide you with helpful and accurate feedback.",1.09958589553833,0.2818791946308724,0.82558167,0.747074,0.79348284,2.631603479385376,0.9066666666666666,0.0,76,,0.0,0.0,,0.27272727272727276,0.82236254,0.76854867,0.82196635,2.5998711585998535,0.9125,0.0,81,,0.0,0.0,
126,BCIL,"I need to check the termination charge, how to do it?",CANCEL,check_cancellation_fee,"To check the termination charge, you can log into your account on our website. Once logged in, navigate to the account settings or billing section where you should find the details of the termination charge. If you are unable to locate it, I recommend reaching out to our customer service team for further assistance.","To check the termination charge for your {{Order Number}}, I'll need to know your order details. Could you please provide me with the following information:

1. Your order number
2. The type of service or product you purchased
3. The date of termination (if applicable)

Once I have this information, I can guide you through the process of checking the termination charge.",0.5468368220329285,"To check the termination charge for your {{Order Number}}, I'll need to know your order details. Could you please provide me with the following information:

1. Your order number
2. The type of service or product you purchased
3. The date of termination (if applicable)

Once I have this information, I can guide you through the process of checking the termination charge.",1.09958589553833,0.25641025641025644,0.79882586,0.78006244,0.8084438,2.8543121814727783,0.9464285714285714,0.0,57,,0.0,0.0,,0.25641025641025644,0.79882586,0.78006244,0.8084438,2.8543121814727783,0.9464285714285714,0.0,57,,0.0,0.0,
127,BL,information about the deletion of a {{Account Type}} account,ACCOUNT,delete_account,"Thank you for your inquiry regarding the deletion of a {{Account Type}} account. We understand that you may have decided to discontinue using our services and we're here to assist you with the account deletion process. To proceed, please follow these steps:
1. Log in to your account on our website or mobile app.
2. Navigate to the account settings or profile section.
3. Look for the option to delete or deactivate your account.
4. Follow the on-screen instructions to complete the deletion process.
If you encounter any issues or have further questions, please don't hesitate to reach out to our customer support team for personalized assistance. We value your privacy and aim to provide a seamless experience throughout this process.","I'm happy to provide you with information about the deletion of a {{Account Type}} account. However, I need to clarify that I don't have access to your account or personal details. If you're looking for general information on account deletion, I can try to provide that.

Typically, account deletion is a process that involves removing an account from our system and any associated data, including data stored in the cloud. The specific steps for account deletion may vary depending on the type of account and the company's policies.

If you're looking for more information on account deletion, I can suggest some general steps:

1. Review your account settings: Check your account settings to ensure that you're aware of the account deletion process and any associated requirements.
2. Contact our customer support team: Reach out to our customer support team for assistance with account deletion. They'll be able to guide you through the process and answer any questions you may have.
3. Follow the instructions: Our customer support team will provide you with instructions on how to proceed with account deletion.

Please note that account deletion is a permanent process, and once it's initiated, it cannot be undone. If you have any questions or concerns about account deletion, I recommend contacting our customer support team for further assistance.",0.5468368220329285,"I'm happy to provide you with information about the deletion of a {{Account Type}} account. However, I need to clarify that I don't have access to your account or personal details. If you're looking for general information on account deletion, I can try to provide that.

Typically, account deletion is a process that involves removing an account from our system and any associated data, including data stored in the cloud. The specific steps for account deletion may vary depending on the type of account and the company's policies.

If you're looking for more information on account deletion, I can suggest some general steps:

1. Review your account settings: Check your account settings to ensure that you're aware of the account deletion process and any associated requirements.
2. Contact our customer support team: Reach out to our customer support team for assistance with account deletion. They'll be able to guide you through the process and answer any questions you may have.
3. Follow the instructions: Our customer support team will provide you with instructions on how to proceed with account deletion.

Please note that account deletion is a permanent process, and once it's initiated, it cannot be undone. If you have any questions or concerns about account deletion, I recommend contacting our customer support team for further assistance.",1.09958589553833,0.2521489971346705,0.8411256,0.7708256,0.8564197,2.1009840965270996,0.8104265402843602,0.0,212,1.0,0.0,0.0,,0.2521489971346705,0.8411256,0.7708256,0.8564197,2.1009840965270996,0.8104265402843602,0.0,212,1.0,0.0,0.0,
128,BCL,"I have to sign up to your corporate newsletter, I need help",SUBSCRIPTION,newsletter_subscription,"It's great to hear that you're interested in signing up for our corporate newsletter! I'm here to assist you every step of the way. To get started, could you please provide me with your email address? Once I have that, I'll ensure that you're successfully subscribed to our newsletter. Rest assured, we value your privacy and will handle your information with the utmost care. Additionally, I'd love to know what specifically attracted you to our newsletter. Is it the latest industry updates, special promotions, or something else? Your insights will help us curate content that is tailored to your interests.","I'm happy to help you with signing up for our corporate newsletter. To sign up, could you please provide me with your {{Order Number}} or {{Person Name}} so I can assist you with the registration process?",0.5468368220329285,"I'm happy to help you with signing up for our corporate newsletter. To sign up, could you please provide me with your {{Order Number}} or {{Person Name}} so I can assist you with the registration process?",1.09958589553833,0.27972027972027974,0.81521636,0.66398585,0.64004743,3.1894688606262207,0.967741935483871,0.0,32,,0.0,0.0,,0.27972027972027974,0.81521636,0.66398585,0.64004743,3.1894688606262207,0.967741935483871,0.0,32,,0.0,0.0,
129,BIL,can you help me seeing the status of order {{Order Number}}?,ORDER,track_order,"Thank you for reaching out! I'm here to assist you with checking the current status of your order with the order number {{Order Number}}. To provide you with the most accurate information, could you please verify your order number once again? Once confirmed, I'll be able to give you an update on the status of your order.","I'd be happy to help you with that. To provide you with the status of your order, I'll need to know a few more details. Could you please provide me with the following information:

* The order number {{Order Number}}
* The date you placed the order
* The date you received the order (if different from the date you placed it)

Once I have this information, I can check the status of your order and let you know what's next.",0.5468368220329285,"I'd be happy to help you with that. To provide you with the status of your order, I'll need to know a few more details. Could you please provide me with the following information:

* The order number {{Order Number}}
* The date you placed the order
* The date you received the order (if different from the date you placed it)

Once I have this information, I can check the status of your order and let you know what's next.",1.09958589553833,0.3714285714285714,0.861554,0.62606835,0.82363963,2.3908936977386475,0.8266666666666667,0.0,76,1.0,0.0,0.0,,0.3714285714285714,0.861554,0.62606835,0.82363963,2.3908936977386475,0.8266666666666667,0.0,76,1.0,0.0,0.0,
130,BL,assistance to see the delivery methods,DELIVERY,delivery_options,"Assuredly! I'm here to assist you with exploring our available delivery methods. Let me provide you with a comprehensive overview to help you make an informed choice:

1. Standard Shipping: This is our most popular option, typically taking {{Date Range}} business days for delivery. It's perfect for non-urgent items.
2. Expedited Shipping: If you need your items a little sooner, this option guarantees delivery within {{Date Range}} business days.
3. Overnight Shipping: For those urgent needs, we offer overnight shipping, ensuring your items arrive the next business day.
4. In-Store Pickup: If you prefer a more hands-on experience, you can choose the in-store pickup option. It allows you to collect your items directly from our {{Store Location}}.

Feel free to select the delivery method that aligns best with your needs. If you have any specific questions or if there's anything else I can assist you with, please don't hesitate to ask. Your satisfaction is important to us!","I'm here to help. I can provide you with information on the delivery methods available for your order. However, I need to clarify that I don't have access to your personal details or order information. If you can provide me with your order number or the name of the person who placed the order, I can try to find the information you're looking for.

If you're unable to find the information online, you can also contact our customer service team via phone or email, and we'll be happy to assist you.",0.5468368220329285,"I'm here to help. I can provide you with information on the delivery methods available for your order. However, I need to clarify that I don't have access to your personal details or order information. If you can provide me with your order number or the name of the person who placed the order, I can try to find the information you're looking for.

If you're unable to find the information online, you can also contact our customer service team via phone or email, and we'll be happy to assist you.",1.09958589553833,0.1839080459770115,0.7717999,0.63254815,0.46812928,2.0245509147644043,0.9222222222222223,0.0,91,0.0,0.0,0.0,,0.1839080459770115,0.7717999,0.63254815,0.46812928,2.0245509147644043,0.9222222222222223,0.0,91,0.0,0.0,0.0,
131,BQZ,need to create an {{Account Type}} account,ACCOUNT,create_account,"That's fantastic! I'm excited to help you create a new {{Account Type}} account. With a {{Account Type}} account, you'll unlock exclusive features and benefits to enhance your experience. To get started, could you please provide me with your full name, email address, and a preferred username? Once I have these details, I'll guide you through the process step by step, ensuring you understand and feel confident every step of the way. Your privacy and security are of utmost importance to us, so rest assured that all your information will be handled with the utmost care and protection. Let's embark on this journey together!""","I'm happy to help you with that. However, I need to know a bit more information from you. Could you please provide me with the following details:

* Your account type (e.g. personal, business, etc.)
* Your account number or reference number (if you have one)
* Your personal details (e.g. name, date of birth, etc.)

Once I have this information, I can assist you in creating a new account or providing guidance on how to proceed.",0.5468368220329285,"I'm happy to help you with that. However, I need to know a bit more information from you. Could you please provide me with the following details:

* Your account type (e.g. personal, business, etc.)
* Your account number or reference number (if you have one)
* Your personal details (e.g. name, date of birth, etc.)

Once I have this information, I can assist you in creating a new account or providing guidance on how to proceed.",1.09958589553833,0.23783783783783782,0.78657687,0.39524263,0.6738326,2.2936806678771973,0.9733333333333334,0.0,76,0.0,0.0,0.0,,0.23783783783783782,0.78657687,0.39524263,0.6738326,2.2936806678771973,0.9733333333333334,0.0,76,0.0,0.0,0.0,
132,BILMQZ,what do i need to do to get my iinvoices from {{Person Name}},INVOICE,get_invoice,"I'm clearly cognizant your need to retrieve the invoices from {{Salutation}} {{Client Last Name}}. To access the invoices, you can follow these simple steps:

1. Log in to your account on our website.
2. Navigate to the ""Invoices"" section in your account dashboard.
3. Look for the option to filter the invoices by the customer's name or invoice number.
4. Enter {{Person Name}}'s name or the specific invoice number you're looking for.
5. Click on the ""Search"" or ""Go"" button to retrieve the invoices.
6. Once the search results appear, you'll be able to view and download the invoices associated with {{Person Name}}.

If you encounter any difficulties during this process or have any additional questions, feel free to let me know. I'm here to assist you every step of the way!","I'm happy to help you with your inquiry. To receive your invoices from {{Person Name}}, I need to know a few more details from you. Could you please provide me with the following information:

1. Your {{Order Number}} or invoice reference number.
2. Your {{Person Name}} or the name of the person who sent you the invoices.

Once I have this information, I can assist you in getting your invoices from {{Person Name}}.",0.5468368220329285,"I'm happy to help you with your inquiry. To receive your invoices from {{Person Name}}, I need to know a few more details from you. Could you please provide me with the following information:

1. Your {{Order Number}} or invoice reference number.
2. Your {{Person Name}} or the name of the person who sent you the invoices.

Once I have this information, I can assist you in getting your invoices from {{Person Name}}.",1.09958589553833,0.25471698113207547,0.838676,0.7834986,0.7410395,2.424517869949341,0.9516129032258065,0.0,63,0.3333333333333333,0.0,0.0,,0.25471698113207547,0.838676,0.7834986,0.7410395,2.424517869949341,0.9516129032258065,0.0,63,0.3333333333333333,0.0,0.0,
133,BKL,opening {{Account Category}} account,ACCOUNT,create_account,"Thank you for your interest in opening a {{Account Category}} account with us! I'm excited to guide you through the process and ensure a seamless experience. To get started, could you please provide your full name, email address, and a preferred username? Once I have these details, I'll walk you through the necessary steps and help you set up your {{Account Category}} account. Rest assured, your security and privacy are of utmost importance, and we will take every measure to protect your personal information. Let's embark on this exciting journey together!","I'm happy to help you with opening an account. To proceed, I'll need some information from you. Could you please provide me with the following details:

* Your full name: {{Person Name}}
* Your date of birth: {{Date of Birth}}
* Your Social Security Number or Taxpayer Identification Number (TIN): {{TIN Number}}
* The account type you'd like to open (e.g., Checking, Savings, Credit Card, etc.):
* The account amount you'd like to open: {{Account Amount}}
* The account type for the account amount (e.g., Checking, Savings, etc.):
* Your email address:
* Your phone number:

Once I have this information, I'll be able to assist you with opening your account.",0.5468368220329285,"I'm happy to help you with opening an account. To proceed, I'll need some information from you. Could you please provide me with the following details:

* Your full name: {{Person Name}}
* Your date of birth: {{Date of Birth}}
* Your Social Security Number or Taxpayer Identification Number (TIN): {{TIN Number}}
* The account type you'd like to open (e.g., Checking, Savings, Credit Card, etc.):
* The account amount you'd like to open: {{Account Amount}}
* The account type for the account amount (e.g., Checking, Savings, etc.):
* Your email address:
* Your phone number:

Once I have this information, I'll be able to assist you with opening your account.",1.09958589553833,0.21568627450980393,0.7922066,0.507964,0.66456145,2.200902223587036,0.8631578947368421,0.0,96,0.0,1.0,0.0,,0.21568627450980393,0.7922066,0.507964,0.66456145,2.200902223587036,0.8631578947368421,0.0,96,0.0,1.0,0.0,
134,BCIL,"I have to change to the platinum account, how do I do it?",ACCOUNT,switch_account,"I'll take care of it! I'm thrilled to assist you in making the transition to our prestigious {{Account Category}} account. Together, we'll explore the seamless steps towards a truly elevated experience:

1. **Access Your Account:** Begin by logging into our platform, using your existing login credentials.
2. **Account Settings:** Once you're logged in, navigate to your account settings by clicking on your profile icon or username.
3. **Upgrade Options:** Within the account settings, locate the section specifically related to account upgrades or premium memberships.
4. **Upgrade to {{Account Category}}:** Look out for the option to switch or upgrade to the {{Account Category}} account type.
5. **Confirmation and Benefits:** Follow the on-screen prompts to confirm your decision and embrace the exceptional benefits that come with your new {{Account Category}} account.

If you encounter any difficulties or have further questions along the way, please don't hesitate to reach out. I'm here to support you throughout this exciting upgrade. Enjoy exploring the remarkable features of our {{Account Category}} account!""","To upgrade to the Platinum account, I need to know a few more details from you. Could you please provide me with your Order Number or {{Order Number}} and {{Person Name}} so I can assist you with the upgrade process?",0.5468368220329285,"To upgrade to the Platinum account, I need to know a few more details from you. Could you please provide me with your Order Number or {{Order Number}} and {{Person Name}} so I can assist you with the upgrade process?",1.09958589553833,0.11267605633802814,0.7518422,0.6978482,0.4644835,3.2358784675598145,1.0,0.0,36,0.0,0.0,0.0,,0.11267605633802814,0.7518422,0.6978482,0.4644835,3.2358784675598145,1.0,0.0,36,0.0,0.0,0.0,
135,BQZ,need help touse the {{Account Type}} account,ACCOUNT,switch_account,"Positively! I'm here to assist you in making the most of our {{Account Type}} account and exploring all its incredible features:

1. Sign In: Start by logging into your account on our platform.
2. Account Settings: Once you're logged in, navigate to your account settings.
3. Profile Management: Look for the option that says ""Profile"" or ""Account Profile"" and select it.
4. Account Type: Within the profile section, locate the section that allows you to switch or upgrade your account type.
5. Select Free Account: Choose the option that corresponds to the {{Account Type}} account.
6. Confirmation: Follow the instructions provided on the screen to confirm your selection.

If you encounter any difficulties during the process or have any additional questions, don't hesitate to reach out. I'm here to ensure a smooth and enjoyable experience with your {{Account Type}} account. Let me know if there's anything else I can help you with!","I'm here to assist you. To use the {{Account Type}} account, I'll need to know a few more details from you. Can you please provide me with the following information:

* Your account number or customer ID
* The type of account you're trying to use (e.g., checking, savings, credit card, etc.)
* The specific account you're trying to access (e.g., online banking, mobile app, etc.)

Once I have this information, I'll do my best to guide you through the process of accessing your account using the correct account type.",0.5468368220329285,"I'm here to assist you. To use the {{Account Type}} account, I'll need to know a few more details from you. Can you please provide me with the following information:

* Your account number or customer ID
* The type of account you're trying to use (e.g., checking, savings, credit card, etc.)
* The specific account you're trying to access (e.g., online banking, mobile app, etc.)

Once I have this information, I'll do my best to guide you through the process of accessing your account using the correct account type.",1.09958589553833,0.2151394422310757,0.77558947,0.7825149,0.7060663,2.3426973819732666,0.9302325581395349,0.0,87,1.0,0.0,0.0,,0.2151394422310757,0.77558947,0.7825149,0.7060663,2.3426973819732666,0.9302325581395349,0.0,87,1.0,0.0,0.0,
136,BLQ,i try to change the info included on my profile,ACCOUNT,edit_account,"It's delightful to witness your proactive approach in trying to change the information included on your profile!I'm here to provide you with the necessary guidance and support throughout this process.

To better assist you, could you please specify the exact details you are looking to update on your profile? This will allow me to provide you with more accurate instructions and ensure a successful profile update.

Your determination to improve your profile is commendable, and I'm confident we can make the necessary changes together. Let's take this opportunity to enhance the accuracy and relevance of your profile information.","I'm happy to help you with your profile information. To update your profile, could you please provide me with your Order Number or {{Person Name}} so I can assist you with the changes?",0.5468368220329285,"I'm happy to help you with your profile information. To update your profile, could you please provide me with your Order Number or {{Person Name}} so I can assist you with the changes?",1.09958589553833,0.23357664233576636,0.8238351,0.5945916,0.66396445,3.334003210067749,0.9,0.0,31,,0.0,0.0,,0.23357664233576636,0.8238351,0.5945916,0.66396445,3.334003210067749,0.9,0.0,31,,0.0,0.0,
137,BLZ,I want ehlp demanding a reimbursement of money,REFUND,get_refund,"I can sense that you're seeking help in demanding a reimbursement of your money. It can be frustrating when you don't receive the refund you're entitled to, and I'm here to assist you in resolving this matter. To better understand your situation, could you please provide me with some specific details regarding the refund you're requesting? This information will enable me to guide you through the most effective steps in demanding your reimbursement. Rest assured that with my expertise and support, we will work towards a satisfactory resolution.","I'm here to help. I understand that you're requesting a reimbursement for a specific amount of money. I want to clarify that I need more information from you to ensure I provide the correct assistance.

Can you please provide me with the following details:

* Your Order Number (if you have it)
* The amount of money you're requesting reimbursement for
* The reason or circumstances surrounding the request

Once I have this information, I'll do my best to assist you and provide a response.",0.5468368220329285,"I'm here to help. I understand that you're requesting a reimbursement for a specific amount of money. I want to clarify that I need more information from you to ensure I provide the correct assistance.

Can you please provide me with the following details:

* Your Order Number (if you have it)
* The amount of money you're requesting reimbursement for
* The reason or circumstances surrounding the request

Once I have this information, I'll do my best to assist you and provide a response.",1.09958589553833,0.3128491620111732,0.84332675,0.6371949,0.77913713,2.556497097015381,0.9506172839506173,0.0,82,,0.0,0.0,,0.3128491620111732,0.8433267,0.6371949,0.77913713,2.556497097015381,0.9506172839506173,0.0,82,,0.0,0.0,
138,BELM,I do not know how I can obtain refunds of money,REFUND,get_refund,"I can tell that you're uncertain about the process of obtaining refunds for your money. Don't worry, I'm here to help. To initiate a refund, you generally need to reach out to the customer support team or follow the refund procedure outlined by the company. It's essential to gather any relevant documentation, such as receipts or order numbers, to support your refund claim. If you're unsure about the specific steps for obtaining a refund, I recommend contacting the customer service department of the respective company or visiting their website for detailed instructions. They will be able to guide you through the process and assist you in obtaining the refunds you are entitled to. Feel free to provide more details about your situation so that I can assist you further.","I'm here to help. To process a refund, we'll need to follow the steps we outlined when you first made a purchase. Here's what you need to do:

1. Log in to your account on our website or mobile app.
2. Click on the ""Order"" or ""My Orders"" tab.
3. Find your order and click on it.
4. Click on the ""Refund"" or ""Cancel Order"" button.
5. Select the reason for the refund and choose the refund method (e.g., bank transfer, credit card refund).
6. Enter the required information, including your Order Number or {{Order Number}} and {{Person Name}}.
7. Confirm the refund details and submit the request.

Please note that refunds may take a few business days to process. If you have any questions or concerns, feel free to ask, and I'll do my best to assist you.",0.5468368220329285,"I'm here to help. To process a refund, we'll need to follow the steps we outlined when you first made a purchase. Here's what you need to do:

1. Log in to your account on our website or mobile app.
2. Click on the ""Order"" or ""My Orders"" tab.
3. Find your order and click on it.
4. Click on the ""Refund"" or ""Cancel Order"" button.
5. Select the reason for the refund and choose the refund method (e.g., bank transfer, credit card refund).
6. Enter the required information, including your Order Number or {{Order Number}} and {{Person Name}}.
7. Confirm the refund details and submit the request.

Please note that refunds may take a few business days to process. If you have any questions or concerns, feel free to ask, and I'll do my best to assist you.",1.09958589553833,0.2589928057553957,0.7979077,0.60223204,0.7195636,2.399301528930664,0.9296875,0.0,129,,0.0,0.0,,0.2589928057553957,0.79790777,0.60223204,0.7195636,2.399301528930664,0.9296875,0.0,129,,0.0,0.0,
139,BIMP,would you give me information about cancelling orders?,ORDER,cancel_order,"Of course! I'd be happy to provide you with information about canceling orders. Canceling an order can usually be done through your account on our website or by contacting our customer support team. The exact process may vary depending on the platform or service you used to place the order. To cancel an order, follow these general steps:

1. Sign in to Your Account: Access your account on our platform by entering your login credentials.
2. Locate Your Order: Find the order you wish to cancel either in your order history or in the specific section for managing orders.
3. Initiate the Cancellation: Look for the ""Cancel"" or ""Request Cancellation"" option associated with the order and click on it.
4. Follow any Prompts or Instructions: Depending on the system, you may need to provide a reason for canceling or confirm your cancellation request.
5. Verify the Cancellation: After completing the cancellation steps, you should receive a confirmation message or email indicating that your order has been canceled.

Keep in mind that cancellation policies may vary depending on the specific product, service, or vendor. It's important to review the terms and conditions, refund policies, or any applicable fees before canceling an order. If you need further assistance or have specific questions about canceling your order, feel free to reach out to our customer support team. They are available during {{Customer Support Hours}} at {{Customer Support Phone Number}} or through the Live Chat feature on our website at {{Website URL}}.","I'd be happy to help you with cancelling orders. To provide you with the information you're looking for, I need to know a bit more about your order. Could you please provide me with the following details:

* The order number or customer name associated with the order you'd like to cancel
* The reason for cancelling the order (optional, but helpful for me to understand the situation)
* The date or timeframe when you'd like to cancel the order

Once I have this information, I can provide you with guidance on how to cancel your order and any associated steps or procedures.",0.5468368220329285,"I'd be happy to help you with cancelling orders. To provide you with the information you're looking for, I need to know a bit more about your order. Could you please provide me with the following details:

* The order number or customer name associated with the order you'd like to cancel
* The reason for cancelling the order (optional, but helpful for me to understand the situation)
* The date or timeframe when you'd like to cancel the order

Once I have this information, I can provide you with guidance on how to cancel your order and any associated steps or procedures.",1.09958589553833,0.22033898305084743,0.79188204,0.81762624,0.856492,2.349752426147461,0.8585858585858586,0.0,100,0.0,0.0,0.0,,0.22033898305084743,0.79188204,0.81762624,0.856492,2.349752426147461,0.8585858585858586,0.0,100,0.0,0.0,0.0,
140,BKL,open gold account,ACCOUNT,create_account,"Thank you for expressing your interest in opening a {{Account Type}} account! It's truly exciting to have you onboard with us. To get started, I kindly request you to provide your full name, email address, and a preferred username. Once I have these details, I'll guide you through the process step by step, ensuring a smooth and informed experience for you. Rest assured that the security and privacy of your information remain our top priority.","I'm happy to help you with opening a Gold account. To proceed, I need to know a few more details from you. Could you please provide me with the following information:

* Your current bank account number or debit card number
* Your name and contact details
* The type of account you're interested in (e.g., savings, investment, or credit card)
* The amount you'd like to deposit into your Gold account

Once I have this information, I'll be able to guide you through the process of opening your Gold account.",0.5468368220329285,"I'm happy to help you with opening a Gold account. To proceed, I need to know a few more details from you. Could you please provide me with the following information:

* Your current bank account number or debit card number
* Your name and contact details
* The type of account you're interested in (e.g., savings, investment, or credit card)
* The amount you'd like to deposit into your Gold account

Once I have this information, I'll be able to guide you through the process of opening your Gold account.",1.09958589553833,0.27218934911242604,0.80577797,0.77974683,0.52144945,2.3388473987579346,0.9655172413793104,0.0,88,0.0,0.0,0.0,,0.27218934911242604,0.80577797,0.77974683,0.52144945,2.3388473987579346,0.9655172413793104,0.0,88,0.0,0.0,0.0,
141,BILP,could you help me see how soon can I expect my item?,DELIVERY,delivery_period,"We understand your eagerness to track the delivery of your item and determine its estimated arrival time. To provide you with the most accurate information, may I please have your {{Order Number}} or {{Tracking Number}}? With that information, we can give you an update on your delivery date. We appreciate your patience and cooperation in this matter.","I'd be happy to help you track the status of your item. To do that, I'll need to know a few more details from you. Could you please provide me with the following information:

* The order number or your customer account number
* The shipping method and estimated delivery date
* The name of the shipping carrier (if you know it)

Once I have this information, I can try to provide you with an estimate of when your item will arrive.",0.5468368220329285,"I'd be happy to help you track the status of your item. To do that, I'll need to know a few more details from you. Could you please provide me with the following information:

* The order number or your customer account number
* The shipping method and estimated delivery date
* The name of the shipping carrier (if you know it)

Once I have this information, I can try to provide you with an estimate of when your item will arrive.",1.09958589553833,0.2898550724637681,0.8262828,0.6014534,0.7831509,2.5114991664886475,0.9743589743589743,0.0,79,0.0,0.0,0.0,,0.2898550724637681,0.8262828,0.6014534,0.7831509,2.5114991664886475,0.9743589743589743,0.0,79,0.0,0.0,0.0,
142,BILMQ,what do i have to do to request restitutions of money,REFUND,get_refund,"I understood that you would like to know the steps to request a refund. Requesting a refund is a straightforward process, and I'm here to guide you through it. To initiate your refund request, you typically need to reach out to the customer support team either via phone, live chat, or email. They will provide you with the necessary instructions and may ask you to provide some additional details, such as your purchase information, proof of payment, or any relevant documentation. It's important to have this information handy to expedite the process. Once your request is submitted, the customer support team will review it and process your refund accordingly. If you need any assistance or have specific questions about your refund request, feel free to let me know, and I'll be glad to help you further.","To request restitution of money, you can follow these steps:

1. **Contact the seller or merchant**: Reach out to the seller or merchant where you purchased the item(s) and explain your situation. Be clear and concise about what you're asking for - restitution of money.

2. **Provide proof of purchase**: Share any proof of purchase, such as receipts, invoices, or bank statements, to support your claim.

3. **Explain the situation**: Describe the situation in detail, including the date, time, and location of the purchase. Be honest and transparent about what happened.

4. **Follow up**: If you don't receive a response or a resolution, follow up with a polite and concise email or message to inquire about the status of your request.

5. **Consider filing a complaint**: If you're not satisfied with the seller's response, you can file a complaint with the relevant authorities, such as the Federal Trade Commission (FTC) in the United States.

Some examples of what you can say in your request for restitution:

- ""I purchased an item from [Seller's Name] on [Date] for $100. I believe I should be refunded the full amount, as I never received the item.""
- ""I have receipts and invoices to prove that I purchased the item on [Date] for $100. I would like to request a refund of $100",0.5468368220329285,"To request restitution of money, you can follow these steps:

1. **Contact the seller or merchant**: Reach out to the seller or merchant where you purchased the item(s) and explain your situation. Be clear and concise about what you're asking for - restitution of money.

2. **Provide proof of purchase**: Share any proof of purchase, such as receipts, invoices, or bank statements, to support your claim.

3. **Explain the situation**: Describe the situation in detail, including the date, time, and location of the purchase. Be honest and transparent about what happened.

4. **Follow up**: If you don't receive a response or a resolution, follow up with a polite and concise email or message to inquire about the status of your request.

5. **Consider filing a complaint**: If you're not satisfied with the seller's response, you can file a complaint with the relevant authorities, such as the Federal Trade Commission (FTC) in the United States.

Some examples of what you can say in your request for restitution:

- ""I purchased an item from [Seller's Name] on [Date] for $100. I believe I should be refunded the full amount, as I never received the item.""
- ""I have receipts and invoices to prove that I purchased the item on [Date] for $100. I would like to request a refund of $100",1.09958589553833,0.16620498614958448,0.7581236,0.69376886,0.60967195,2.0753848552703857,0.875,0.0,209,,0.0,1.0,money:$100; money:$100; money:$100,0.16620498614958448,0.7581236,0.69376886,0.60967195,2.0753848552703857,0.875,0.0,209,,0.0,1.0,money:$100; money:$100; money:$100
143,BLQ,wanna know more about opening a {{Account Category}} account,ACCOUNT,create_account,"That's fantastic! I'm thrilled to provide you with more details on opening a {{Account Category}} account. It's an excellent choice! Opening a {{Account Category}} account offers you exclusive benefits such as priority customer service, higher withdrawal limits, enhanced security features, and access to premium features. To get started, we'll need some basic information from you. Could you please provide your full name, email address, and a preferred username? Once I have these details, I'll guide you through the step-by-step process, making sure you're well-informed at each stage. Remember, your privacy and security are our topmost priorities, and we'll handle your information with the utmost care. How does that sound to you?","I'd be happy to provide more information about opening a {{Account Category}} account. To start, can you please provide me with your {{Order Number}} or {{Person Name}} so I can assist you with your account setup?",0.5468368220329285,"I'd be happy to provide more information about opening a {{Account Category}} account. To start, can you please provide me with your {{Order Number}} or {{Person Name}} so I can assist you with your account setup?",1.09958589553833,0.24050632911392403,0.82194376,0.8687359,0.8110902,3.1868491172790527,0.9655172413793104,0.0,30,1.0,0.0,0.0,,0.24050632911392403,0.82194376,0.8687359,0.8110902,3.1868491172790527,0.9655172413793104,0.0,30,1.0,0.0,0.0,
144,BILMQZ,can uhelpp me to order some of ur product,ORDER,place_order,"Thank you for your message to us for assistance with placing an order for our products! I'm here to provide you with the guidance you need to make a successful purchase. Could you please provide me with the details of the specific products you're interested in? Once I have that information, I'll be able to assist you further in placing your order seamlessly.","I'm happy to help you with your order. Could you please provide me with some details? I'll need to know your name and the product you'd like to order. Additionally, could you please tell me which product you're interested in? I'll do my best to assist you with the order.",0.5468368220329285,"I'm happy to help you with your order. Could you please provide me with some details? I'll need to know your name and the product you'd like to order. Additionally, could you please tell me which product you're interested in? I'll do my best to assist you with the order.",1.09958589553833,0.39669421487603307,0.87193316,0.6184761,0.85447156,2.163759469985962,0.9387755102040817,0.0,50,,0.0,0.0,,0.39669421487603307,0.87193316,0.6184761,0.85447156,2.163759469985962,0.9387755102040817,0.0,50,,0.0,0.0,
145,BLQ,want help to submit another shipping address,SHIPPING,set_up_shipping_address,"I grasp that you're seeking assistance in submitting another shipping address. Let's work together to streamline this process:

1. Begin by logging in to your account.
2. Look for the ""My Account"" or ""Profile"" section.
3. Navigate to the ""Shipping Addresses"" or a similar option.
4. Explore the available choices to ""Add a New Address"" or ""Edit Shipping Addresses"".
5. Provide the necessary details for the new shipping address in the designated fields.
6. Double-check the accuracy of the information and save the changes.

If you come across any hiccups while following these steps or if the process varies for you, please provide more specifics about the difficulties you're facing. I'm here to assist you further!""","I'd be happy to help you submit another shipping address. To proceed, I need to know a few details from you. Could you please provide me with the following information:

* The current shipping address you are using
* The new shipping address you would like to use
* Any specific requirements or preferences for the new address (e.g. different zip code, different country, etc.)

Once I have this information, I can assist you in submitting the new shipping address.",0.5468368220329285,"I'd be happy to help you submit another shipping address. To proceed, I need to know a few details from you. Could you please provide me with the following information:

* The current shipping address you are using
* The new shipping address you would like to use
* Any specific requirements or preferences for the new address (e.g. different zip code, different country, etc.)

Once I have this information, I can assist you in submitting the new shipping address.",1.09958589553833,0.23999999999999996,0.7928367,0.8458138,0.88137305,2.66744327545166,0.9090909090909091,0.0,78,,0.0,0.0,,0.23999999999999996,0.7928367,0.8458138,0.88137305,2.66744327545166,0.9090909090909091,0.0,78,,0.0,0.0,
146,BCEL,"I no longer make use of my {{Account Category}} account, help me close it",ACCOUNT,delete_account,"We appreciate you reaching out to us regarding the closure of your {{Account Category}} account. I understand that you no longer find it useful and would like to assist you with the account closure process. To proceed with closing your {{Account Category}} account, we kindly ask you to provide us with some specific details about your account, such as your account username or email address. This will enable us to locate and initiate the closure process more efficiently. Rest assured, our team is fully committed to ensuring a smooth and hassle-free account closure experience for you. Let us know the requested details, and we will take care of the rest.","I'm happy to assist you in closing your account. To ensure a smooth closure process, I need to confirm some details with you.

Can you please provide me with your account number or the account number associated with your {{Account Category}} account? Additionally, I would like to know your preferred method for closing the account. Would you like to cancel the account online, through the phone, or by mail?",0.5468368220329285,"I'm happy to assist you in closing your account. To ensure a smooth closure process, I need to confirm some details with you.

Can you please provide me with your account number or the account number associated with your {{Account Category}} account? Additionally, I would like to know your preferred method for closing the account. Would you like to cancel the account online, through the phone, or by mail?",1.09958589553833,0.24309392265193372,0.8406538,0.6723242,0.82338065,2.7523460388183594,0.8939393939393939,0.0,67,1.0,0.0,0.0,,0.24309392265193372,0.8406538,0.6723242,0.82338065,2.7523460388183594,0.8939393939393939,0.0,67,1.0,0.0,0.0,
147,B,I don't know how I can check your refund policy,REFUND,check_refund_policy,"No problem at all! I'm here to guide you on how you can check our refund policy. To access our refund policy, you can follow these steps:

1. Visit our website at {{Website URL}}.
2. Navigate to the ""Support"" or ""Help"" section of the website.
3. Look for the ""Refund Policy"" or ""Returns and Refunds"" link. Click on it.
4. This will take you to a page that provides detailed information about our refund policy, including the eligible situations for requesting a refund and any specific conditions or procedures to follow.
5. Take your time to read through the policy. If you have any questions or need further clarification, feel free to reach out to our customer support team for assistance.

Remember, our refund policy is designed to protect your satisfaction and ensure a positive experience with our products or services. If you have a specific concern or need help with a particular order, please provide me with the order details, such as the {{Order Number}}, and I'll be more than happy to assist you further.

Let me know if there's anything else I can help you with!","I'm here to help. To check our refund policy, I can provide you with the following information:

""Hello {{Order Number}} or {{Person Name}}, I'd be happy to help you with your refund policy. Our refund policy is as follows:

- We offer a full refund if you're not satisfied with your purchase.
- Refunds will be processed within 5-7 business days after we receive your request.
- Please note that refunds may take a few days to clear through our bank.

If you have any further questions or concerns, please don't hesitate to ask. I'm here to help. Can I assist you with anything else?""",0.5468368220329285,"I'm here to help. To check our refund policy, I can provide you with the following information:

""Hello {{Order Number}} or {{Person Name}}, I'd be happy to help you with your refund policy. Our refund policy is as follows:

- We offer a full refund if you're not satisfied with your purchase.
- Refunds will be processed within 5-7 business days after we receive your request.
- Please note that refunds may take a few days to clear through our bank.

If you have any further questions or concerns, please don't hesitate to ask. I'm here to help. Can I assist you with anything else?""",1.09958589553833,0.24749163879598668,0.822125,0.605399,0.7758319,2.3638510704040527,0.8958333333333334,0.0,97,0.5,0.0,0.0,,0.24749163879598668,0.822125,0.605399,0.7758319,2.3638510704040527,0.8958333333333334,0.0,97,0.5,0.0,0.0,
148,BLQ,need help to check the termination fee,CANCEL,check_cancellation_fee,Definitely! I'll be happy to assist you in verifying the termination fee for your account. Please provide me with your account details so that I can look it up for you.,"I'd be happy to help you check the termination fee for your current or potential service. To better assist you, could you please provide me with the following information:

* The name of the service or provider
* The name of the person or company offering the service
* The Order Number or {{Order Number}}
* The type of service or product you're inquiring about (e.g. phone, internet, etc.)

Once I have this information, I'll do my best to provide you with the termination fee details.",0.5468368220329285,"I'd be happy to help you check the termination fee for your current or potential service. To better assist you, could you please provide me with the following information:

* The name of the service or provider
* The name of the person or company offering the service
* The Order Number or {{Order Number}}
* The type of service or product you're inquiring about (e.g. phone, internet, etc.)

Once I have this information, I'll do my best to provide you with the termination fee details.",1.09958589553833,0.2711864406779661,0.8027231,0.79256666,0.7175256,2.7637035846710205,0.9,0.0,81,,0.0,0.0,,0.2711864406779661,0.8027231,0.79256666,0.7175256,2.7637035846710205,0.9,0.0,81,,0.0,0.0,
149,BIL,what do I need to do to lodge a claim against your company?,FEEDBACK,complaint,"I appreciate you reaching out to us regarding lodging a claim against our company. I understand that you may have experienced an issue or inconvenience, and I'm here to assist you in the best possible way. To lodge a claim, I recommend following these steps:

1. Gather relevant information: Collect any documentation or evidence related to your claim, such as invoices, receipts, or photographs.

2. Review the company's policies: Familiarize yourself with our company's policies on complaints and claims. This will help you understand the process and requirements.

3. Contact our customer support: Reach out to our dedicated customer support team. They will guide you through the claim process, provide necessary forms or documents, and address any questions or concerns you may have.

4. Provide detailed information: When filing the claim, ensure you provide accurate and comprehensive details about the issue or incident. Include dates, times, names of involved parties, and a clear description of the problem.

5. Follow up and stay informed: After filing the claim, keep track of its progress. Check for updates on the status, and don't hesitate to reach out to our customer support team for any clarifications or additional information.

Please remember that we take all claims seriously and strive to resolve them in a fair and timely manner. I apologize for any inconvenience you've experienced, and I assure you that we'll do our best to address your concerns.","To lodge a claim against our company, I would like to request your assistance with the following steps:

1. Please provide your Order Number or {{Order Number}} so I can look up your account and confirm the details.
2. I would like to know the nature of your claim, such as a damaged item, incorrect delivery, or any other issue you're experiencing.
3. Could you please provide me with the relevant documentation, including any receipts, invoices, or proof of purchase, if applicable?
4. If you have already contacted our customer service team, could you please share the details of your interaction, including the representative's name and reference number, so I can follow up on your claim?

Once I have this information, I can assist you in lodging a claim against our company.",0.5468368220329285,"To lodge a claim against our company, I would like to request your assistance with the following steps:

1. Please provide your Order Number or {{Order Number}} so I can look up your account and confirm the details.
2. I would like to know the nature of your claim, such as a damaged item, incorrect delivery, or any other issue you're experiencing.
3. Could you please provide me with the relevant documentation, including any receipts, invoices, or proof of purchase, if applicable?
4. If you have already contacted our customer service team, could you please share the details of your interaction, including the representative's name and reference number, so I can follow up on your claim?

Once I have this information, I can assist you in lodging a claim against our company.",1.09958589553833,0.22994652406417113,0.8201266,0.6477911,0.7133619,2.653362989425659,0.864,0.0,126,,0.0,0.0,,0.22994652406417113,0.8201266,0.6477911,0.7133619,2.653362989425659,0.864,0.0,126,,0.0,0.0,
150,BILQWZ,is it possible to neter a goddamn shipping address,SHIPPING,set_up_shipping_address,"I apologize for the frustration and inconvenience you're experiencing while trying to enter your shipping address. I understand how important it is for you to set up your address properly. Rest assured, I'm here to assist you. To enter your shipping address, please follow these steps:

1. Log in to your account.
2. Navigate to the 'My Account' or 'Profile' section.
3. Look for the 'Shipping Addresses' or similar option.
4. Click on the option to 'Add a New Address' or 'Edit Shipping Addresses'.
5. Fill in the necessary details of your shipping address in the provided fields.
6. Save the changes once you have entered the address correctly.

If you continue to experience difficulties or if the process varies for you, please provide more specific information about the issue you're facing, and I'll be happy to assist you further to resolve the problem. Your satisfaction is important to us, and together, we'll make sure you can successfully enter your goddamn shipping address.","I'm here to help. I understand your concern about providing shipping information. However, I need to clarify that I'm unable to access or retrieve personal shipping addresses.

If you're trying to ship an item to yourself, you can try using the address associated with your {{Order Number}} account. If you're having trouble finding your account information, you can contact our customer service team for assistance. We'll be happy to help you out.",0.5468368220329285,"I'm here to help. I understand your concern about providing shipping information. However, I need to clarify that I'm unable to access or retrieve personal shipping addresses.

If you're trying to ship an item to yourself, you can try using the address associated with your {{Order Number}} account. If you're having trouble finding your account information, you can contact our customer service team for assistance. We'll be happy to help you out.",1.09958589553833,0.21224489795918366,0.80656606,0.4592794,0.6447902,2.5978615283966064,0.9420289855072463,0.0,70,,0.0,0.0,,0.21224489795918366,0.80656606,0.4592794,0.6447902,2.5978615283966064,0.9420289855072463,0.0,70,,0.0,0.0,
151,BELQ,i do not know what i have to do to speak with a live agent,CONTACT,contact_human_agent,"I see what you mean! I'm on the same page that you're unsure about the steps required to speak with a live agent. I'm here to help guide you through the process. To connect with a live agent, you can try a few options:

1. Look for a ""Contact Us"" or ""Support"" section on our website. Many companies provide direct contact information, such as phone numbers or live chat options, in this section.

2. Check the FAQ or Help Center on our website. Often, you can find information on how to reach a live agent in these resources.

3. If you're using a specific service or product, try reaching out to their customer support through social media platforms like Twitter or Facebook. They may be able to provide you with further guidance on contacting a live agent.

If you can provide me with more specific details about the company or service you are trying to reach, I will be able to provide more tailored assistance. I'm here to assist you every step of the way.","To speak with a live agent, I need to know a bit more information from you. Could you please provide me with the following details:

* Your order number (if you have one)
* Your customer service email address
* Your phone number (if you prefer to call)

Once I have this information, I'll be happy to assist you with any questions or concerns you may have.",0.5468368220329285,"To speak with a live agent, I need to know a bit more information from you. Could you please provide me with the following details:

* Your order number (if you have one)
* Your customer service email address
* Your phone number (if you prefer to call)

Once I have this information, I'll be happy to assist you with any questions or concerns you may have.",1.09958589553833,0.19591836734693877,0.7780949,0.8418771,0.7830558,2.4687201976776123,0.9682539682539683,0.0,64,,0.0,0.0,,0.19591836734693877,0.7780949,0.8418771,0.7830558,2.4687201976776123,0.9682539682539683,0.0,64,,0.0,0.0,
152,BILQZ,how do i restore my account passwodr,ACCOUNT,recover_password,"I understand your urgency to restore your account password. Don't worry, I'm here to guide you through the process with ease. Let's take these steps together:

1. To begin, go to the ""{{Login Page URL}}"" of our platform. It's the first step to regaining access to your account.
2. Look for the ""{{Forgot Password}}"" option on the login page. This will be your key to restoring your password.
3. Once you click on the ""{{Forgot Password}}"" option, you'll be prompted to enter your email address associated with your account. Please make sure to provide the correct email address to receive the password reset instructions.
4. Keep an eye on your inbox, as you'll receive an email with detailed instructions on how to reset your account password. This email may take a few minutes to arrive, so please be patient.
5. When you receive the email, follow the instructions precisely to set up a new, secure password for your account.

In case you encounter any difficulties during this process, don't hesitate to reach out. Your account security is our utmost priority, and we're here to assist you every step of the way!","I'm happy to help you with that. However, I need to clarify a few things. Could you please provide me with some more information about your account and password issue?

Here's what I need from you:

* Your account number or order number
* The last 4 digits of your account number
* Your current password
* The type of account you have (e.g., email, social media, etc.)

Once I have this information, I'll do my best to assist you in restoring your account password.",0.5468368220329285,"I'm happy to help you with that. However, I need to clarify a few things. Could you please provide me with some more information about your account and password issue?

Here's what I need from you:

* Your account number or order number
* The last 4 digits of your account number
* Your current password
* The type of account you have (e.g., email, social media, etc.)

Once I have this information, I'll do my best to assist you in restoring your account password.",1.09958589553833,0.16901408450704228,0.76663744,0.6595808,0.7860316,2.391756057739258,0.9375,0.0,81,0.0,0.0,0.0,,0.16901408450704228,0.76663744,0.6595808,0.7860316,2.391756057739258,0.9375,0.0,81,0.0,0.0,0.0,
153,BILQW,what do i have to do to edit my goddamn profile,ACCOUNT,edit_account,"It's truly captivating to witness your determination to edit your profile.I'm here to provide the necessary guidance and support to make this process effortless for you.

To edit your profile, you can follow these simple steps:
1. Log in to your account on our website or mobile app.
2. Navigate to the ""Profile"" or ""Account Settings"" section.
3. Locate the option to edit your profile information.
4. Click on the ""Edit"" or ""Update"" button.
5. Make the desired changes to your profile, such as updating your name, contact information, or preferences.
6. Double-check the changes you've made to ensure accuracy.
7. Save or apply the changes before exiting the profile editing page.

Should you encounter any difficulties during the process or if you have any specific questions or concerns, our dedicated customer support team is just a message or call away. We're readily available to offer personalized assistance and ensure a seamless experience throughout the profile editing journey.

Remember, your satisfaction and convenience are our top priorities. We're here to provide comprehensive support at every step of the way.","I'm here to help, but I need a bit more information from you. Could you please provide me with the following details:

* Your Order Number (if you have one)
* Your Person Name (if you have one)
* The specific changes you'd like to make to your profile
* Any specific settings or options you'd like to adjust

Once I have this information, I'll do my best to guide you through the process of editing your profile.",0.5468368220329285,"I'm here to help, but I need a bit more information from you. Could you please provide me with the following details:

* Your Order Number (if you have one)
* Your Person Name (if you have one)
* The specific changes you'd like to make to your profile
* Any specific settings or options you'd like to adjust

Once I have this information, I'll do my best to guide you through the process of editing your profile.",1.09958589553833,0.17424242424242425,0.7794174,0.5760893,0.67184424,2.477161407470703,0.9178082191780822,0.0,74,,0.0,0.0,,0.17424242424242425,0.7794174,0.5760893,0.67184424,2.477161407470703,0.9178082191780822,0.0,74,,0.0,0.0,
154,BIL,what do I have to do to change to the {{Account Type}} account?,ACCOUNT,switch_account,"I'll make it happen! I'm thrilled to guide you through the journey of upgrading to our {{Account Type}} account, which encompasses a host of exclusive features and benefits:

1. **Begin Transition:** The first step is to access your account by signing in to our platform.
2. **Navigate to Account Settings:** Once logged in, proceed to the '{{Settings}}' or '{{Profile}}' section.
3. **Upgrade Option:** Within this section, look for an option labeled '{{Upgrade Account}}' or '{{Account Change}}'.
4. **Select {{Account Type}} Account:** Choose the '{{Account Type}}' option from the available choices.
5. **Finalize the Switch:** Follow the on-screen instructions to complete the upgrade process.

Should you encounter any difficulties or have further inquiries, please don't hesitate to let me know. I'm here to ensure a seamless and gratifying transition to our {{Account Type}} account, empowering you with additional features and an enhanced experience.","To switch to {{Account Type}}, I need to know a few more details from you. Can you please provide me with the following information:

1. Your current account type (e.g., Checking, Savings, Credit Card, etc.)
2. Your current account number or customer ID
3. Your desired account type (e.g., Checking, Savings, Credit Card, etc.)

Once I have this information, I can guide you through the process of switching to {{Account Type}}.",0.5468368220329285,"To switch to {{Account Type}}, I need to know a few more details from you. Can you please provide me with the following information:

1. Your current account type (e.g., Checking, Savings, Credit Card, etc.)
2. Your current account number or customer ID
3. Your desired account type (e.g., Checking, Savings, Credit Card, etc.)

Once I have this information, I can guide you through the process of switching to {{Account Type}}.",1.09958589553833,0.17272727272727273,0.7736529,0.8445757,0.7419721,2.307537317276001,0.8461538461538461,0.0,66,0.2,0.0,0.0,,0.17272727272727273,0.7736529,0.8445757,0.7419721,2.307537317276001,0.8461538461538461,0.0,66,0.2,0.0,0.0,
155,BIL,do you have a method to submit a comment for your company?,FEEDBACK,review,"Certainly! We appreciate your interest in sharing your comment with us. To ensure that your feedback reaches the right department, we have a dedicated platform on our website where you can submit your comment. Simply visit our website, navigate to the 'Contact Us' page, and you'll find a form specifically designed for submitting comments. Rest assured that your comment will be carefully reviewed, and we genuinely value your input as it helps us improve our services. If you need any assistance or have any questions while submitting your comment, please feel free to let me know and I'll be happy to help you.","I'd be happy to help you submit a comment for our company. We have a simple and secure way to do so. Please find the steps below:

1. Go to our website at [www.yourcompany.com](http://www.yourcompany.com).
2. Click on the ""Contact Us"" button at the top right corner of the page.
3. Select ""Leave a comment"" from the dropdown menu.
4. Fill in the required information, including your name, email address, and a brief comment.
5. Review your comment carefully before submitting it.

Alternatively, you can also submit your comment through our mobile app or by sending an email to our customer service team at [customerservice@yourcompany.com](mailto:customerservice@yourcompany.com).

If you have any trouble accessing our website or submitting a comment, please don't hesitate to contact us. We're here to help.",0.5468368220329285,"I'd be happy to help you submit a comment for our company. We have a simple and secure way to do so. Please find the steps below:

1. Go to our website at [www.yourcompany.com](http://www.yourcompany.com).
2. Click on the ""Contact Us"" button at the top right corner of the page.
3. Select ""Leave a comment"" from the dropdown menu.
4. Fill in the required information, including your name, email address, and a brief comment.
5. Review your comment carefully before submitting it.

Alternatively, you can also submit your comment through our mobile app or by sending an email to our customer service team at [customerservice@yourcompany.com](mailto:customerservice@yourcompany.com).

If you have any trouble accessing our website or submitting a comment, please don't hesitate to contact us. We're here to help.",1.09958589553833,0.23577235772357724,0.79415184,0.664734,0.65341747,1.8800586462020874,0.9090909090909091,0.0,133,,0.0,1.0,url:www.yourcompany.com](http://www.yourcompany.com; email:customerservice@yourcompany.com; email:customerservice@yourcompany.com,0.23577235772357724,0.79415184,0.664734,0.65341747,1.8800586462020874,0.9090909090909091,0.0,133,,0.0,1.0,url:www.yourcompany.com](http://www.yourcompany.com; email:customerservice@yourcompany.com; email:customerservice@yourcompany.com
156,BILZ,how can I find informnation about a key retrieval?,ACCOUNT,recover_password,"No worries, I completely understand your need for information on key retrieval. Let me guide you through the process:

To find information about a key retrieval, you can visit our support page on our website at {{Website URL}}. On the support page, you will find a search bar where you can type in ""key retrieval"" or a related keyword. This will provide you with articles, guides, or tutorials on how to retrieve a lost or forgotten key.

If you can't find the specific information you're looking for, don't hesitate to reach out to our customer support team. They are available {{Customer Support Hours}} and can provide you with personalized assistance on key retrieval.

Remember, we're here to help you every step of the way!","I'm here to help. To find information about a key retrieval, I would recommend the following options:

1. Contact the bank or financial institution directly: Reach out to the bank or financial institution where the key was lost or stolen and ask if they have any information about the key retrieval process. They may be able to provide you with a reference number or other contact information for the relevant department.
2. Check the bank's website or customer portal: Many banks have a website or customer portal where you can access your account information, including any key retrieval details.
3. Contact the bank's customer service department: If you can't find the information online, you can contact the bank's customer service department directly. They should be able to provide you with the information you need.
4. Look for a key retrieval form: Some banks may have a key retrieval form that you can fill out to request the return of your lost key. This form may be available on the bank's website or in person.

To make it easier for you, I'll need to know a bit more about your situation. Can you please provide me with your Order Number or {{Order Number}} or {{Person Name}} so I can assist you further?",0.5468368220329285,"I'm here to help. To find information about a key retrieval, I would recommend the following options:

1. Contact the bank or financial institution directly: Reach out to the bank or financial institution where the key was lost or stolen and ask if they have any information about the key retrieval process. They may be able to provide you with a reference number or other contact information for the relevant department.
2. Check the bank's website or customer portal: Many banks have a website or customer portal where you can access your account information, including any key retrieval details.
3. Contact the bank's customer service department: If you can't find the information online, you can contact the bank's customer service department directly. They should be able to provide you with the information you need.
4. Look for a key retrieval form: Some banks may have a key retrieval form that you can fill out to request the return of your lost key. This form may be available on the bank's website or in person.

To make it easier for you, I'll need to know a bit more about your situation. Can you please provide me with your Order Number or {{Order Number}} or {{Person Name}} so I can assist you further?",1.09958589553833,0.21965317919075147,0.81704533,0.53012013,0.6501996,2.297701120376587,0.8118811881188119,0.0,203,0.0,0.0,0.0,,0.21965317919075147,0.81704533,0.53012013,0.6501996,2.297701120376587,0.8118811881188119,0.0,203,0.0,0.0,0.0,
157,BLQZ,show me in which situations can i ask for refunds,REFUND,check_refund_policy,"I'll do my best! I understand your desire to have a clear understanding of the situations in which you can request a refund. Here are some common scenarios where you may be eligible for a refund:

1. **Product/Service Defect:** If the product or service you received has a defect or does not meet the description, you have the right to request a refund.
2. **Order Cancellation:** If you change your mind and decide to cancel your order within the specified timeframe, you should be able to receive a refund.
3. **Unauthorized Charges:** If you notice unauthorized charges on your account or credit card statement, please let us know immediately. We will investigate the charges and assist you with a refund if necessary.
4. **Delivery Issues:** If your order is not delivered on time or fails to arrive altogether, you may be eligible for a refund.
5. **Event Cancellation:** If you purchased tickets for an event that gets canceled, you should typically be entitled to a refund.
6. **Duplicate Charges:** If you are accidentally charged multiple times for the same item or service, please reach out to us. We will address the issue promptly and process a refund if needed.

Remember that refund policies may vary depending on the specific vendor or service provider. It's always a good idea to review the terms and conditions or contact the seller directly for more information on their refund policy. If you have any specific questions or concerns about a recent purchase, please provide me with the relevant details, such as the order number, so I can assist you further. Your satisfaction is our top priority, and we're here to help in any way we can.","I'm happy to help you with that. Here are some situations where you can ask for a refund:

1. **Incorrect or Damaged Product**: If you receive a product that is damaged, worn out, or incorrect, you can ask for a refund. For example, if you buy a pair of shoes and find that the soles are worn out, you can ask for a refund.

2. **Poor Quality or Defective Product**: If you receive a product that is of poor quality or defective, you can ask for a refund. For instance, if you buy a smartphone and find that the battery is dead after a short period, you can ask for a refund.

3. **Unwanted or Unused Product**: If you buy a product that you don't want or need, you can ask for a refund. For example, if you buy a book and find that you don't want to read it, you can ask for a refund.

4. **Incorrect or Missing Information**: If you buy a product and find that there is incorrect or missing information, you can ask for a refund. For instance, if you buy a car and find that the car is not as described, you can ask for a refund.

5. **Refund Policy Not Clear**: If the refund policy is not clear or if you are unsure about what is covered under the refund policy, you can ask for",0.5468368220329285,"I'm happy to help you with that. Here are some situations where you can ask for a refund:

1. **Incorrect or Damaged Product**: If you receive a product that is damaged, worn out, or incorrect, you can ask for a refund. For example, if you buy a pair of shoes and find that the soles are worn out, you can ask for a refund.

2. **Poor Quality or Defective Product**: If you receive a product that is of poor quality or defective, you can ask for a refund. For instance, if you buy a smartphone and find that the battery is dead after a short period, you can ask for a refund.

3. **Unwanted or Unused Product**: If you buy a product that you don't want or need, you can ask for a refund. For example, if you buy a book and find that you don't want to read it, you can ask for a refund.

4. **Incorrect or Missing Information**: If you buy a product and find that there is incorrect or missing information, you can ask for a refund. For instance, if you buy a car and find that the car is not as described, you can ask for a refund.

5. **Refund Policy Not Clear**: If the refund policy is not clear or if you are unsure about what is covered under the refund policy, you can ask for",1.09958589553833,0.253358925143954,0.8197467,0.6712998,0.6115087,1.4647777080535889,0.5353982300884956,0.0,227,,0.0,0.0,,0.253358925143954,0.8197467,0.6712998,0.6115087,1.4647777080535889,0.5353982300884956,0.0,227,,0.0,0.0,
158,BILMPW,where could I inform of bloody issues with payment?,PAYMENT,payment_issue,"I'm sorry to hear that you're experiencing bloody issues with your payment. To report this problem, you can reach out to our customer support team via [Customer Support Phone Number] or [Company Website Live Chat]. They will be able to assist you further and provide guidance on how to resolve the payment issue. Rest assured, we are here to support you every step of the way.","I'm here to help. If you're experiencing issues with payment, I'd recommend reaching out to our customer service team. You can contact us through the following channels:

1. Phone: Call us at 1-800-{{Order Number}} (1-800-800-624) to speak with a representative.
2. Email: Send an email to [{{Order Service Email}}](mailto:{{Order Service Email}) with a clear description of your issue.
3. Live Chat: If you have any questions or concerns, you can try our live chat feature on our website.

Please provide me with your Order Number or the Order Number of the issue you're experiencing, and I'll do my best to assist you.",0.5468368220329285,"I'm here to help. If you're experiencing issues with payment, I'd recommend reaching out to our customer service team. You can contact us through the following channels:

1. Phone: Call us at 1-800-{{Order Number}} (1-800-800-624) to speak with a representative.
2. Email: Send an email to [{{Order Service Email}}](mailto:{{Order Service Email}) with a clear description of your issue.
3. Live Chat: If you have any questions or concerns, you can try our live chat feature on our website.

Please provide me with your Order Number or the Order Number of the issue you're experiencing, and I'll do my best to assist you.",1.09958589553833,0.27472527472527475,0.8035786,0.56185156,0.80553997,2.609375476837158,0.9468085106382979,0.0,95,,1.0,1.0,phone:1-800-800-624,0.27472527472527475,0.8035786,0.56185156,0.80553997,2.609375476837158,0.9468085106382979,0.0,95,,1.0,1.0,phone:1-800-800-624
159,BL,I have got to file a consumer claim against your company,FEEDBACK,complaint,"I'm sorry to hear that you need to file a consumer claim against our company. I understand that this situation might be frustrating for you, and I want to assure you that I'm here to help. To start the process, could you please provide me with some details about your claim? This will help us assess the situation and work towards a resolution. Your feedback is highly valuable to us, and we appreciate you bringing this matter to our attention.","I'm so sorry to hear that you're experiencing issues with your purchase. I'd like to help you resolve the matter. Could you please provide me with your Order Number or {{Order Number}} so I can look into this further and assist you with your consumer claim? Additionally, could you please tell me a bit more about the issue you're experiencing? This will help me to better understand the situation and provide a more accurate response.",0.5468368220329285,"I'm so sorry to hear that you're experiencing issues with your purchase. I'd like to help you resolve the matter. Could you please provide me with your Order Number or {{Order Number}} so I can look into this further and assist you with your consumer claim? Additionally, could you please tell me a bit more about the issue you're experiencing? This will help me to better understand the situation and provide a more accurate response.",1.09958589553833,0.3229813664596273,0.8515828,0.5048699,0.7228458,2.5394644737243652,0.9305555555555556,0.0,73,,0.0,0.0,,0.3229813664596273,0.8515828,0.5048699,0.7228458,2.5394644737243652,0.9305555555555556,0.0,73,,0.0,0.0,
160,BLQ,need assistance to acquire a product,ORDER,place_order,"Thank you for reaching out! I'm here to provide you with the assistance you need to acquire the product you're interested in. To start, could you please provide me with the name or any specific details about the product? With this information, I'll be able to guide you through the process and ensure that you have a seamless and satisfying experience.","I'd be happy to help you acquire the product you need. To better assist you, could you please provide me with the following information:

* The product name or description
* The product's price or any relevant discount information
* The product's availability (in stock, on backorder, etc.)
* Any specific requirements or preferences you may have (e.g., shipping, delivery, etc.)

Once I have this information, I'll do my best to assist you in acquiring the product you need.",0.5468368220329285,"I'd be happy to help you acquire the product you need. To better assist you, could you please provide me with the following information:

* The product name or description
* The product's price or any relevant discount information
* The product's availability (in stock, on backorder, etc.)
* Any specific requirements or preferences you may have (e.g., shipping, delivery, etc.)

Once I have this information, I'll do my best to assist you in acquiring the product you need.",1.09958589553833,0.38888888888888884,0.8287626,0.7255244,0.6553383,2.599125385284424,0.9066666666666666,0.0,76,,0.0,0.0,,0.38888888888888884,0.8287626,0.7255244,0.65533835,2.599125385284424,0.9066666666666666,0.0,76,,0.0,0.0,
161,BKL,correcting information on pro account,ACCOUNT,edit_account,"We truly appreciate your commitment to keeping the information on your pro account accurate and up to date! Your proactive approach to correcting any discrepancies is commendable, as it allows us to provide you with the best service possible. To assist you in correcting the information on your pro account, could you please provide us with more specific details about the information you need to correct? This will enable us to guide you through the process more efficiently and ensure that your account information is accurately updated. We're here to support you every step of the way!","I'm happy to help you with your concern. However, I need more information to provide a suitable solution. Could you please provide me with the following details:

* Your Pro account number
* The specific issue or problem you're experiencing with the account
* Any relevant details or context about the issue

Once I have this information, I'll do my best to assist you in correcting the information on your Pro account.",0.5468368220329285,"I'm happy to help you with your concern. However, I need more information to provide a precise solution. Could you please provide me with the following details:

* Your Pro account number
* The specific issue or problem you're experiencing with the account
* Any relevant details or context about the issue

Once I have this information, I'll do my best to assist you in correcting the information on your Pro account.",1.09958589553833,0.24705882352941178,0.82484186,0.64471525,0.7112286,2.8163504600524902,0.9558823529411765,0.0,69,,0.0,0.0,,0.24705882352941178,0.82557374,0.6465546,0.717283,2.8315670490264893,0.9558823529411765,0.0,69,,0.0,0.0,
162,BIL,can you help me switch an item of order {{Order Number}}?,ORDER,change_order,"Thank you for reaching out! We completely understand that you would like to switch an item in order number {{Order Number}}. We're here to assist you with that. To ensure we provide accurate guidance and make the necessary changes, could you please specify the item you'd like to switch and let us know which item you'd like to replace it with? Your satisfaction is our priority, and we'll do everything we can to help you with this adjustment.","I'd be happy to help you switch an item in your order. To proceed, I'll need to know a few details from you. Could you please provide me with the following information:

* The order number of the item you'd like to switch
* The new item number you'd like to switch to
* Any specific details about the item you'd like to switch, such as the new item's description or any relevant packaging information

Once I have this information, I'll do my best to assist you in switching the item in your order.",0.5468368220329285,"I'd be happy to help you switch an item in your order. To proceed, I'll need to know a few details from you. Could you please provide me with the following information:

* The order number of the item you'd like to switch
* The new item number you'd like to switch to
* Any specific details about the item you'd like to switch, such as the new item's description or any relevant packaging information

Once I have this information, I'll do my best to assist you in switching the item in your order.",1.09958589553833,0.3,0.8315842,0.77664983,0.859974,2.3333675861358643,0.8555555555555555,0.0,91,0.0,0.0,0.0,,0.3,0.8315842,0.77664983,0.859974,2.3333675861358643,0.8555555555555555,0.0,91,0.0,0.0,0.0,
163,BILMQ,are there early termination penalties,CANCEL,check_cancellation_fee,"I'll make it happen! If you terminate your contract early, there may be early termination penalties. You can review the ""Termination Fees"" section in your account for more information regarding any charges that may apply.","I'd be happy to help you with that. Regarding early termination penalties, I've found that they are available in some cases. However, the specifics can vary depending on the type of contract, agreement, or service you're using.

Typically, early termination penalties are more common for services like telecommunications, software, or other subscription-based products. These penalties can be applied when you cancel or terminate a service before the end of the contract or agreement.

To give you a better understanding, here are some general guidelines:

1. **Telecommunications**: Early termination penalties for telecommunications services can range from a few hundred to several thousand dollars, depending on the provider and the specific service.
2. **Software and subscription services**: The penalties for early termination can also vary, but they can be substantial, sometimes exceeding the cost of the service.
3. **Other services**: The specifics can vary, but early termination penalties are often applied to services like cloud computing, hosting, or other subscription-based products.

To confirm the specifics of your early termination penalty, I recommend contacting the provider or the company that you're using. They should be able to provide you with more detailed information and guidance on how to manage your account and avoid any potential penalties.

If you have any further questions or concerns, feel free to ask, and I'll do my best to assist you.",0.5468368220329285,"I'd be happy to help you with that. Regarding early termination penalties, I've found that they are available in some cases. However, the specifics can vary depending on the type of contract, agreement, or service you're using.

Typically, early termination penalties are more common for services like telecommunications, software, or other subscription-based products. These penalties can range from a few hundred to several thousand dollars, depending on the terms of your agreement.

To give you a better idea, here are some general guidelines:

- Early termination fees for services like phone or internet plans: $500-$2,000
- Early termination fees for software or subscription-based products: $1,000-$10,000
- Early termination fees for other services, like insurance or membership programs: $500-$5,000

Keep in mind that these are rough estimates, and the actual cost of an early termination penalty can vary widely depending on the specifics of your agreement.

If you're concerned about an early termination penalty, I recommend reaching out to the provider or service you're using for more information. They should be able to provide you with a clear understanding of what's included and what's not, as well as any potential penalties or fees associated with terminating your contract early.

Would you like me to look into this further for you?",1.09958589553833,0.12030075187969924,0.7558268,0.70947015,0.6761631,2.4001152515411377,0.8733031674208145,0.0,222,,0.0,0.0,,0.1317829457364341,0.75604,0.6244595,0.6595618,2.1026594638824463,0.8480392156862745,0.0,205,,0.0,1.0,"money:$500; money:$2,000; money:$1,000; money:$10,000; money:$500; money:$5,000"
164,BIQ,can ya tell me more about changing the shipping address,SHIPPING,change_shipping_address,"Of course! If you need to change the shipping address for your order, we can assist you with that. Simply contact our customer support team and provide them with your order details. They will guide you through the process of updating your shipping address.","I'd be happy to help you with changing your shipping address. To better assist you, could you please provide me with some more information?

You see, I'm not sure what specific shipping address you're trying to change, but I can guide you through the general process. Please provide me with the following details:

* Your current shipping address
* The new shipping address you'd like to use
* Your current shipping address's zip code or postal code
* Your name (or the name of the person whose address you're trying to change)

Once I have this information, I can walk you through the steps to update your shipping address.",0.5468368220329285,"I'd be happy to help you with changing your shipping address. To better assist you, could you please provide me with some more information?

Can you please provide me with your Order Number or {{Order Number}} so I can look up your order and provide more accurate instructions on how to change your shipping address?

Additionally, are you looking to change your shipping address for a specific reason, such as delivery to a different address or a change in your delivery preferences?",1.09958589553833,0.23225806451612907,0.80832535,0.78180003,0.79305726,2.3564155101776123,0.8365384615384616,0.0,105,,0.0,0.0,,0.23622047244094488,0.8141955,0.7198814,0.78618807,2.6228790283203125,0.8607594936708861,0.0,80,,0.0,0.0,
165,BL,I don't know how I can see when will my parcel arrive,DELIVERY,delivery_period,"We recognize that you're unsure about how to track the delivery of your parcel. We're here to guide you through the process so you can stay updated on its arrival. To assist you better, could you provide us with the {{Tracking Number}} or {{Order Number}}? With this information, we can provide you with the most accurate estimate of when you can expect your parcel to arrive. Your satisfaction is our top priority, and we appreciate your patience while we assist you with this.","I'm happy to help you with that. To track your parcel, I can guide you through the process. Here's what you can do:

1. Log in to your account on our website.
2. Click on the 'Track' or 'Order Status' tab.
3. Enter your order number or the tracking number provided by our courier.
4. You should see the latest tracking information, including the expected delivery date.

If you're still having trouble, please let me know the tracking number and I can try to assist you further.",0.5468368220329285,"I'm happy to help you with that. To track your parcel, I can guide you through the process. Here's what you can do:

1. Log in to your account on our website.
2. Click on the 'Track' or 'Order Status' tab.
3. Enter your order number or the tracking number provided by our courier.
4. You should see the latest tracking information, including the expected delivery date.

If you're still having trouble, please let me know the tracking number and I can try to assist you further.",1.09958589553833,0.29714285714285715,0.8052752,0.71242714,0.805812,2.5257368087768555,0.9634146341463414,0.0,83,0.0,0.0,0.0,,0.29714285714285715,0.80527526,0.71242714,0.805812,2.5257368087768555,0.9634146341463414,0.0,83,0.0,0.0,0.0,
166,BLQ,I'm trying to see the eta of purchase {{Order Number}},ORDER,track_order,"We appreciate your inquiry to track the estimated time of arrival (ETA) of your purchase with the purchase number {{Order Number}}. To provide you with the most accurate information, could you please confirm if this purchase was made on our website or through a third-party platform? Once I have this information, I will be able to guide you more effectively to check the ETA.","I'd be happy to help you with that. However, I need to know your order number so I can provide you with the most accurate information. Could you please provide me with your order number?",0.5468368220329285,"I'd be happy to help you with that. However, I need to know your order number so I can provide you with the most accurate information. Could you please provide me with your order number?",1.09958589553833,0.2772277227722772,0.8248464,0.49065292,0.46405333,2.169501304626465,0.9117647058823529,0.0,35,0.0,0.0,0.0,,0.2772277227722772,0.8248464,0.49065292,0.46405333,2.169501304626465,0.9117647058823529,0.0,35,0.0,0.0,0.0,
167,BLZ,I need hdlp to submit my feedback for a product,FEEDBACK,review,"I'll do my best! I'm here to assist you in submitting your feedback for our products. Your opinion matters to us, and we greatly appreciate your willingness to share your thoughts. To provide feedback on a specific product, you can navigate to our website and find the product page. There, you'll usually find an option to leave a review or provide feedback. You can share your experiences, suggestions, or any other comments you have about the product. If you need any further guidance or encounter any issues while submitting your feedback, please don't hesitate to let me know. I'm here to ensure that your feedback reaches the right channels and contributes to our continuous improvement.","I'd be happy to help you submit your feedback for the product. To get started, could you please provide me with the following information:

* Your Order Number (if you have one)
* Your Name ({{Person Name}})
* The product you'd like to submit feedback for ({{Product Name}})
* A brief description of the issue or concern you're experiencing with the product

Once I have this information, I'll do my best to guide you through the process of submitting your feedback.",0.5468368220329285,"I'd be happy to help you submit your feedback for the product. To get started, could you please provide me with the following information:

* Your Order Number (if you have one)
* Your Name ({{Person Name}})
* The product you'd like to submit feedback for ({{Product Name}})
* A brief description of the issue or concern you're experiencing with the product

Once I have this information, I'll do my best to guide you through the process of submitting your feedback.",1.09958589553833,0.23880597014925375,0.80526793,0.6217489,0.7622615,2.738839626312256,0.9305555555555556,0.0,73,,1.0,0.0,,0.23880597014925375,0.80526793,0.6217489,0.7622615,2.738839626312256,0.9305555555555556,0.0,73,,1.0,0.0,
168,BILQ,how do i download my bill #37777,INVOICE,get_invoice,"Sure, I understand that you need guidance on how to download your bill with the number #{{Invoice Number}}. To download your bill, please follow these steps:

1. Log in to your account on our website/app.
2. Navigate to the ""Billing"" or ""Invoices"" section.
3. Search for the specific bill number {{Invoice Number}}.
4. Once you find it, there should be a download or print option next to it.
5. Click on the download button to save the bill to your device.

If you encounter any issues or need further assistance, please don't hesitate to reach out. We're here to help!""","I'm happy to help you with that. To download your bill, I'll need to know a few more details from you. Could you please provide me with the following information:

* Your account number (which you can find on your bill or on your bank's website)
* Your name ({{Person Name}})

Once I have this information, I can guide you through the process of downloading your bill.

Also, just to confirm, you want to download your bill, not print it out, correct?",0.5468368220329285,"I'm happy to help you with that. To download your bill, I'll need to know a few more details from you. Could you please provide me with the following information:

* Your account number (which you can find on your bill or on your bank's website)
* Your name ({{Person Name}})

Once I have this information, I can guide you through the process of downloading your bill.

Also, just to confirm, you want to download your bill, not pay it. Is that correct?",1.09958589553833,0.24731182795698928,0.80292743,0.8471978,0.7928084,2.668804883956909,0.922077922077922,0.0,78,0.0,0.0,0.0,,0.23529411764705885,0.79908127,0.8399927,0.77877545,2.635956048965454,0.9230769230769231,0.0,79,0.0,0.0,0.0,
169,BEL,I do not know what I need to do to look for the bill #85632,INVOICE,check_invoice,"I've decoded that you're unsure about how to look for the bill with the number #{{Invoice Number}}. Allow me to guide you through the process. To locate your bill, you can visit our website and log in to your account. Once logged in, navigate to the billing section, where you should find an option to view your bills. If you're facing any difficulties or need further assistance, please don't hesitate to let me know.","To help you find your bill number, I'll need to know a few more details. Could you please provide me with the following information:

* Your name ({{Person Name}})
* Your email address (if you have one)
* Your phone number (if you have one)
* The date you received the bill ({{Bill Date}})
* The billing company or service you used (e.g. your bank, credit card company, etc.)

Once I have this information, I can try to assist you in locating your bill number.",0.5468368220329285,"To help you find your bill number, I'll need to know a few more details. Could you please provide me with the following information:

* Your name ({{Person Name}})
* Your email address (if you have one)
* Your phone number (if you have one)
* The date you received the bill ({{Bill Date}})
* The billing company or service you used (e.g. your bank, credit card company, etc.)

Once I have this information, I can try to assist you in locating your bill number.",1.09958589553833,0.18749999999999997,0.79507595,0.6593993,0.77081907,2.4425060749053955,0.9342105263157895,0.0,77,0.0,1.0,0.0,,0.18749999999999997,0.795076,0.6593993,0.77081907,2.4425060749053955,0.9342105263157895,0.0,77,0.0,1.0,0.0,
170,BL,I am trying to call customer support,CONTACT,contact_customer_service,I hear you! I'm following you that you're trying to get in touch with our customer support team. Our dedicated phone line is available {{Customer Support Hours}}. You can reach us at {{Customer Support Phone Number}}. We are here to assist you with any inquiries or concerns you may have. Please don't hesitate to give us a call.,"I'm here to help. You're trying to contact customer support, but I don't see your order number or the name of the person you're trying to reach. Could you please provide me with the following information:

* Your order number
* The name of the person you're trying to contact (e.g., customer service representative, product specialist, etc.)

Once I have this information, I'll do my best to assist you with your query.",0.5468368220329285,"I'm here to help. You're trying to contact customer support, but I don't see your order number or the name of the person you're trying to reach. Could you please provide me with the following information:

* Your order number
* The name of the person you're trying to contact (e.g., customer service representative, sales representative, etc.)

Once I have this information, I'll do my best to assist you with your query.",1.09958589553833,0.21739130434782608,0.79228336,0.7217853,0.6283059,2.0455615520477295,0.8285714285714286,0.0,71,0.0,0.0,0.0,,0.21739130434782608,0.7920558,0.74053276,0.64675564,1.990557312965393,0.8285714285714286,0.0,71,0.0,0.0,0.0,
171,BM,I need help to report issues with payment,PAYMENT,payment_issue,"I'm sorry to hear that you're experiencing issues with your payment. Rest assured, I'm here to assist you in resolving this matter. To report the problem, please provide me with more details about the specific error or issue you encountered during the payment process. This information will help us investigate and address the problem promptly. Thank you for bringing this to our attention, and I appreciate your patience as we work towards a solution.","I'm here to assist you. To report an issue with your payment, I need some information from you. Could you please provide me with the following details:

* Your Order Number or {{Order Number}}
* The name of the person who made the payment ({{Person Name}})
* A brief description of the issue you're experiencing with the payment (e.g., it didn't go through, the amount is incorrect, etc.)

This information will help me better understand the issue and provide a more accurate solution.",0.5468368220329285,"I'm here to assist you. To report an issue with your payment, I need some information from you. Could you please provide me with the following details:

* Your Order Number or {{Order Number}}
* The name of the person who made the payment ({{Person Name}})
* A brief description of the issue you're experiencing with the payment (e.g., it didn't go through, the amount is incorrect, etc.)

Once I have this information, I'll do my best to help you resolve the issue with your payment.",1.09958589553833,0.34782608695652173,0.8194292,0.8546467,0.75002426,2.583907127380371,0.9473684210526315,0.0,77,,0.0,0.0,,0.30303030303030304,0.81631446,0.8400048,0.7996249,2.4416751861572266,0.9113924050632911,0.0,80,,0.0,0.0,
172,BL,help leaving feedback for your products,FEEDBACK,review,"We greatly appreciate your interest in sharing your feedback on our products! Your insights play a crucial role in helping us better understand our customers' needs and continuously improve our offerings. To leave feedback for our products, you can visit our website and navigate to the product page. There, you will find an option to leave a review or provide feedback. You can also reach out to our customer support team, and they will be more than happy to assist you in leaving your valuable feedback. We look forward to hearing your thoughts on our products!","To leave feedback for our products, please follow these steps:

1. Log in to your account on our website.
2. Click on the ""Order History"" tab.
3. Find the order for which you would like to leave feedback.
4. Click on the order to view the details.
5. Scroll down to the ""Leave Feedback"" section.
6. Write your feedback in the required space.
7. Add any additional comments or notes as needed.
8. Review your feedback carefully before submitting it.

Once you've completed the above steps, please click on the ""Submit Feedback"" button to send your feedback to us. If you need any assistance or have any questions, don't hesitate to contact us.

Alternatively, you can also leave feedback through our contact us page. To do this, please visit our website and navigate to the ""Contact Us"" section. From there, select ""Leave Feedback"" and follow the prompts to leave your feedback.

Thank you for taking the time to leave feedback for our products. We appreciate your feedback and will use it to improve our products and services.",0.5468368220329285,"To leave feedback for our products, please follow these steps:

1. Log in to your account on our website.
2. Click on the ""Order History"" tab.
3. Find the order for which you would like to leave feedback.
4. Click on the order to view the details.
5. Scroll down to the ""Leave Feedback"" section.
6. Write your feedback in the required space.
7. Add any additional comments or notes as needed.
8. Review your feedback carefully before submitting it.

Once you've completed the above steps, please click on the ""Submit Feedback"" button to send your feedback to us. If you need any assistance or have any questions, don't hesitate to contact us.

Alternatively, you can also leave feedback through our contact us page. To do this, please visit our website and navigate to the ""Contact Us"" section. From there, select ""Leave Feedback"" and follow the prompts to leave your feedback.

Thank you for taking the time to leave feedback for our products. We appreciate your feedback and will use it to improve our products and services.",1.09958589553833,0.22545454545454546,0.7963605,0.7380559,0.7689223,2.1521880626678467,0.8392857142857143,0.0,169,,0.0,0.0,,0.22545454545454546,0.7963605,0.7380559,0.7689223,2.1521880626678467,0.8392857142857143,0.0,169,,0.0,0.0,
173,BKLM,see invoices from {{Person Name}},INVOICE,check_invoice,"I gather that you're looking to view the invoices associated with Mr. {{Client Last Name}}. To access the invoices, you can log in to your account on our website and navigate to the ""Invoices"" or ""Billing"" section. If you're unable to find the invoices there, please provide me with your account details, and I'll be happy to assist you further in locating the invoices.","To view invoices from {{Person Name}}, I need to access our company's internal system. Can you please provide me with the following information:

* Your {{Person Name}} account number
* The last 4 digits of your {{Person Name}} account number (for security purposes)

Once I have this information, I can retrieve the invoices for you.",0.5468368220329285,"To view invoices from {{Person Name}}, I need to access our company's internal system. Can you please provide me with the following information:

* Your {{Person Name}} account number
* The last 4 digits of your {{Person Name}} account number (for security purposes)

Once I have this information, I can retrieve the invoices for you.",1.09958589553833,0.2809917355371901,0.8322283,0.7278752,0.7318569,2.809927463531494,0.9555555555555556,0.0,46,0.0,0.0,0.0,,0.2809917355371901,0.8322283,0.7278752,0.7318569,2.809927463531494,0.9555555555555556,0.0,46,0.0,0.0,0.0,
174,BLQ,see at what time i can call customer support,CONTACT,contact_customer_service,I hear you! I'm following you that you would like to know the hours during which you can call our customer support team. Our dedicated team is available to assist you from {{Customer Support Hours}}. You can reach us at {{Customer Support Phone Number}}. We are here to help and answer any questions you may have. How else may I assist you today?,"Our customer support team is available to assist you from 8am to 8pm, Monday to Friday. You can reach us by calling our hotline at {{Phone Number}} or by sending an email to {{Email Address}}. We will respond to your query as soon as possible. If you need help with something specific, please let us know and we'll do our best to assist you.",0.5468368220329285,"Our customer support team is available to assist you from 8am to 8pm, Monday to Friday. You can reach us by calling our hotline at {{Phone Number}} or by sending an email to {{Email Address}}. We will respond to your query as soon as possible. If you need help with something specific, please let us know and we'll do our best to assist you.",1.09958589553833,0.35658914728682173,0.83638424,0.61069226,0.66803485,2.14180064201355,0.9661016949152542,0.0,60,0.0,1.0,0.0,,0.35658914728682173,0.83638424,0.61069226,0.66803485,2.14180064201355,0.9661016949152542,0.0,60,0.0,1.0,0.0,
175,BCILMNQZ,i cant open a user profile where do i report sign-u errors,ACCOUNT,registration_problems,"Thank you for bringing this issue to our attention. I apologize for the inconvenience you're facing in accessing the user profile. To report sign-up errors, please reach out to our customer support team through our website's live chat or contact our dedicated support line at {{Customer Support Phone Number}}. We'll make sure to investigate and resolve the issue as soon as possible. Your feedback is valuable and helps us improve our services for a better user experience.","I'm sorry to hear that you're having trouble accessing your user profile.

To resolve this issue, I'd like to help you troubleshoot. Before I can assist further, I need to know more about the issue. Could you please provide me with the following information:

1. Your user ID or account name
2. The operating system and browser you're using (e.g., Windows, macOS, or Chrome)
3. The exact error message you're seeing (if any)

Once I have this information, I can try to guide you through the process of reporting the issue to Adobe's support team.",0.5468368220329285,"I'm sorry to hear that you're having trouble accessing your user profile.

To resolve this issue, I'd like to help you troubleshoot. Before I can assist further, I need to know more about the issue. Could you please provide me with the following information:

1. Your User ID or Account Number
2. The error message you're seeing (if any)
3. The operating system and browser you're using (Windows, macOS, or Chrome)

Once I have this information, I'll do my best to assist you in getting back to your user profile.",1.09958589553833,0.15300546448087432,0.7933637,0.47949493,0.5355983,2.1971473693847656,0.967391304347826,0.0,93,0.0,0.0,0.0,,0.1694915254237288,0.7941275,0.5411552,0.7084088,2.1966593265533447,0.9651162790697675,0.0,87,0.0,0.0,0.0,
176,BCLM,"I have got to see what shipping methods are there, help me",DELIVERY,delivery_options,"Indeed! Let me guide you through our various shipping methods:

1. Standard Shipping: This option typically takes {{Date Range}} business days for delivery. It's perfect if you're not in a rush and prefer a more affordable shipping option.
2. Expedited Shipping: If you need your items a bit faster, expedited shipping can get them to you within {{Date Range}} business days.
3. Overnight Shipping: For urgent needs, our overnight shipping ensures delivery by the next business day.
4. In-store Pickup: If you prefer a more personalized experience, you can choose to pick up your items from one of our {{Store Location}}.

These options provide flexibility to suit your unique requirements. If you have any specific questions or if there's anything else I can assist you with, please feel free to ask. Your satisfaction is our top priority!","I'd be happy to help you with shipping options. To provide you with the best shipping methods, I need to know a bit more information. Could you please provide me with the following details:

* What is the estimated delivery date for your order?
* What type of shipping method are you looking for (e.g. express, standard, economy)?
* Are there any specific delivery locations or regions you'd like to choose from?

Once I have this information, I can provide you with some shipping options and help you choose the best one for your needs.",0.5468368220329285,"I'd be happy to help you with shipping options. To provide you with the best shipping methods, I need to know a bit more information. Could you please provide me with the following details:

* What is the estimated delivery date for your order?
* What type of shipping method are you looking for (e.g. express, standard, economy)?
* Are there any specific delivery locations or regions you'd like to choose from?

Once I have this information, I can provide you with some shipping options and help you choose the best one for your needs.",1.09958589553833,0.1864406779661017,0.7653521,0.7404419,0.69190186,2.3779284954071045,0.9130434782608695,0.0,93,0.0,0.0,0.0,,0.1864406779661017,0.7653521,0.7404419,0.69190186,2.3779284954071045,0.9130434782608695,0.0,93,0.0,0.0,0.0,
177,BCLZ,"I have submitted a wrong shippingh address, update it",SHIPPING,change_shipping_address,No problem! I can help you update your shipping address. Please provide me with the correct address and I'll make sure it gets updated for you.,"I'm happy to help you with the issue. However, I need to clarify that I don't have access to your personal order details or any specific information about your order. I'm a large language model, I don't store or retain any personal data about you.

That being said, I can guide you through the process to update your shipping address. To do this, I'll need to know the order number or your name. If you can provide me with that information, I can assist you in updating your shipping address.

If you're still unsure about your order number, please let me know and I can try to find it for you. Alternatively, you can also contact our customer service team directly, and we'll be happy to assist you with updating your shipping address.",0.5468368220329285,"I'm happy to help you with the issue. However, I need to clarify that I don't have access to your personal order details or any specific information about your order. I'm a large language model, I don't store or retain any personal data about you.

That being said, I can guide you through the process to update your shipping address. To do this, I'll need to know the order number or your name. If you can provide me with that information, I can assist you in updating your shipping address.

If you're still unsure about your order number, please let me know and I can try to find it for you. Alternatively, you can also contact our customer service team directly, and we'll be happy to assist you with updating your shipping address.",1.09958589553833,0.19161676646706585,0.8141052,0.62683845,0.716371,2.1598315238952637,0.8787878787878788,0.0,133,,0.0,0.0,,0.19161676646706585,0.81410533,0.62683845,0.716371,2.1598315238952637,0.8787878787878788,0.0,133,,0.0,0.0,
178,BLQ,i want help seeing my reimbursement status,REFUND,track_refund,"Of course, I'm here to assist you with tracking your reimbursement status. I understand how important it is for you to stay updated on the progress. To provide you with accurate information, could you please provide me with your order number or any other relevant details? This will allow me to locate your case and give you a detailed update on your reimbursement. Thank you for your cooperation, and I appreciate your patience while I gather the necessary information to assist you further.","I'd be happy to help you with that. To access your reimbursement status, I need to know a few more details from you. Could you please provide me with the following information:

* Your Order Number
* Your Person Name

Once I have this information, I can guide you through the process of checking your reimbursement status.",0.5468368220329285,"I'd be happy to help you with that. To access your reimbursement status, I need to know a few more details from you. Could you please provide me with the following information:

* Your Order Number
* Your Person Name

Once I have this information, I can guide you through the process of checking your reimbursement status.",1.09958589553833,0.32857142857142857,0.8524868,0.82917404,0.8612871,2.727717638015747,0.9629629629629629,0.0,55,,0.0,0.0,,0.32857142857142857,0.8524869,0.82917404,0.8612871,2.727717638015747,0.9629629629629629,0.0,55,,0.0,0.0,
179,BIL,where do I check the options for shipment?,DELIVERY,delivery_options,"Ah, the quest for information! Allow me to guide you to the right place where you can explore the options for shipment:

To check the available options for shipment, you can visit our website and navigate to the ""Shipping"" or ""Delivery"" section. There, you will find detailed information about our various shipping methods and their corresponding delivery times. You can also learn about any additional services, such as package tracking or insurance, that we offer to make your shipping experience smoother.

If you prefer a more personalized touch, our customer service team is just a phone call or live chat away. They can provide you with accurate and up-to-date information about the options available for your specific location and order.

Remember, we're here to assist you at every step of the way, so don't hesitate to ask if you have any further questions. Ready to embark on your journey of exploring shipment options? Let's dive right in!","You can check the options for shipment on your order details page. To do this, follow these steps:

1. Log in to your account on our website.
2. Click on the ""Order"" or ""My Order"" button at the top right corner of the page.
3. Select the order you want to view and click on the ""View Order"" button.
4. Once you're in the order details page, look for the ""Shipment"" or ""Delivery"" section.
5. You can then select the shipping option you prefer, such as ""Express"", ""Standard"", or ""Free"".

If you're still having trouble finding the information, please let me know the order number or the name of the person who placed the order, and I'll be happy to assist you further.",0.5468368220329285,"You can check the options for shipment on your order details page. To do this, follow these steps:

1. Log in to your account on our website.
2. Click on the ""Order"" or ""My Order"" button at the top right corner of the page.
3. Select the order you want to view and click on the ""View Order"" button.
4. Once you're in the order details page, look for the ""Shipment"" or ""Delivery"" section.
5. You can then select the shipping option you prefer, such as ""Express"", ""Standard"", or ""Free"".

If you're still having trouble finding the information, please let me know the order number or the name of the person who placed the order, and I'll be happy to assist you further.",1.09958589553833,0.20833333333333334,0.7992524,0.7347081,0.6969026,2.243621349334717,0.8974358974358975,0.0,118,,0.0,0.0,,0.20833333333333334,0.79925245,0.7347081,0.6969026,2.243621349334717,0.8974358974358975,0.0,118,,0.0,0.0,
180,BL,I try to inform of a trouble with online payment,PAYMENT,payment_issue,"Thank you for bringing this online payment trouble to our attention. I apologize for any inconvenience caused. To assist you further, could you please provide more details about the specific issue you encountered? Understanding the nature of the problem will allow us to offer you the most appropriate solution and resolve the issue promptly. We are committed to ensuring a seamless and secure online payment experience for our valued customers like you.","I'm here to help. You're experiencing issues with an online payment, are you? Can you please provide more details about the problem you're facing? For example, what payment method are you using, and what error message are you seeing? This will help me better understand the issue and provide a more accurate solution.",0.5468368220329285,"I'm here to help. You're experiencing issues with an online payment, are you? Can you please provide more details about the problem you're facing? For example, what payment method are you using, and what error message are you seeing? This will help me better understand the issue and provide a more accurate solution.",1.09958589553833,0.265625,0.82056624,0.78300047,0.805416,2.6288485527038574,0.9615384615384616,0.0,53,,0.0,0.0,,0.265625,0.82056624,0.78300047,0.805416,2.6288485527038574,0.9615384615384616,0.0,53,,0.0,0.0,
181,BL,assistance with canceling purchase {{Order Number}},ORDER,cancel_order,"I've grasped that you require assistance with canceling purchase {{Order Number}}. Our team is dedicated to guiding you through this process smoothly. To cancel your purchase, please follow these steps:

1. Log into your {{Online Company Portal Info}} using your credentials.
2. Navigate to the '{{Online Order Interaction}}' or '{{Online Order Interaction}}' section.
3. Locate the specific purchase associated with the purchase number {{Order Number}}.
4. Click on the purchase to access the order details.
5. Look for the option labeled '{{Online Order Interaction}}' and select it.
6. Follow any additional instructions or provide feedback if prompted.
7. If you encounter any difficulties or have further questions, do not hesitate to reach out to us during {{Customer Support Hours}} at {{Customer Support Phone Number}} or via the Live Chat feature on our {{Website URL}}. Our team will be more than happy to assist you throughout the cancellation process.

We deeply value your business and do our utmost to ensure your satisfaction.","I'm here to help. To cancel your purchase, I need to confirm your order details. Could you please provide me with the following information:

* Your Order Number
* Your Order Date
* The order you would like to cancel (product name, description, or reference number)

Once I have this information, I can assist you in canceling your purchase.",0.5468368220329285,"I'm here to help. To cancel your purchase, I need to confirm your order details. Could you please provide me with the following information:

* Your Order Number
* Your Order Date
* The order you'd like to cancel (product name, description, or reference number)

Once I have this information, I can assist you in canceling your purchase.",1.09958589553833,0.20091324200913238,0.7513927,0.7417325,0.73892444,2.6137502193450928,0.9272727272727272,0.0,56,0.0,0.0,0.0,,0.20091324200913238,0.7504583,0.74394524,0.7386905,2.618300437927246,0.9259259259259259,0.0,55,0.0,0.0,0.0,
182,BLQ,i have a problem setting a secondary shipping address up,SHIPPING,set_up_shipping_address,"I apologize for the difficulties you're encountering while setting up a secondary shipping address. Rest assured, I'm here to assist you. To resolve this issue, let's try the following steps:

1. Log in to your account.
2. Navigate to the 'My Account' or 'Profile' section.
3. Look for the 'Shipping Addresses' or similar option.
4. Find the 'Add a New Address' or 'Edit Shipping Address' button, and select it.
5. Fill in the details of your secondary shipping address in the form provided.
6. Don't forget to save the changes before exiting.

If the issue persists or if you have any further questions, please feel free to provide more details so that I can offer more personalized assistance.","I'm here to help. To better assist you, could you please provide me with some information about your order? Specifically, could you tell me your Order Number or {{Order Number}} and {{Person Name}}? This will help me to provide you with the most accurate and helpful solution.",0.5468368220329285,"I'm here to help. To better assist you, could you please provide me with some information about your order? Specifically, could you tell me your Order Number or {{Order Number}} and {{Person Name}}? This will help me to provide you with the most accurate and helpful solution.",1.09958589553833,0.12941176470588234,0.7530239,0.20101693,0.17038023,2.9436726570129395,0.9523809523809523,0.0,43,,0.0,0.0,,0.12941176470588234,0.7530238,0.20101693,0.17038023,2.9436726570129395,0.9523809523809523,0.0,43,,0.0,0.0,
183,BILQ,can i change to the {{Account Type}} account,ACCOUNT,switch_account,"Of course! I'm here to guide you through the process of switching to our Free account, where you can enjoy a variety of benefits without any cost:

1. Account Access: Start by logging into our platform.
2. Profile Management: Once you're logged in, head to the '{{Settings}}' or '{{Profile}}' section of your account.
3. Account Type: Within this section, locate the option to '{{Account Change}}' or '{{Upgrade Account}}'.
4. Select the Free Account: Choose the '{{Account Type}}' from the available account types.
5. Confirmation: Follow the on-screen prompts to confirm and finalize your switch.

If you have any difficulties or if you have additional questions, please don't hesitate to reach out. We appreciate your choice to switch to the Free account, and I'm here to ensure a smooth and enjoyable experience with our platform. Get ready to explore all the fantastic features and benefits of our Free account!""","I'm happy to help you with your account. You can change to the {{Account Type}} account. To do this, please let me know your current account type and I'll be happy to assist you.",0.5468368220329285,"I'm happy to help you with your account. You can change to the {{Account Type}} account. To do this, please let me know your current account type and I'll be happy to assist you.",1.09958589553833,0.20105820105820107,0.78310055,0.66685015,0.4997943,2.794773578643799,0.967741935483871,0.0,32,0.2,0.0,0.0,,0.20105820105820107,0.7831005,0.66685015,0.4997943,2.794773578643799,0.967741935483871,0.0,32,0.2,0.0,0.0,
184,BLQZ,i want help talkingh to a live agent,CONTACT,contact_human_agent,"We're here for you! I'm aware that you're seeking assistance and would like to talk to a live agent. I'm here to help you with that. To better assist you, could you please provide me with some more information about the specific issue or question you have? This will ensure that when I connect you with a live agent, they will be well-prepared to address your needs. Thank you for your cooperation, and I appreciate your patience.","I'm here to help you with your concern. You're currently {{Order Number}} with {{Person Name}}, and you'd like assistance with a live agent. Can you please provide me with the following information to better assist you?

1. What is the nature of your concern?
2. What is your current status (e.g., in queue, on hold, etc.)?
3. Are there any specific issues or problems you're experiencing?

Please feel free to share as much detail as possible, and I'll do my best to provide a solution or guidance.",0.5468368220329285,"I'm here to help you with your concern. You're currently {{Order Number}} with {{Person Name}}, and you'd like assistance with a live agent. Can you please provide me with the following information to better assist you?

1. What is the nature of your concern?
2. What is your current status (e.g., in queue, on hold, etc.)?
3. Are there any specific issues or problems you're experiencing?

Please feel free to share as much detail as possible, and I'll do my best to provide a solution or guidance.",1.09958589553833,0.2628571428571429,0.8270808,0.5378743,0.5811751,2.7400076389312744,0.975,0.0,81,,0.0,0.0,,0.2628571428571429,0.8270808,0.5378743,0.5811751,2.7400076389312744,0.975,0.0,81,,0.0,0.0,
185,BL,I want to set up my secondary shipping address,SHIPPING,set_up_shipping_address,"Of course! I understand your desire to set up a secondary shipping address. Your convenience is our priority. To proceed, please follow these steps:

1. Log in to your account.
2. Navigate to the 'My Account' or 'Profile' section.
3. Look for the 'Shipping Addresses' or similar option.
4. You should see an option to 'Add a New Address' or 'Edit Shipping Addresses'. Select it.
5. Enter the details of your secondary shipping address in the provided fields.
6. Save the changes.

In case you encounter any difficulties while setting up your secondary shipping address, please provide more specific details about the issue you are facing, and I'll be more than happy to assist you further.","To set up your secondary shipping address, I need to confirm a few details. Could you please provide me with the following information:

* Your current shipping address (this is the address where you're currently shipping packages)
* Your preferred shipping address for any future shipments (this is where you'd like to ship packages in the future)
* Any specific shipping address details you'd like to include (e.g. street address, city, state, zip code)

Once I have this information, I can assist you in setting up your secondary shipping address.",0.5468368220329285,"To set up your secondary shipping address, I need to confirm a few details. Could you please provide me with the following information:

* Your current shipping address (this is the address where you're currently shipping packages)
* Your preferred shipping address for any future shipments (this is where you'd like to ship packages in the future)
* Any specific shipping address details you'd like to include (e.g. street address, city, state, zip code)

Once I have this information, I can assist you in setting up your secondary shipping address.",1.09958589553833,0.25961538461538464,0.784927,0.87026536,0.8628076,2.3234143257141113,0.8850574712643678,0.0,88,,0.0,0.0,,0.25961538461538464,0.784927,0.87026536,0.8628076,2.3234143257141113,0.8850574712643678,0.0,88,,0.0,0.0,
186,BLW,I have to write a fucking review,FEEDBACK,review,Thank you for expressing your intention to provide a review. Your feedback is highly valuable to us in our constant pursuit of improvement. I kindly ask you to refrain from using offensive language while submitting your review. We greatly appreciate your understanding and look forward to hearing your thoughts on our service. Is there anything specific you would like assistance with in the review-writing process?,"I'm here to help, but I want to clarify that I need a bit more information from you. Could you please provide me with some details about the review you need to write?

What type of review are you writing (e.g., product, service, restaurant, etc.)? What is the tone you're aiming for (e.g., positive, negative, neutral)? Are there any specific requirements or guidelines you're following (e.g., specific word count, format)?

I'll do my best to assist you in writing a clear and concise review.",0.5468368220329285,"I'm here to help, but I want to clarify that I need a bit more information from you. Could you please provide me with some details about the review you need to write?

What type of review are you writing (e.g., product, service, restaurant, etc.)? What is the tone you're aiming for (e.g., positive, negative, neutral)? Are there any specific requirements or guidelines you're following (e.g., specific word count, format)?

I'll do my best to assist you in writing a clear and concise review.",1.09958589553833,0.178343949044586,0.76278335,0.47376287,0.63259995,2.312289237976074,0.9767441860465116,0.0,87,,0.0,0.0,,0.178343949044586,0.76278335,0.47376287,0.63259995,2.312289237976074,0.9767441860465116,0.0,87,,0.0,0.0,
187,BLZ,I don't know wat I have to do to download my bill #00108,INVOICE,get_invoice,"I'm on your side your uncertainty about how to download your bill with the number #{{Invoice Number}}. Don't worry; I'm here to help you out. To download your bill, you can follow these steps:

1. Log in to your account on our website.
2. Navigate to the 'Billing' section.
3. Look for the 'Invoices' tab and click on it.
4. Locate the invoice with the number #{{Invoice Number}}.
5. Click on the 'Download' button next to the invoice.
6. Save the file to your preferred location on your device.

If you encounter any issues or need further assistance, feel free to reach out to me. I want to ensure a seamless experience for you.","I'm happy to help you with that. To download your bill, I need to know a few more details from you. Could you please provide me with the following information:

* Your account number (which is likely the bill number, 00108)
* Your customer service number (if you have one)
* Your email address or phone number associated with your account

Once I have this information, I can guide you through the process of downloading your bill.",0.5468368220329285,"I'm happy to help you with that. To download your bill, I need to know a few more details from you. Could you please provide me with the following information:

* Your account number (which is likely the bill number, 00108)
* Your customer service number (if you have one)
* Your email address or phone number associated with your account

Once I have this information, I can guide you through the process of downloading your bill.",1.09958589553833,0.22916666666666666,0.7640999,0.83804184,0.7720144,2.698995590209961,0.9722222222222222,0.0,73,0.0,0.0,0.0,,0.22916666666666666,0.7640999,0.83804184,0.7720144,2.698995590209961,0.9722222222222222,0.0,73,0.0,0.0,0.0,
188,BILQ,how to see at what time i can reach customer support,CONTACT,contact_customer_service,"Glad you contacted us! I'm clearly cognizant that you're interested in knowing the operating hours of our customer support team. To find out the specific timings, you can visit our website at {{Website URL}} and navigate to the ""Contact Us"" or ""Support"" page. There, you will likely find the customer support hours prominently displayed. If you have any further questions or need assistance with anything else, please don't hesitate to let me know. I'm here to help!","To help you find the customer support contact information, I need to know a few more details from you. Could you please provide me with the following information:

1. Your Order Number (if you have it)
2. Your Person Name (if you have it)
3. The date you're inquiring about (to help me narrow down the options)

Once I have this information, I can try to find the contact details for you. Alternatively, I can also suggest some options to get in touch with our customer support team:

- You can visit our website and use our contact form.
- You can call us directly at 1-800-CONTACT-US (1-800-682-3878)
- You can email us at [support@ourcompany.com](mailto:support@ourcompany.com)

Please let me know if there's anything else I can help you with.",0.5468368220329285,"To help you find the customer support contact information, I need to know a few more details from you. Could you please provide me with the following information:

1. Your Order Number (if you have it)
2. Your Person Name (if you have it)
3. The date you're inquiring about (to help me narrow down the options)

Once I have this information, I can try to find the contact details for you. Alternatively, I can also suggest some options to get in touch with our customer support team:

- You can visit our website and use our contact form.
- You can call us directly at 1-800-CONTACT-US (1-800-682-3878)
- You can email us at [support@ourcompany.com](mailto:support@ourcompany.com)

Please let me know if there's anything else I can help you with.",1.09958589553833,0.23636363636363633,0.7855725,0.47004414,0.45055667,2.3153703212738037,0.889763779527559,0.0,128,0.0,0.0,1.0,email:support@ourcompany.com; email:support@ourcompany.com; phone:1-800-682-3878,0.23636363636363633,0.7855725,0.47004414,0.45055667,2.3153703212738037,0.889763779527559,0.0,128,0.0,0.0,1.0,email:support@ourcompany.com; email:support@ourcompany.com; phone:1-800-682-3878
189,BLQ,wanna see the early termination charge,CANCEL,check_cancellation_fee,"Assuredly! I can help you with checking the early termination charge. To find this information, you can refer to the terms and conditions section of your contract or reach out to our dedicated customer support team for further assistance.","I'd be happy to help you with that. To confirm, you'd like to see the Early Termination Charge (ETC) associated with your account. I'll need to access your account information to provide you with the details.

Please provide me with your account number or customer ID, and I'll do my best to provide you with the ETC. Alternatively, if you can provide me with the account number or customer ID, I can try to find the information for you.",0.5468368220329285,"I'd be happy to help you with that. To confirm, you'd like to see the Early Termination Charge (ETC) associated with your account. I'll need to access your account information to provide you with the details.

Please provide me with your account number or customer ID, and I'll do my best to provide you with the ETC. Alternatively, if you can provide me with the account number or customer ID, I can try to find the information for you.",1.09958589553833,0.2786885245901639,0.81410867,0.73194027,0.80846727,2.4094533920288086,0.8076923076923077,0.0,79,,0.0,0.0,,0.2786885245901639,0.81410867,0.73194027,0.80846727,2.4094533920288086,0.8076923076923077,0.0,79,,0.0,0.0,
190,BCILPQZ,wanna list ur payment options could i get some help,PAYMENT,check_payment_methods,"I'll get right on it! I'm here to provide you with assistance in discovering our diverse range of payment options. Let's explore them together, shall we?

- **Credit/Debit Card:** We accept all major credit and debit cards, including Visa, Mastercard, and American Express.
- **PayPal:** A popular online payment method known for its security and convenience.
- **Bank Transfer:** You can make payments directly from your bank account.
- **Apple Pay:** A quick and easy payment method for Apple device users.
- **Google Wallet:** Google's payment system offers a fast and seamless checkout experience.

Please feel free to ask any questions or seek further guidance on any of these options. It's our pleasure to assist you in finding the best payment method that suits your needs.","I'm here to help. I'd be happy to provide you with some payment options. Here are a few:

1. Credit/Debit Card
2. PayPal
3. Bank Transfer
4. Online Payment Services like Paytm, PhonePe, etc.

If you're having trouble with a specific payment option, please let me know and I can try to assist you further. You can also contact our customer service team for further assistance.",0.5468368220329285,"I'm here to help. I'd be happy to provide you with some payment options. Here are a few:

1. Credit/Debit Card
2. PayPal
3. Bank Transfer
4. Online Payment Services like Paytm, PhonePe, etc.

If you're having trouble with a specific payment option, please let me know and I can try to assist you further. You can also contact our customer service team for further assistance.",1.09958589553833,0.23350253807106597,0.7784839,0.65825427,0.6269252,2.4426698684692383,1.0,0.0,63,,0.0,0.0,,0.23350253807106597,0.7784839,0.65825427,0.6269252,2.4426698684692383,1.0,0.0,63,,0.0,0.0,
191,BEL,I do not know how to see when will my product arrive,DELIVERY,delivery_period,"Understanding that tracking the arrival of your product is important to you, I'd be happy to assist you. To get the most accurate information about your product's arrival, could you please provide me with the {{Tracking Number}} or {{Order Number}}? With that information, I can help you track the progress and estimate the delivery date of your product. Thank you for your patience and cooperation in providing the necessary details.","I'm here to help. To check the estimated delivery date for your product, I can guide you through the process. Here's what you need to do:

1. Log in to your account on our website.
2. Click on your profile picture in the top right corner.
3. Select 'Order History' from the dropdown menu.
4. Find your order and click on the 'Track Order' button.
5. Once you're on the tracking page, look for the 'Estimated Delivery Date' or 'Delivery Status' section.

If you're still having trouble finding the information, please let me know your order number or the name of the product you're trying to track, and I'll do my best to assist you.",0.5468368220329285,"I'm here to help. To check the estimated delivery date for your product, I can guide you through the process. Here's what you need to do:

1. Log in to your account on our website.
2. Click on your profile picture in the top right corner.
3. Select 'Order History' from the dropdown menu.
4. Find your order and click on the 'Track Order' button.
5. Once you're on the tracking page, look for the 'Estimated Delivery Date' or 'Delivery Status' section.

If you're still having trouble finding the information, please let me know your order number or the name of the product you're trying to track, and I'll do my best to assist you.",1.09958589553833,0.21761658031088082,0.7872447,0.647522,0.73682654,2.2228188514709473,0.944954128440367,0.0,110,0.0,0.0,0.0,,0.21761658031088082,0.7872447,0.647522,0.73682654,2.2228188514709473,0.944954128440367,0.0,110,0.0,0.0,0.0,
192,BL,I don't know how to inform of an issue with sign-up,ACCOUNT,registration_problems,"Glad you contacted to us regarding the issue you encountered during the sign-up process. We understand that communicating the problem effectively may not always be easy. Rest assured, we are here to assist you in notifying us about any issues you faced with sign-up. Could you please provide more details about the problem you experienced? This will help us understand the situation better and provide you with the appropriate assistance. We appreciate your proactive approach in sharing your concerns, as it allows us to address them promptly and ensure a smoother sign-up experience for you and other users.","I'm here to help. It sounds like you're experiencing an issue with your sign-up process. To better assist you, could you please provide me with some more information about the issue you're facing? This will help me to provide a more accurate and effective solution.

If you're not sure where to start, you can also try the following steps:

1. Check your email for any confirmation emails or receipts related to your sign-up.
2. If you're using a mobile device, try refreshing the app or website to see if the issue has been resolved.
3. If you're using a computer, try clearing your browser's cache and cookies to see if the issue persists.

Once I have this information, I'll do my best to assist you in resolving the issue with your sign-up.",0.5468368220329285,"I'm here to help. It sounds like you're experiencing an issue with your sign-up process. To better assist you, could you please provide me with some more information about the issue you're facing? This will help me to provide a more accurate and effective solution.

If you're not sure where to start, you can also try the following steps:

1. Check your email for any confirmation emails or receipts related to your sign-up.
2. If you're using a mobile device, try refreshing the app or website to see if the issue has been resolved.
3. If you're using a computer, try clearing your browser's cache and cookies to see if the issue persists.

Once I have this information, I'll do my best to assist you in resolving the issue with your sign-up.",1.09958589553833,0.22950819672131145,0.8086653,0.5540997,0.78169954,2.156672716140747,0.8702290076335878,0.0,132,,0.0,0.0,,0.22950819672131145,0.8086653,0.5540997,0.78169954,2.156672716140747,0.8702290076335878,0.0,132,,0.0,0.0,
193,BILM,where to notify of problems with online payment?,PAYMENT,payment_issue,"I can relate to the understanding that you're facing problems with your online payment and you're looking for the right place to notify us. Don't worry, I'm here to guide you. To report any issues or problems with your online payment, I recommend reaching out to our dedicated customer support team. They are well-equipped to handle payment-related concerns and will be able to provide you with the necessary assistance. You can contact them through our customer support hotline at {{Customer Support Phone Number}} or by sending an email to {{Customer Support Email}}. They are available to assist you and ensure that your payment issue is addressed promptly. We appreciate your feedback and thank you for bringing this to our attention.","To notify about problems with online payment, you can try the following options:

1. **Phone**: Call the customer service number on the back of your credit/debit card or on the website. You can find the phone number on the payment confirmation page or on the website's contact page.
2. **Email**: Send an email to the customer service department via the website's contact page. Make sure to include your order number and any other relevant details.
3. **Contact Us Page**: If you can't find the phone number or email address, you can try contacting the company through their contact us page. You can usually find this on the website's homepage or in the footer.

Here's an example of an email you could send:

Subject: Problem with Online Payment

Dear Customer Service Team,

I am {{Order Number}} {{Person Name}} and I have encountered an issue with my online payment. The problem is {{brief description of the issue}}. I would appreciate it if you could assist me with this matter.

Thank you for your time and assistance.

Sincerely,
{{Your Name}}",0.5468368220329285,"To notify about problems with online payment, you can try the following options:

1. **Phone**: Call the customer service number on the back of your credit/debit card or on the website. You can find the phone number on the payment confirmation page or on the website's contact page.
2. **Email**: Send an email to the customer service department via the website's contact page. Make sure to include your order number and any other relevant details.
3. **Contact Us Page**: If you can't find the phone number or email address, you can try contacting the company through their contact us page. You can usually find this on the website's homepage or in the footer.

Here's an example of an email you could send:

Subject: Problem with Online Payment

Dear Customer Service Team,

I am {{Order Number}} {{Person Name}} and I have encountered an issue with my online payment. The problem is {{brief description of the issue}}. I would appreciate it if you could assist me with this matter.

Thank you for your time and assistance.

Sincerely,
{{Your Name}}",1.09958589553833,0.19417475728155337,0.7939016,0.80323446,0.7807527,2.2435648441314697,0.8282208588957055,0.0,164,0.0,1.0,0.0,,0.19417475728155337,0.7939017,0.80323446,0.7807527,2.2435648441314697,0.8282208588957055,0.0,164,0.0,1.0,0.0,
194,BQW,i have a damn registration issue,ACCOUNT,registration_problems,"We apologize for the frustration you're experiencing with the registration process. Your feedback is highly valuable to us, as it helps identify and resolve any issues that may arise. To assist you better, could you please provide more details about the specific problem you're encountering during registration? Our team will work diligently to address the issue and ensure a smooth and seamless registration experience for you.","I'm here to help. Can you please provide me with more information about your registration issue? What type of issue are you experiencing, and what's the specific problem you're facing? I'll do my best to assist you as quickly and efficiently as possible.",0.5468368220329285,"I'm here to help. Can you please provide me with more information about your registration issue? What type of issue are you experiencing, and what's the specific problem you're facing? I'll do my best to assist you as quickly and efficiently as possible.",1.09958589553833,0.24347826086956526,0.8259533,0.73601246,0.7943469,2.282229423522949,1.0,0.0,43,,0.0,0.0,,0.24347826086956526,0.8259533,0.73601246,0.7943469,2.282229423522949,1.0,0.0,43,,0.0,0.0,
195,BL,adding article to order {{Order Number}},ORDER,change_order,"Thanks for dropping us a line to us regarding adding an article to your order with the number {{Order Number}}. We understand the importance of ensuring your order meets your expectations. To assist you best, could you please provide us with the details of the article you would like to add? This will allow us to process your request accurately and efficiently. We appreciate your cooperation in making your shopping experience with us seamless and enjoyable.","I'm happy to help you with that. However, I need to know a bit more information from you. Could you please provide me with the following details:

* The order number {{Order Number}}
* The article you would like to add to the order (e.g. clothing, electronics, etc.)
* Any specific details or preferences you may have (e.g. size, color, etc.)?

Once I have this information, I can assist you in adding the article to your order.",0.5468368220329285,"I'm happy to help you with that. However, I need to know a bit more information from you. Could you please provide me with the following details:

* The order number {{Order Number}}
* The article you would like to add to the order (e.g. clothing, electronics, etc.)
* Any specific details or preferences you may have (e.g. size, color, etc.)?

Once I have this information, I'll be happy to assist you in adding the article to your order.",1.09958589553833,0.2745098039215686,0.80807036,0.7256046,0.81438726,2.655249834060669,0.958904109589041,0.0,74,1.0,0.0,0.0,,0.28205128205128205,0.80963343,0.7225967,0.8093558,2.6024844646453857,0.9466666666666667,0.0,76,1.0,0.0,0.0,
196,BCILP,"I want to check my rebate current status, could you help me?",REFUND,track_refund,"I'm with you that you're eager to check the current status of your rebate. It's natural to want to stay informed about the progress. Let me assist you with that. In order to provide you accurate information, could you please provide me with the rebate reference number or any other relevant details? This will enable me to track the status of your rebate and provide you with the most up-to-date information. Thank you for your cooperation and patience while I gather the necessary details.","I'd be happy to help you check your rebate status. To do that, I'll need to know a few details from you. Could you please provide me with your Order Number or {{Order Number}} and {{Person Name}} (if you'd like to share that information with me)? This will allow me to look up your rebate status and get back to you with the information.",0.5468368220329285,"I'd be happy to help you check your rebate status. To do that, I'll need to know a few details from you. Could you please provide me with your Order Number or {{Order Number}} and {{Person Name}} (if you'd like to share that information with me)? This will allow me to look up your rebate status and get back to you with the information.",1.09958589553833,0.358974358974359,0.8400575,0.8073865,0.83324146,2.778766632080078,0.9661016949152542,0.0,60,,0.0,0.0,,0.358974358974359,0.8400575,0.8073865,0.83324146,2.778766632080078,0.9661016949152542,0.0,60,,0.0,0.0,
197,BLQ,need assistance to set a secondary shipping address up,SHIPPING,set_up_shipping_address,"Certainly, I'm here to help you set up your secondary shipping address. To do this, please follow the steps below:

1. Log in to your account.
2. Navigate to the 'My Account' or 'Profile' section.
3. Look for the 'Shipping Addresses' or similar section.
4. You should see an option to 'Add a New Address' or 'Edit Shipping Addresses'. Select it.
5. Enter the details of your secondary shipping address in the provided fields.
6. Make sure to double-check the accuracy of the information.
7. Save the changes.

If you encounter any issues or need further assistance, please don't hesitate to let me know. I'm here to ensure you have a smooth and successful experience setting up your secondary shipping address.","I'd be happy to help you set up a secondary shipping address. To proceed, I need to know a few more details from you. Could you please provide me with the following information:

* The customer's name (or Order Number, if you prefer to keep it anonymous)
* The customer's email address
* The address where the package will be delivered (this is the primary shipping address)
* The address where the package will be delivered (this is the secondary shipping address)
* Any specific instructions or requirements for the secondary shipping address

Once I have this information, I can assist you in setting up the secondary shipping address.",0.5468368220329285,"I'd be happy to help you set up a secondary shipping address. To proceed, I need to know a few more details from you. Could you please provide me with the following information:

* The customer's name (or Order Number, if you prefer to keep it anonymous)
* The customer's email address
* The address where the package will be delivered (this is the primary shipping address)
* The address where the package will be delivered (this is the secondary shipping address)
* Any specific instructions or requirements for the secondary shipping address

Once I have this information, I can assist you in setting up the secondary shipping address.",1.09958589553833,0.28448275862068967,0.78404385,0.86984503,0.80147886,2.383483409881592,0.7961165048543689,0.0,104,,0.0,0.0,,0.28448275862068967,0.78404385,0.86984503,0.80147886,2.383483409881592,0.7961165048543689,0.0,104,,0.0,0.0,
198,BILQ,can uhelp me to correct my delivery address,SHIPPING,change_shipping_address,"I'll take care of it! I'm here to assist you in correcting your delivery address. Please provide me with the necessary details of your current and updated address, and I'll guide you through the process step by step.","I'd be happy to help you correct your delivery address. To correct your address, I need to know the current address you're trying to deliver to and the correct address. Could you please provide me with the following information:

* The current delivery address you're trying to use
* The correct delivery address you want to use

Once I have this information, I can assist you in updating your delivery address.",0.5468368220329285,"I'd be happy to help you correct your delivery address. To correct your address, I need to know the current address you're trying to deliver to and the correct address. Could you please provide me with the following information:

* The current delivery address you're trying to use
* The correct delivery address you want to use

Once I have this information, I can assist you in updating your delivery address.",1.09958589553833,0.2831858407079646,0.8353996,0.8012974,0.88384914,2.3230230808258057,0.8382352941176471,0.0,69,,0.0,0.0,,0.2831858407079646,0.8353996,0.8012974,0.88384914,2.3230230808258057,0.8382352941176471,0.0,69,,0.0,0.0,
199,BILQZ,can uhelp me purcahsing an article,ORDER,place_order,"Thank you for reaching out! I'd be more than happy to assist you with purchasing an article. To get started, could you please provide me with more details about the specific article you're interested in? This will help me guide you through the process and ensure that your shopping experience is smooth and enjoyable.","I'd be happy to help you purchase an article. To get started, could you please provide me with the following information:

* The title of the article you're interested in
* The author's name (if you know it)
* The article's publication or website (e.g. The New York Times, Forbes, etc.)
* The approximate price range you're looking to spend
* Any specific features or requirements you're looking for in the article (e.g. a specific perspective, a particular industry focus, etc.)

Once I have this information, I can try to assist you in finding the article you're looking for.",0.5468368220329285,"I'd be happy to help you purchase an article. To get started, could you please provide me with the following information:

* The title of the article you're interested in
* The author's name (if you know it)
* The article's publication or website (e.g. The New York Times, Forbes, etc.)
* The approximate price range you're looking to spend
* Any specific features or requirements you're looking for in the article (e.g. a specific perspective, a particular industry focus, etc.)

Once I have this information, I can try to assist you in finding the article you're looking for.",1.09958589553833,0.339622641509434,0.8120319,0.3422109,0.65410125,2.5012869834899902,0.9157894736842105,0.0,96,,0.0,0.0,,0.339622641509434,0.8120319,0.3422109,0.65410125,2.5012869834899902,0.9157894736842105,0.0,96,,0.0,0.0,
200,BLNQ,i cant afford order {{Order Number}},ORDER,cancel_order,"I gather that canceling your purchase with the order number {{Order Number}} is not affordable for you at the moment. We value your needs and concerns, and we're here to help. I recommend reaching out to our customer support team for further assistance. They can explore possible alternatives or solutions to address your financial situation. You can contact them during {{Customer Support Hours}} at {{Customer Support Phone Number}} or through the Live Chat on our website at {{Website URL}}. We're committed to finding the best possible resolution for you.","I'm so sorry to hear that you're having trouble with your order. I'd be happy to help you resolve the issue. Can you please provide me with your Order Number so I can look into this further? Additionally, I'd like to know if you've tried contacting our customer service team already, or if this is your first time reaching out to us? This will help me provide you with the most accurate and helpful solution.",0.5468368220329285,"I'm so sorry to hear that you're having trouble with your order. I'd be happy to help you resolve the issue. Can you please provide me with your Order Number so I can look into this further? Additionally, I'd like to know if you've tried contacting our customer service team already, or if this is your first time reaching out to us? This will help me provide you with the most accurate and helpful solution.",1.09958589553833,0.18713450292397665,0.7832046,0.47387636,0.52780855,2.2523422241210938,0.972972972972973,0.0,75,0.0,0.0,0.0,,0.18713450292397665,0.7832046,0.47387636,0.52780855,2.2523422241210938,0.972972972972973,0.0,75,0.0,0.0,0.0,
201,BL,help me to open a gold account for my daughter,ACCOUNT,create_account,"That's wonderful to hear that you're interested in opening a {{Account Type}} account for your daughter! It's a great choice to provide her with a range of exclusive benefits. To get started, could you please provide your daughter's full name, date of birth, and a preferred username? With this information, I'll be able to guide you through the account opening process, ensuring a delightful experience for both you and your daughter. Rest assured, the security of her personal information is our top priority, and we'll take every measure to protect it throughout the process. If you have any further questions or concerns, feel free to let me know!","I'd be happy to help you open a gold account for your daughter. To get started, I'll need some information from you. Could you please provide the following details:

1. Your daughter's name
2. Her age
3. The type of gold account you're interested in (e.g., savings, investment, or custodial account)
4. The minimum deposit required
5. The account type (e.g., traditional, Roth, or custodial)
6. The account holder's (your daughter's) date of birth
7. The account holder's Social Security number or Individual Taxpayer Identification Number (ITIN)

Once I have this information, I can guide you through the process of opening a gold account for your daughter.",0.5468368220329285,"I'd be happy to help you open a gold account for your daughter. To get started, I'll need some information from you. Could you please provide the following details:

1. Your daughter's name
2. Her age
3. The type of gold account you're interested in (e.g., savings, investment, or custodial account)
4. The minimum deposit required
5. The account type (e.g., traditional, Roth, or custodial)
6. The account holder's (your daughter's) date of birth
7. The account holder's Social Security number or Individual Taxpayer Identification Number (ITIN)

Once I have this information, I can guide you through the process of opening a gold account for your daughter.",1.09958589553833,0.29565217391304344,0.7940018,0.8913724,0.68659186,2.3176403045654297,0.8811881188118812,0.0,102,0.0,0.0,0.0,,0.29565217391304344,0.7940018,0.8913724,0.68659186,2.3176403045654297,0.8811881188118812,0.0,102,0.0,0.0,0.0,
202,BL,I have to see the early exit fee,CANCEL,check_cancellation_fee,"Sure! I can assist you in checking the early exit fee for your account. To do so, please provide me with your account details and I will look it up for you.","I'd like to inform you that the Early Exit Fee is a policy that may not be applicable to your current order. To better assist you, could you please provide me with the following information:

* The order number of your current order
* The type of product or service you are inquiring about
* A brief description of the Early Exit Fee you are referring to

This will allow me to provide you with the most accurate and up-to-date information.",0.5468368220329285,"I'd like to inform you that the Early Exit Fee is a policy that may not be applicable to your current order. To better assist you, could you please provide me with the following information:

* The order number of your current order
* The type of product or service you are inquiring about
* A brief description of the Early Exit Fee you are referring to

This will allow me to provide you with the most accurate and up-to-date information.",1.09958589553833,0.26548672566371684,0.8042882,0.7399043,0.6687012,2.510385036468506,0.9113924050632911,0.0,80,,0.0,0.0,,0.26548672566371684,0.8042882,0.7399043,0.6687012,2.510385036468506,0.9113924050632911,0.0,80,,0.0,0.0,
203,BLM,I want help to notify of errors with payments,PAYMENT,payment_issue,"Sure thing! I'm here to offer my guidance on how you can notify us about any errors you've encountered with your payments. Your feedback is incredibly valuable to us, and we appreciate you reaching out. To make the process as smooth as possible, could you please provide more information about the specific errors you're facing? This will enable us to better understand the situation and provide you with the appropriate assistance. We're committed to resolving any issues you may have, so please don't hesitate to share the details with us. Thank you for bringing this to our attention, and rest assured, we'll work towards a solution together.","I'm here to assist you. To better understand your issue, could you please provide me with the following information:

* The order number of the payment you're trying to resolve?
* The type of error you're experiencing (e.g., payment failed, payment not processed, etc.)?
* A brief description of the error you're seeing?

Once I have this information, I'll do my best to help you resolve the issue and get your payment processed as soon as possible.",0.5468368220329285,"I'm here to assist you. To better understand your issue, could you please provide me with the following information:

* The order number of the payment you're trying to resolve?
* The type of payment (e.g., credit card, PayPal, etc.)?
* A brief description of the error you're experiencing?

Once I have this information, I'll do my best to help you resolve the issue and notify the relevant parties of the errors with payments.",1.09958589553833,0.2383419689119171,0.80864704,0.6792122,0.7389188,2.286682367324829,0.9594594594594594,0.0,75,,0.0,0.0,,0.24338624338624337,0.8108822,0.69309604,0.75628304,2.561856269836426,0.9577464788732394,0.0,72,,0.0,0.0,
204,BKL,modify freemium account,ACCOUNT,edit_account,"How splendid it is to embark on the captivating journey of modifying your esteemed {{Account Category}} account!I am here to provide expert guidance and support throughout the process, ensuring that your account is perfectly tailored to your evolving needs and preferences.

To modify your {{Account Category}} account, you can follow these simple steps:

1. Log into your account on our official website or mobile app.
2. Navigate to the account settings section, usually located in the top right corner.
3. Look for the option to modify account information and click on it.
4. You will be presented with a form or page where you can make the necessary changes.
5. Carefully review the information you wish to modify and make the desired updates.
6. Double-check the changes to ensure accuracy and completeness.
7. Once you are satisfied with the modifications, save or submit the updated information.

Please note that some account modifications may require additional verification for security purposes. If you encounter any difficulties or have specific questions while modifying your {{Account Category}} account, our dedicated customer support team is available to provide personalized assistance and ensure a seamless experience.

We appreciate your trust in our services and are confident that the modified {{Account Category}} account will better serve your individual needs. Let's embark on this transformative journey together!","I'm happy to help you with your request. However, I need to clarify that I don't have direct access to your account or login credentials. But I can guide you through the general process of modifying a freemium account.

To modify a freemium account, you'll need to follow these steps:

1. Log in to your account using your credentials.
2. Click on the ""Settings"" or ""Account"" icon (depending on your platform) to access your account settings.
3. Look for the ""Freemium"" or ""Subscription"" section and click on it.
4. Follow the prompts to update your account settings, including your billing details, subscription type, and any other relevant information.

If you're having trouble accessing your account or need more specific instructions, I recommend contacting our customer support team for assistance. They'll be able to guide you through the process and resolve any issues that may arise.

Please let me know if there's anything else I can help you with.",0.5468368220329285,"I'm happy to help you with your request. However, I need to clarify that I don't have direct access to your account or login credentials. But I can guide you through the general process of modifying a freemium account.

To modify a freemium account, you'll need to follow these steps:

1. Log in to your account using your credentials.
2. Click on the ""Settings"" or ""Account"" icon (depending on your platform) to access your account settings.
3. Look for the ""Freemium"" or ""Subscription"" section and click on it.
4. Follow the prompts to update your account settings, including your billing details, subscription type, and any other relevant information.

If you're having trouble accessing your account or need more specific instructions, I recommend contacting our customer support team for assistance. They'll be able to guide you through the process and resolve any issues that may arise.

Please let me know if there's anything else I can help you with.",1.09958589553833,0.26424870466321243,0.81784177,0.8450248,0.46739322,2.1060736179351807,0.8888888888888888,0.0,154,0.0,0.0,0.0,,0.26424870466321243,0.81784177,0.8450248,0.46739322,2.1060736179351807,0.8888888888888888,0.0,154,0.0,0.0,0.0,
205,BILP,where could I inform of an issue with online payment?,PAYMENT,payment_issue,"We appreciate you reaching out and notifying us about the issue you're experiencing with your online payment. To report this problem, you can contact our customer support team through various channels. You can reach out to us via our website's live chat feature at {{Website URL}}, or you can call our customer support helpline at {{Customer Support Phone Number}}. Our dedicated team is available {{Customer Support Hours}} to assist you and address any concerns or questions you may have about your online payment. Rest assured, we are here to provide you with the necessary support so that we can resolve this issue promptly. Thank you for bringing this to our attention.","I'm happy to help you with your issue. To resolve the issue with your online payment, I would recommend the following steps:

1. Log in to your account on the website or platform where you made the payment.
2. Look for the ""Order Details"" or ""Order Summary"" section, where you can find information about the payment you made.
3. Check the ""Payment Details"" or ""Payment Information"" section, where you can see the payment method and any associated fees.
4. If you're still having trouble, you can contact our customer service team via phone or email, and we'll be happy to assist you further.

If you could provide me with your Order Number or {{Order Number}}, I'd be more than happy to help you with your issue.",0.5468368220329285,"I'm happy to help you with your issue. To resolve the issue with your online payment, I would recommend the following steps:

1. Log in to your account on the website or platform where you made the payment.
2. Look for the ""Order Details"" or ""Order Summary"" section, where you can find information about the payment you made.
3. Check the ""Payment Details"" or ""Payment Information"" section, where you can see the payment method and any associated fees.
4. If you're still having trouble, you can contact our customer service team via phone or email, and we'll be happy to assist you further.

If you could provide me with your Order Number or {{Order Number}}, I'd be more than happy to help you with your issue.",1.09958589553833,0.2139917695473251,0.8174833,0.62853706,0.85641384,2.236504554748535,0.8403361344537815,0.0,120,0.0,0.0,0.0,,0.2139917695473251,0.8174833,0.62853706,0.85641384,2.236504554748535,0.8403361344537815,0.0,120,0.0,0.0,0.0,
206,B,I want help to check the ETA of order {{Order Number}},ORDER,track_order,"Thank you for reaching out! I'm here to assist you in checking the Estimated Time of Arrival (ETA) for your order with the number {{Order Number}} {{Order Number}}. To provide you with accurate information regarding the ETA, could you please share with me your order details such as the tracking number or the courier service provider? This will help me track the status of your order and provide you with the most up-to-date information. I'm looking forward to your response and helping you with the ETA of your order.","To check the estimated delivery time (ETA) for your order {{Order Number}}, I'll need to know your order details. Could you please provide me with the following information:

1. Order Number: {{Order Number}}
2. Order Date: {{Order Date}}
3. Shipping Address: {{Shipping Address}}

Once I have this information, I can check the ETA for your order.",0.5468368220329285,"To check the estimated delivery time (ETA) for your order {{Order Number}}, I'll need to know your order details. Could you please provide me with the following information:

1. Order Number: {{Order Number}}
2. Order Date: {{Order Date}}
3. Shipping Address: {{Shipping Address}}

Once I have this information, I can check the ETA for your order.",1.09958589553833,0.3466666666666666,0.84555876,0.58807313,0.7802019,2.685300827026367,0.8863636363636364,0.0,45,1.0,1.0,0.0,,0.3466666666666666,0.8455588,0.58807313,0.7802019,2.685300827026367,0.8863636363636364,0.0,45,1.0,1.0,0.0,
207,BILM,what shipment options can I choose?,DELIVERY,delivery_options,"Ah, excellent question! I'm thrilled to guide you through the delightful realm of our shipment options. Here's a glimpse of the possibilities waiting for you:

1. Standard Shipping: Offering reliable delivery within {{Date Range}} business days, this option is suitable for non-urgent orders.
2. Expedited Shipping: The perfect choice for those seeking a faster delivery experience, with {{Date Range}} business days.
3. Overnight Shipping: If speed is of utmost importance, our overnight service guarantees your package by the next business day.
4. In-Store Pickup: With convenience at its core, you can personally collect your order from our {{Store Location}}.

These options have been carefully curated to cater to diverse needs and preferences. Please take a moment to ponder your preferences and feel free to ask any further questions or seek additional assistance. Your satisfaction is our utmost priority!""","I'd be happy to help you with your shipment options. We offer the following shipment options:

- **Standard Shipping**: This is the most cost-effective option, with delivery within 3-7 business days.
- **Express Shipping**: If you need your order quickly, this is the fastest option, with delivery within 2-3 business days.
- **Free Shipping**: We offer free shipping on all orders over a certain amount, {{Order Number}} or {{Person Name}}.
- **Trackable Shipping**: You can choose to have your shipment tracked, so you can monitor its progress.
- **Signature Required Shipping**: This option requires you to sign for your shipment upon delivery, ensuring it reaches you safely.

Which shipment option would you like to choose for your order?",0.5468368220329285,"I'd be happy to help you with your shipment options. We offer the following shipment options:

- **Standard Shipping**: This is the most cost-effective option, with delivery within 3-7 business days.
- **Express Shipping**: If you need your order quickly, this is the fastest option, with delivery within 2-3 business days.
- **Free Shipping**: We offer free shipping on all orders over a certain amount, {{Order Number}} or {{Person Name}}.
- **Trackable Shipping**: You can choose to have your shipment tracked, so you can monitor its progress.
- **Signature Required Shipping**: This option requires you to sign for your shipment upon delivery, ensuring it reaches you safely.

Which shipment option would you like to choose for your order?",1.09958589553833,0.2162162162162162,0.7874874,0.64343095,0.71550745,2.3128623962402344,0.8504672897196262,0.0,108,0.0,0.0,0.0,,0.2162162162162162,0.7874874,0.64343095,0.71550745,2.3128623962402344,0.8504672897196262,0.0,108,0.0,0.0,0.0,
208,BL,I try to check what payment payment modalities are accepted,PAYMENT,check_payment_methods,"Your input is valuable! I'm picking up that you want to check the accepted payment methods. I'm here to help you with that. To view our accepted payment methods, you can visit our website and navigate to the ""Payments"" or ""Checkout"" section. There, you will find a comprehensive list of the payment modalities we accept, including credit/debit cards, PayPal, bank transfers, Apple Pay, and Google Wallet. If you need any further assistance or have any questions about a specific payment method, feel free to let me know. We are committed to providing a seamless payment experience for our valued customers.","I'm happy to help you with that. To find out what payment modalities are accepted for your {{Order Number}}, I'll need to know your {{Person Name}}. Could you please provide me with your contact information so I can assist you further?",0.5468368220329285,"I'm happy to help you with that. To find out what payment modalities are accepted for your {{Order Number}}, I'll need to know your {{Person Name}}. Could you please provide me with your contact information so I can assist you further?",1.09958589553833,0.2191780821917808,0.79081064,0.729059,0.5778221,3.144099235534668,1.0,0.0,37,,0.0,0.0,,0.2191780821917808,0.79081064,0.729059,0.5778221,3.144099235534668,1.0,0.0,37,,0.0,0.0,
209,BCLM,"I want to see what shipping options I can choose, help me",DELIVERY,delivery_options,"Ah, the exciting world of shipping options awaits! I can definitely assist you in exploring the range of choices available to you. Here's a glimpse of the shipping options we offer:

1. Standard Shipping: Our reliable option with an estimated delivery time within {{Date Range}} business days. Perfect for non-urgent items.

2. Expedited Shipping: Need your items a bit faster? Expedited shipping can deliver your order within {{Date Range}} business days.

3. Overnight Shipping: When time is of the essence, choose our overnight shipping option for next business day delivery.

4. International Shipping: For those sending packages across borders, our international shipping service ensures secure and timely delivery worldwide.

Remember that exact delivery times may vary depending on your location and other factors. If you have any specific concerns or questions about a particular shipping method, please feel free to ask. I'm here to guide you through the process and address any further queries you may have.","I'd be happy to help you with shipping options. To provide you with the best options, I need to know a few more details. Could you please provide me with the following information:

* What is the shipping address of the order?
* What type of shipping are you looking for (e.g. economy, express, standard)?
* Are there any specific delivery dates or times you're looking for?
* Do you have a preferred shipping carrier (e.g. USPS, UPS, FedEx)?

Once I have this information, I can provide you with some shipping options to choose from.",0.5468368220329285,"I'd be happy to help you with shipping options. To provide you with the best options, I need to know a few more details. Could you please provide me with the following information:

* What is the shipping address of the order?
* What type of shipping are you looking for (e.g. economy, express, standard)?
* Are there any specific delivery dates or times you're looking for?
* Do you have a preferred shipping carrier (e.g. USPS, UPS, FedEx)?

Once I have this information, I can provide you with some shipping options to choose from.",1.09958589553833,0.16470588235294117,0.7645722,0.7397314,0.72788024,2.2588906288146973,0.9130434782608695,0.0,93,0.0,0.0,0.0,,0.16470588235294117,0.76457226,0.7397314,0.72788024,2.2588906288146973,0.9130434782608695,0.0,93,0.0,0.0,0.0,
210,BILPWZ,couldyou help me to cancel the goddamn {{Account Type}} account?,ACCOUNT,delete_account,"Glad you contacted to us for assistance with canceling your {{Account Type}} account. I apologize if you're feeling frustrated, and I assure you that we are here to help. To get the cancellation process started, I kindly ask for some additional information. Could you please provide me with your account details such as your username or customer ID? This will allow me to locate your account quickly and provide you with the necessary steps to cancel your {{Account Type}} account. Your satisfaction is our priority, and we're committed to resolving this for you efficiently and effectively.","I'm here to help. I need to clarify a few things to ensure your account is cancelled safely. Could you please provide me with the following information:

1. Your account type (e.g., {{Account Type}}).
2. The email address associated with your account.
3. Your name (if you prefer to remain anonymous).

Once I have this information, I'll do my best to assist you in cancelling your account.",0.5468368220329285,"I'm here to help. I need to clarify a few things to ensure your account is cancelled safely. Could you please provide me with the following information:

1. Your account type (e.g., {{Account Type}}).
2. The email address associated with your account.
3. Your name (if you prefer to remain anonymous).

Once I have this information, I'll do my best to assist you in cancelling your account.",1.09958589553833,0.26190476190476186,0.8290321,0.68360615,0.7642681,2.5498623847961426,0.9516129032258065,0.0,63,1.0,0.0,0.0,,0.26190476190476186,0.8290321,0.68360615,0.7642681,2.5498623847961426,0.9516129032258065,0.0,63,1.0,0.0,0.0,
211,BILQ,where to check the current status of order {{Order Number}},ORDER,track_order,"Thank you for your question! To check the current status of your order with the number {{Order Number}}, you can navigate to the ""{{Order Status}}"" section on our website. This section will provide you with real-time updates on the progress of your order, including the estimated delivery date, shipment tracking information, and any relevant notifications. If you encounter any difficulties or have further questions, please feel free to let me know. I'm here to ensure that you have a seamless and informed experience throughout the process!","To check the current status of your order {{Order Number}}, you can follow these steps:

1. Visit our website at [website URL].
2. Click on the ""Order"" tab at the top of the page.
3. Enter your order number {{Order Number}} in the search bar.
4. Click on the ""Order"" link next to your order number.
5. You will then see a list of your orders, including the one with the order number {{Order Number}}.
6. Click on the ""View Order"" link next to your order number to view its details.

Alternatively, you can also contact our customer service team via phone or email to request the status of your order.",0.5468368220329285,"To check the current status of your order {{Order Number}}, you can follow these steps:

1. Visit our website at [website URL].
2. Click on the ""Order"" tab at the top of the page.
3. Enter your order number {{Order Number}} in the search bar.
4. Click on the ""Order"" link next to your order number.
5. You will then see a list of your orders, including the one with the order number {{Order Number}}.
6. Click on the ""View Order"" link next to your order number to view its details.

Alternatively, you can also contact our customer service team via phone or email to request the status of your order.",1.09958589553833,0.2512562814070352,0.79629606,0.7564333,0.798329,2.2438395023345947,0.7857142857142857,0.0,99,0.5,0.0,0.0,,0.2512562814070352,0.79629606,0.7564333,0.798329,2.2438395023345947,0.7857142857142857,0.0,99,0.5,0.0,0.0,
212,BLMZ,problem with swappingt some articles of purchase {{Order Number}},ORDER,change_order,"Thank you for getting in touch to us about the issue with swapping some articles of purchase number {{Order Number}}. We understand the importance of ensuring that your order is exactly as you want it. To assist you further, could you please provide us with more details about the articles you would like to swap? This will help us efficiently process your request and ensure your satisfaction with the final purchase. We appreciate your patience and look forward to resolving this matter for you.","I'm happy to help you with the issue. However, I need more information to assist you properly. Could you please provide me with the following details:

* The order number or customer name associated with the problem
* The specific articles or products that are not being swapped
* A description of the issue you are experiencing

Once I have this information, I'll do my best to assist you and resolve the issue as quickly as possible.",0.5468368220329285,"I'm happy to help you with the issue. However, I need more information to assist you properly. Could you please provide me with the following details:

* The order number or customer name associated with the problem
* The specific articles or products that are not being swapped
* A description of the issue you are experiencing

Once I have this information, I'll do my best to assist you and resolve the issue as quickly as possible.",1.09958589553833,0.225,0.80644196,0.7046185,0.7396595,2.6881439685821533,0.9178082191780822,0.0,74,0.0,0.0,0.0,,0.225,0.80644196,0.7046185,0.7396595,2.6881439685821533,0.9178082191780822,0.0,74,0.0,0.0,0.0,
213,BCL,"I need to check your reimbursement policy, help me",REFUND,check_refund_policy,"I'll take care of it! I completely understand your desire to review our reimbursement policy. This is an essential step towards having a comprehensive understanding of our services. Our reimbursement policy provides important information regarding the situations in which you are eligible for a refund and the process for requesting one. To access our policy, please visit our website's Help Center or navigate to the Frequently Asked Questions (FAQs) section. There, you'll find detailed explanations and guidelines that will assist you throughout the reimbursement process. If you have any specific questions or concerns after reviewing the policy, please don't hesitate to reach out to our customer support team. They are available {{Customer Support Hours}} at {{Customer Support Phone Number}} or through the Live Chat on our website at {{Website URL}}. We are here to help you navigate the process and ensure your complete satisfaction.","I'd be happy to help you with your reimbursement policy. Could you please provide me with the following information:

* Your Order Number
* The type of service or product you received
* The date you received the service or product

This will help me provide you with the most accurate and up-to-date information about your reimbursement policy.",0.5468368220329285,"I'd be happy to help you with your reimbursement policy. Could you please provide me with the following information:

* Your Order Number
* The type of service or product you received
* The date you received the service or product

This will help me provide you with the most accurate and up-to-date information about your reimbursement policy.",1.09958589553833,0.17475728155339806,0.77345,0.7161691,0.6883017,2.4195101261138916,0.8571428571428571,0.0,57,0.0,0.0,0.0,,0.17475728155339806,0.77345,0.7161691,0.6883017,2.4195101261138916,0.8571428571428571,0.0,57,0.0,0.0,0.0,
214,BLW,help to submit a fucking secondary delivery address,SHIPPING,set_up_shipping_address,"I apologize for the inappropriate language used in your request. We are here to assist you in setting up your secondary delivery address. To do so, please follow these steps:

1. Log in to your account.
2. Navigate to the 'My Account' or 'Profile' section.
3. Look for the 'Shipping Addresses' or similar option.
4. Select the option to 'Add a New Address' or 'Edit Shipping Addresses'.
5. Enter the details of your secondary delivery address in the provided fields.
6. Save the changes.

If you encounter any difficulties during the process or need further assistance, kindly provide more details, and we will be happy to help.","I'm happy to assist you with submitting the delivery address. To ensure accurate delivery, could you please provide me with the following information:

* Your Order Number {{Order Number}}
* Your {{Person Name}}'s name
* The street address or post code of the delivery location
* Any additional details or special instructions you may have

Once I have this information, I can help you submit the delivery address and ensure it reaches the correct location.",0.5468368220329285,"I'm happy to assist you with submitting the delivery address. To ensure accurate delivery, could you please provide me with the following information:

* Your Order Number {{Order Number}}
* Your Person's Name {{Person Name}}
* The secondary delivery address you would like the package to be delivered to, including the street name, apartment number (if applicable), and any relevant building or unit details.

Once I have this information, I can help you submit the delivery address and ensure it reaches the correct location.",1.09958589553833,0.2111111111111111,0.7746969,0.66984344,0.57490873,3.266500234603882,0.9552238805970149,0.0,68,,0.0,0.0,,0.22105263157894736,0.77415425,0.7835961,0.6971463,3.094106435775757,0.9605263157894737,0.0,77,,0.0,0.0,
215,BLZ,I need help to check how long reimburssements take,REFUND,check_refund_policy,"I'm happy to help! I understand that you are curious about the time it takes for reimbursements to be processed. The duration of the refund process can vary depending on several factors, such as the payment method used and the specific policies of the vendor or service provider. Generally, once a refund is initiated, it can take a few days for the funds to be returned to your account or for the reimbursement to be processed.

To provide you with an accurate estimate, I recommend reaching out to the vendor or service provider directly. They will have the most up-to-date information on their refund processing times. You can contact them either through their customer support hotline at {{Customer Support Phone Number}} or by visiting their website at {{Website URL}} to locate the refund policy or contact information.

If you have already initiated a refund and are concerned about the time it is taking, I suggest contacting the vendor or service provider with your specific details, such as the order number or any other relevant information. This will allow them to provide you with more precise details regarding the status of your refund.

Remember, each vendor or service provider may have their own unique refund processing timeline, so it's always best to consult them directly for the most accurate information.

I hope this helps! If you have any other questions or need further assistance, please feel free to ask.","I'd be happy to help you with that. To get the most accurate reimbursement time, I'll need to know a bit more about your situation. Could you please provide me with the following information:

* Your account number or order number
* The type of reimbursement you're applying for (e.g. tax refund, medical expense, etc.)
* The date you applied for the reimbursement

Once I have this information, I can try to provide you with an estimate of how long the reimbursement will take.",0.5468368220329285,"I'd be happy to help you with that. To get the most accurate reimbursement time, I'll need to know a bit more about your situation. Could you please provide me with the following information:

* Your account number or order number
* The type of reimbursement you're applying for (e.g. tax refund, medical expense, etc.)
* The date you applied for the reimbursement

Once I have this information, I can try to provide you with an estimate of how long the reimbursement will take.",1.09958589553833,0.1712538226299694,0.79705065,0.64435756,0.7347314,2.4164083003997803,0.9753086419753086,0.0,82,0.0,0.0,0.0,,0.1712538226299694,0.79705065,0.64435756,0.7347314,2.4164083003997803,0.9753086419753086,0.0,82,0.0,0.0,0.0,
216,BIL,how to check bill #00108?,INVOICE,check_invoice,"I'm on it! I understand that you would like to know how to check the details of your bill with the number #{{Invoice Number}}. To check your bill, you can log in to your account on our website and navigate to the ""Billing"" or ""Invoices"" section. There, you'll be able to view and download your bill with the specific number #{{Invoice Number}}. If you're having trouble finding it or if you need any further assistance, please don't hesitate to let me know. I'm here to help!","To check your bill, I need to know your account number. Could you please provide me with your account number, {{Account Number}}? Alternatively, you can also check your account online through our website or by contacting our customer service department. We'll be happy to assist you in finding your account number.",0.5468368220329285,"To check your bill, I need to know your account number. Could you please provide me with your account number, {{Account Number}}? Alternatively, you can also check your account online through our website or by contacting our customer service department. We'll be happy to assist you in finding your account number.",1.09958589553833,0.26573426573426573,0.83853495,0.6991035,0.75665176,2.734783887863159,0.875,0.0,49,0.0,0.0,0.0,,0.26573426573426573,0.83853495,0.6991035,0.75665176,2.734783887863159,0.875,0.0,49,0.0,0.0,0.0,
217,BCIPQ,I'd like to use the {{Account Type}} account could uhelp me,ACCOUNT,switch_account,"Definitely! I'm thrilled to hear that you're interested in utilizing our prestigious {{Account Type}} account. Let me assist you in making the switch to enjoy its exclusive benefits:

1. Access Your Account: Begin by logging into our platform.
2. Account Settings: Once logged in, navigate to your account settings or profile section.
3. Upgrade Options: Look for an option labeled ""Upgrade"" or ""Switch Account Type"" within these sections.
4. Select {{Account Type}} Account: Choose the {{Account Type}} account option from the available choices.
5. Finalize the Switch: Follow the on-screen instructions to complete the upgrade and enjoy the privileges of the {{Account Type}} account.

If you encounter any challenges during the process or have additional questions, please don't hesitate to reach out. I'm here to ensure a smooth transition and provide any assistance you may need. Get ready to unlock a world of incredible features and perks with your new {{Account Type}} account!","I'm here to help. I need to know a bit more information to assist you. Could you please provide me with your account type, such as a checking account or credit card? Additionally, I'll need your account number or card details. Please note that I'll be processing your request securely, but I may need to verify your identity to comply with anti-money laundering regulations.",0.5468368220329285,"I'm here to help. I need to know a bit more information to assist you. Could you please provide me with your account type, such as a checking account or credit card? Additionally, I'll need your account number or card details. Please note that I'll be processing your request securely, but I may need to verify your identity to comply with anti-money laundering regulations.",1.09958589553833,0.1504424778761062,0.7390606,0.28251553,0.25362724,2.7257611751556396,0.96875,0.0,65,0.0,0.0,0.0,,0.1504424778761062,0.7390606,0.28251553,0.25362724,2.7257611751556396,0.96875,0.0,65,0.0,0.0,0.0,
218,BKL,editing pro account,ACCOUNT,edit_account,"How wonderful it is to witness your dedication in editing the details of your {{Account Type}} account!I am here to support you every step of the way. We understand that making changes to your account can be essential for personalization and customization. Rest assured that with our guidance, this process will be seamless and successful. Please share the specific details you would like to edit, and together we will achieve your desired modifications. Let's make your {{Account Type}} account truly reflect your unique preferences and needs.","I'm happy to help you with your editing pro account. To better assist you, I need to know a bit more information. Could you please provide me with your account number or client reference number? This will allow me to provide you with more accurate and helpful instructions.",0.5468368220329285,"I'm happy to help you with your editing pro account. To better assist you, I need to know a bit more information. Could you please provide me with your account number or client reference number? This will allow me to provide you with more accurate and helpful instructions.",1.09958589553833,0.1897810218978102,0.7782745,0.7488452,0.47214288,3.0683085918426514,0.9574468085106383,0.0,48,0.0,0.0,0.0,,0.1897810218978102,0.7782745,0.7488452,0.47214288,3.0683085918426514,0.9574468085106383,0.0,48,0.0,0.0,0.0,
219,BLM,help me to check the termination charges,CANCEL,check_cancellation_fee,"For sure! I can assist you in checking the termination charges. To proceed, I will need some details from you such as your account number or the contract you are referring to. Can you please provide me with that information?","I'd be happy to help you check the termination charges for your current phone plan. To do that, I'll need to know a few more details from you. Could you please provide me with the following information:

* Your current phone number
* The name of your current phone service provider
* The type of phone plan you have (e.g. monthly, annual, etc.)
* The specific services you have subscribed to (e.g. data, voice, etc.)

Once I have this information, I can check your termination charges for you.",0.5468368220329285,"I'd be happy to help you check the termination charges for your current phone plan. To do that, I'll need to know a few more details from you. Could you please provide me with the following information:

* Your current phone number
* The name of your current phone service provider
* The type of phone plan you have (e.g. monthly, annual, etc.)
* The specific services you have subscribed to (e.g. data, voice, etc.)

Once I have this information, I can check your termination charges for you.",1.09958589553833,0.296875,0.82781357,0.6785716,0.6820966,2.547959566116333,0.8941176470588236,0.0,86,,0.0,0.0,,0.296875,0.82781357,0.6785716,0.6820966,2.547959566116333,0.8941176470588236,0.0,86,,0.0,0.0,
220,BLM,problem with standard account removals,ACCOUNT,delete_account,"Thank you for bringing up the issue regarding the removal of standard accounts. I completely understand the importance of this process to our users. Can you please provide some more details about the specific problem you are facing? By understanding the nature of the issue, we can work together to find an appropriate solution and ensure a smooth account removal experience for you.","I'm happy to help you with your issue. However, I need more information to assist you better. Could you please provide me with the following details:

* Your account number (if you have one)
* The type of account you have (checking, savings, credit card, etc.)
* The specific issue you're experiencing with standard account removals (e.g., why is it happening to you, how often is it happening, etc.)

Once I have this information, I'll do my best to assist you and resolve the issue as quickly as possible.",0.5468368220329285,"I'm happy to help you with your issue. However, I need more information to assist you better. Could you please provide me with the following details:

1. Your account number (or customer ID, if you prefer to use a pseudonym)
2. The specific issue you're experiencing with standard account removals
3. Any error messages or details you've encountered

Once I have this information, I'll do my best to assist you and resolve the issue as quickly as possible.",1.09958589553833,0.2091503267973856,0.78409624,0.7395152,0.7722331,2.3549795150756836,0.9418604651162791,0.0,87,,0.0,0.0,,0.19310344827586204,0.7950055,0.79627013,0.8356105,2.620609760284424,0.972972972972973,0.0,75,,0.0,0.0,
221,BL,I want to change to the premium account,ACCOUNT,switch_account,"Great choice! I hear you loud and clear, and I'm here to assist you in seamlessly transitioning to our premium account. Together, let's unlock a world of exclusive benefits and enhanced features.

1. **Access Your Account:** Begin by logging into our platform with your existing credentials.
2. **Navigate to Account Settings:** Once you're in, locate the '{{Settings}}' or '{{Profile}}' section.
3. **Upgrade Options:** Within this section, keep an eye out for an option that mentions '{{Upgrade Account}}' or '{{Account Change}}'.
4. **Select {{Account Category}} Account:** From the available account types, choose the '{{Account Type}}' to initiate the switch.
5. **Follow the Prompts:** Pay close attention to the on-screen instructions to complete the upgrade process successfully.

Should you encounter any challenges along the way or if you have any other queries, feel free to reach out. We value your decision to upgrade, and we're committed to making this transition as smooth as possible. Prepare yourself for an enhanced experience with our premium account!","I'd be happy to help you with your request. To proceed, I need to confirm that you have a subscription or a membership with our company. Could you please provide me with your Order Number or {{Order Number}} so I can assist you with the change?",0.5468368220329285,"I'd be happy to help you with your request. To proceed, I need to confirm that you have a subscription or a membership with our company. Could you please provide me with your Order Number or {{Order Number}} so I can assist you with the change?",1.09958589553833,0.11214953271028036,0.7364599,0.4617168,0.38862115,3.160997152328491,0.9534883720930233,0.0,44,0.0,0.0,0.0,,0.11214953271028036,0.7364599,0.4617168,0.38862115,3.160997152328491,0.9534883720930233,0.0,44,0.0,0.0,0.0,
222,BCILMQZ,wasnna acquire some articles can i get some help,ORDER,place_order,"Thank you for reaching out! I sense your enthusiasm in acquiring some articles, and I'm delighted to assist you. 😊 To better understand your needs, could you please provide me with more details about the specific articles you are interested in acquiring? This will help me guide you through the process and ensure that your shopping experience is seamless and enjoyable.","I'd be happy to help you acquire some articles. Can you please provide me with some more information about what you're looking for? What type of articles are you interested in (e.g. books, magazines, online content)? Are there any specific authors or topics you're interested in? I'll do my best to assist you.",0.5468368220329285,"I'd be happy to help you acquire some articles. Can you please provide me with some more information about what you're looking for? What type of articles are you interested in (e.g. books, magazines, online content)? Are there any specific authors or topics you're interested in? I'll do my best to assist you.",1.09958589553833,0.28571428571428575,0.8295783,0.5793071,0.68292487,2.265723943710327,0.9811320754716981,0.0,54,,0.0,0.0,,0.28571428571428575,0.8295783,0.5793071,0.68292487,2.265723943710327,0.9811320754716981,0.0,54,,0.0,0.0,
223,BL,help checking how soon can I expect the product,DELIVERY,delivery_period,"We understand that you are eager to know when you can expect your product to arrive. To provide you with an accurate estimate, could you please provide us with the {{Order Number}} or {{Tracking Number}}? With this information, we can track your shipment and inform you of the expected delivery date. We appreciate your cooperation and look forward to helping you with your query.","I'm happy to help you with your question. However, I need to clarify that I don't have any specific information about your order or the product you're referring to. Could you please provide me with the following details:

* Your Order Number
* The Product Name
* The Date of your order

Once I have this information, I can try to provide you with an estimated delivery date for your product.",0.5468368220329285,"I'm happy to help you with your question. However, I need to clarify that I don't have any specific information about your order or the product you're referring to. Could you please provide me with the following details:

* Your Order Number
* Your Person's Name
* The Product's Name
* The Date of your order

Once I have this information, I can try to provide you with an estimated delivery date for your product.",1.09958589553833,0.2962962962962963,0.8249542,0.5222,0.73702943,2.4202544689178467,0.9402985074626866,0.0,68,0.0,0.0,0.0,,0.3,0.82167935,0.53937984,0.7233513,2.5682883262634277,0.9428571428571428,0.0,71,0.0,0.0,0.0,
224,BLQ,wanna know about modifying the shipping address,SHIPPING,change_shipping_address,"Indeed! To modify your shipping address, you can either log in to your account on our website and update it in your profile settings, or you can contact our customer service team and provide them with the updated address. They will be happy to assist you with the process. Let me know if you need any further assistance!","I'd be happy to help you with modifying your shipping address. To do so, I'll need to know a few details from you. Could you please provide me with the following information:

* The current shipping address you're using
* The new shipping address you'd like to use
* Any specific instructions or requirements for the new address

Once I have this information, I can guide you through the process of modifying your shipping address.",0.5468368220329285,"I'd be happy to help you with modifying your shipping address. To do so, I'll need to know a few details from you. Could you please provide me with the following information:

* The current shipping address you're using
* The new shipping address you'd like to use
* Any specific instructions or requirements for the new address

Once I have this information, I can guide you through the process of modifying your shipping address.",1.09958589553833,0.22388059701492538,0.8062113,0.78835917,0.8569622,2.4288535118103027,0.9154929577464789,0.0,72,,0.0,0.0,,0.22388059701492538,0.8062113,0.78835917,0.8569622,2.4288535118103027,0.9154929577464789,0.0,72,,0.0,0.0,
225,BLQ,I'm trying to set a different delivery address up,SHIPPING,set_up_shipping_address,"I've decoded that you're looking to set up a different delivery address. Let me guide you through the process:

1. Log in to your account.
2. Go to the ""My Account"" or ""Profile"" section.
3. Look for the ""Shipping Addresses"" or similar option.
4. You should see an option to ""Add a New Address"" or ""Edit Shipping Addresses"". Click on it.
5. Enter the details of your new delivery address in the provided fields.
6. Save the changes.

If you encounter any difficulties or if the process is different for you, please let me know, and I'll be happy to assist you further. Your satisfaction is my priority.""","I'm happy to help you with setting a different delivery address. To proceed, I need to know a few details from you. Could you please provide me with the following information:

* The current delivery address you are trying to change
* The new delivery address you would like to use
* Any specific instructions or requirements for the new address

Once I have this information, I'll do my best to assist you in setting up the new delivery address.",0.5468368220329285,"I'm happy to help you with setting a different delivery address. To proceed, I need to know a few details from you. Could you please provide me with the following information:

* The current delivery address you are trying to change
* The new delivery address you would like to use
* Any specific instructions or requirements for the new address

Once I have this information, I'll do my best to assist you in setting up the new delivery address.",1.09958589553833,0.28421052631578947,0.8013885,0.83449733,0.8902602,2.6435787677764893,0.9078947368421053,0.0,77,,0.0,0.0,,0.28421052631578947,0.8013885,0.83449733,0.8902602,2.6435787677764893,0.9078947368421053,0.0,77,,0.0,0.0,
226,BILQ,what do i have to do to chat with an agent,CONTACT,contact_human_agent,"Thanks for getting in touch! I grasp that you're seeking assistance and would like to chat with an agent. To initiate a chat with one of our dedicated agents, please follow these simple steps:

1. Visit our website at {{Website URL}}.
2. Look for the ""Chat"" or ""Support"" option on the website's homepage.
3. Click on the option to start a chat session.
4. A chat window will appear, and you'll be connected with an available agent.
5. You can then explain your query or concern to the agent, and they will provide you with the necessary guidance and support.

Our agents are well-versed in resolving various issues and are committed to assisting you promptly. If you encounter any difficulties during the chat process, please let me know, and I'll be more than happy to help you further. We value your time and are here to ensure a smooth and efficient customer experience.","To chat with an agent, you can try the following options:

1. **Phone call**: Call the customer service number on your phone and follow the automated prompts to reach an agent.
2. **Email**: Send an email to the customer service department with your question or concern. Make sure to include your order number or customer name in the subject line and the body of the email.
3. **Live chat**: Some companies offer live chat support through their websites or mobile apps. If you can find a live chat option, you can try chatting with an agent directly.

If you're unable to reach an agent, you can also try:

1. **Live chat**: Some companies offer live chat support through their websites or mobile apps. If you can find a live chat option, you can try chatting with an agent directly.
2. **Email**: Send an email to the customer service department with your question or concern. Make sure to include your order number or customer name in the subject line and the body of the email.
3. **Live phone**: If you're unable to reach an agent, you can try calling the customer service number again. Be prepared to wait on hold for a short period of time.

To ensure that you can reach an agent, please provide me with the following information:

* Your order number or customer name
* The type of issue or concern you're experiencing
*",0.5468368220329285,"To chat with an agent, you can try the following options:

1. **Phone call**: Call the customer service number on your phone and follow the automated prompts to reach an agent.
2. **Email**: Send an email to the customer service department with your question or concern. Make sure to include your Order Number or Person Name in the subject line and the body of the email.
3. **Live chat**: Some companies offer live chat support through their websites or mobile apps. If you can find a live chat option, you can try chatting with an agent directly.

When you reach an agent, they will likely ask for your Order Number or Person Name to verify your identity and provide the necessary information to resolve your issue.",1.09958589553833,0.18734177215189876,0.7614403,0.7453461,0.7311607,1.7037079334259033,0.5594713656387665,0.0,228,0.0,0.0,0.0,,0.20422535211267603,0.787378,0.7097086,0.6917132,2.374891519546509,0.860655737704918,0.0,123,0.0,0.0,0.0,
227,BQ,i need help to file a complaint,FEEDBACK,complaint,"I'm truly sorry to hear that you need assistance in filing a complaint. Your feedback is vital to us, and we want to ensure that we address your concerns properly. To get started, could you please provide some more details about your complaint? This will help us understand the situation better and take appropriate measures. Rest assured, we are committed to resolving the issue and learning from your feedback to improve our services. How can I assist you further in filing your complaint?","I'd be happy to help you file a complaint. Can you please provide me with some details about the issue you're experiencing? This will help me better understand your problem and provide a more accurate response.

Please provide me with the following information:

* A brief description of the issue you're experiencing
* The date and time of the issue
* Any relevant details or screenshots
* The company or organization involved (if applicable)

I'll do my best to assist you in filing a complaint and resolving the issue.",0.5468368220329285,"I'd be happy to help you file a complaint. Can you please provide me with some details about the issue you're experiencing? This will help me better understand your problem and provide a more accurate response.

Please provide me with the following information:

* A brief description of the issue you're experiencing
* The date and time of the issue
* Any relevant details or screenshots
* The company or organization involved (if applicable)

I'll do my best to assist you in filing a complaint.",1.09958589553833,0.3005780346820809,0.823658,0.6488639,0.7665026,2.318347454071045,0.8809523809523809,0.0,85,,0.0,0.0,,0.3076923076923077,0.81977123,0.66962266,0.77864444,2.3029072284698486,0.8875,0.0,81,,0.0,0.0,
228,BIL,how to inform of a payment error?,PAYMENT,payment_issue,"If you have encountered a payment error, it is important to notify us as soon as possible so that we can assist you in resolving the issue. To inform us of the payment error, you can reach out to our customer support team either through our helpline or by sending an email. It would be helpful if you could provide us with specific details about the error you encountered, such as the date and time of the transaction, the payment method used, and any error messages or codes you received. This information will enable us to investigate the issue thoroughly and provide you with the appropriate assistance. We appreciate your cooperation in bringing this matter to our attention, and we assure you that we will work diligently to resolve the payment error for you.","To inform about a payment error, you can follow these steps:

1. **Contact the merchant**: Reach out to the merchant's customer service department via phone, email, or live chat. Provide your Order Number or Customer Name to identify the issue.
2. **Explain the situation**: Clearly explain the payment error you're experiencing, including the date, time, and amount involved. Be as detailed as possible to help the merchant understand the issue.
3. **Provide proof of payment**: If you have made payment, provide proof of payment, such as a receipt or a screenshot of the payment confirmation.
4. **Request a refund or replacement**: Ask the merchant to process a refund or provide a replacement item, if applicable.
5. **Follow up**: If the merchant is unable to resolve the issue, follow up with them to ensure that the problem is addressed.

Example of a polite and concise message:

""Hello, I'm {{Order Number}} {{Person Name}}. I'm experiencing a payment error with my recent purchase. I've made payment, but the merchant is unable to process it. Could you please assist me with a refund or replacement? I've attached a receipt for your reference. Thank you for your help.""

By following these steps, you should be able to resolve the payment error and get the outcome you're looking for.",0.5468368220329285,"To inform about a payment error, you can follow these steps:

1. **Contact the merchant**: Reach out to the merchant's customer service department via phone, email, or live chat. Provide your Order Number or Customer Name to identify the issue.
2. **Explain the situation**: Clearly explain the payment error you're experiencing, including the date, time, and amount involved. Be as detailed as possible to help the merchant understand the issue.
3. **Provide proof of payment**: If you have made payment online or through a mobile app, provide proof of payment, such as a receipt or a screenshot of the payment confirmation.
4. **Ask about refund or replacement options**: Ask the merchant if they can offer a refund or replacement for the incorrect payment.

Example of a polite and concise message:

""Hello, I'm {{Order Number}} {{Person Name}}. I'm experiencing a payment error with my recent purchase. I've made payment online on [Date] for $100. The merchant has informed me that the payment was declined. Can you please assist me with a refund or replacement option? I'd appreciate it if you could look into this matter urgently.""

By following these steps, you should be able to resolve the payment error and get a refund or replacement as soon as possible.",1.09958589553833,0.20903954802259886,0.77965844,0.7516622,0.72030866,2.4527511596679688,0.8423645320197044,0.0,204,,0.0,0.0,,0.21264367816091956,0.78692,0.73289776,0.7056955,2.502943992614746,0.8535353535353535,0.0,199,,0.0,1.0,money:$100
229,BILMQ,where to acquire several items,ORDER,place_order,Thank you for your interest in acquiring several items. I'm excited to assist you in finding the perfect place to make your purchase. Could you please let me know the specific items you're looking for and any preferences you might have? This information will help me provide you with tailored recommendations and guide you to the best online or physical store where you can acquire these items.,"To acquire several items, I would recommend checking out the following options:

1. **Online Retailers**: You can find a wide variety of products on online retailers such as Amazon, eBay, or Walmart.com. These websites often offer bulk discounts, free shipping, and convenient returns.
2. **Discount Stores**: Stores like Target, TJ Maxx, or Ross offer a range of products at discounted prices. You can find bulk quantities of items like clothing, home goods, or electronics.
3. **Warehouse Clubs**: Warehouse clubs like Costco, Sam's Club, or BJ's Wholesale Club often carry bulk quantities of products. Membership fees may apply, but you can save money on bulk purchases.
4. **Garage Sales or Thrift Stores**: You can find gently used or second-hand items at garage sales or thrift stores. These can be a great way to acquire multiple items at a lower cost.
5. **Bulk Purchase Websites**: Websites like Overstock, Wayfair, or 1-800-Got-Juice offer bulk quantities of products. You can search for specific items or browse through categories to find what you need.

Before making a purchase, please confirm your order details with me, including the specific items you're looking for and the quantity you need.",0.5468368220329285,"To acquire several items, I would recommend checking out the following options:

1. **Online Retailers**: You can find a wide variety of products on online retailers such as Amazon, eBay, or Walmart.com. These websites often offer bulk discounts, free shipping, and convenient returns.
2. **Discount Stores**: Stores like Target, TJ Maxx, or Ross offer a range of products at discounted prices. You can find bulk quantities of items like clothing, home goods, or electronics.
3. **Warehouse Clubs**: Warehouse clubs like Costco, Sam's Club, or BJ's Wholesale Club often carry bulk quantities of products. Membership fees may apply, but you can save money on bulk purchases.
4. **Garage Sales or Thrift Stores**: You can find gently used or second-hand items at garage sales or thrift stores. These can be a great way to acquire multiple items at a lower cost.
5. **Bulk Purchase Websites**: Websites like Overstock, Wayfair, or 1-800-Got-Juice offer bulk quantities of products. You can search for specific items or browse through categories to find what you need.

Before making a purchase, please confirm your order details with me, including the specific items you're looking for and the quantity you need.",1.09958589553833,0.15613382899628256,0.7457325,0.6603224,0.51455784,2.543112277984619,0.873015873015873,0.0,190,,0.0,0.0,,0.15613382899628256,0.7457325,0.6603224,0.51455784,2.543112277984619,0.873015873015873,0.0,190,,0.0,0.0,
230,BCILP,"I can't find the early exit penalty, will you help me?",CANCEL,check_cancellation_fee,"Sure! I'd be happy to help you find the information about the early exit penalty. Please log into your account on our website and navigate to the ""Terms and Conditions"" section where you'll be able to view the details regarding the penalty. If you have any trouble locating it, feel free to reach out to our customer support team for further assistance.","I'm here to help. I couldn't find any information about an ""early exit penalty"" in our current policies or terms. It's possible that it might be a specific feature or benefit offered by a particular service or product.

Could you please provide more context or information about the service or product you're using, or the specific issue you're experiencing? This will help me better understand your query and provide a more accurate response. If you're still having trouble finding the information, I can try to assist you in searching for it or provide general guidance on how to navigate the service or product.",0.5468368220329285,"I'd be happy to help you find the early exit penalty. Can you please provide me with more information about your query? What type of product or service are you referring to, and are you using a specific software or platform? The more context you can provide, the better I'll be able to assist you.",1.09958589553833,0.23121387283236994,0.7987041,0.68313104,0.79070103,2.658557891845703,0.9411764705882353,0.0,103,,0.0,0.0,,0.36363636363636365,0.80745536,0.7350185,0.8138391,2.8427019119262695,0.9814814814814815,0.0,55,,0.0,0.0,
231,BLM,I want assistance to notify of problems with signup,ACCOUNT,registration_problems,"Thank you for seeking assistance regarding the problems you are facing with the signup process. Your proactive approach in notifying us about these issues allows us to address them promptly and provide you with the best possible solution. Kindly provide us with more details about the specific problems you encountered, such as error messages or any difficulties you experienced during the signup process. This information will greatly assist us in resolving the issues effectively and ensuring a seamless signup experience for you and other users. We appreciate your patience and cooperation as we work towards providing you with a satisfactory resolution.","I'm here to help. You're {{Order Number}}, and I'm sorry to hear that you're experiencing issues with your signup. Can you please provide me with more details about the problems you're encountering? For example, are you getting an error message or are you not able to complete the signup process? This will help me better understand your issue and provide a more accurate solution.",0.5468368220329285,"I'm here to help. You're {{Order Number}}, and I'm sorry to hear that you're experiencing issues with your signup. Can you please provide me with more details about the problems you're encountering? For example, are you getting an error message or are you not able to complete the signup process? This will help me better understand your issue and provide a more accurate solution.",1.09958589553833,0.31764705882352945,0.8181186,0.5502949,0.65363455,2.55155086517334,0.9836065573770492,0.0,62,,0.0,0.0,,0.31764705882352945,0.8181186,0.5502949,0.65363455,2.55155086517334,0.9836065573770492,0.0,62,,0.0,0.0,
232,BLQ,I'm waiting for a rebate of {{Currency Symbol}}{{Refund Amount}},REFUND,track_refund,"I pick up what you're putting down, the anticipation of receiving a rebate of {{Currency Symbol}}{{Refund Amount}}. It's important to us that you have clarity about the status of your rebate. Let me quickly check the current progress for you. While I gather the necessary information, may I ask if you have any specific concerns or questions regarding the rebate process? Your input is valuable to us as we strive to provide the best possible experience. Thank you for your patience and cooperation.",I'm here to help. You're waiting for a rebate of £{{Currency Symbol}}{{Refund Amount}}.,0.5468368220329285,I'm here to help. You're waiting for a rebate of £{{Currency Symbol}}{{Refund Amount}}.,1.09958589553833,0.19607843137254904,0.8227376,0.8831868,0.84133,4.128657817840576,1.0,0.0,10,1.0,0.0,0.0,,0.19607843137254904,0.8227376,0.8831868,0.84133,4.128657817840576,1.0,0.0,10,1.0,0.0,0.0,
233,BL,help me set my secondary delivery address up,SHIPPING,set_up_shipping_address,"I'm conscious of the reality that you're seeking assistance in setting up your secondary delivery address. I'm here to guide you through the process.

To set up your secondary delivery address, follow these steps:

1. Log in to your account on our website.
2. Navigate to the ""My Account"" or ""Profile"" section.
3. Look for the ""Shipping Addresses"" or similar option.
4. You should find an option to ""Add a New Address"" or ""Edit Shipping Addresses"". Select it.
5. Fill in the required details for your secondary delivery address.
6. Double-check the accuracy of the information you entered.
7. Save the changes.

If you encounter any difficulties during this process or have any questions, please don't hesitate to let me know. I'm here to assist you every step of the way.","I'd be happy to help you set up your secondary delivery address. To do this, I need to know a few more details from you. Could you please provide me with the following information:

* Your full name ({{Person Name}})
* Your postal address ({{Order Number}} or {{Street Address}} {{City}} {{State}} {{Zip Code}})
* The name of the person who will be receiving the delivery ({{Recipient Name}})

Once I have this information, I can assist you in setting up your secondary delivery address.",0.5468368220329285,"I'd be happy to help you set up your secondary delivery address. To do this, I need to know a few more details from you. Could you please provide me with the following information:

* Your full name ({{Person Name}})
* Your postal address ({{Order Number}} or {{Street Address}} {{City}} {{State}} {{Zip Code}})
* The name of the person who will be receiving the delivery ({{Recipient Name}})

Once I have this information, I can assist you in setting up your secondary delivery address.",1.09958589553833,0.2293577981651376,0.7631214,0.8852903,0.8180927,2.5046682357788086,0.9402985074626866,0.0,68,,1.0,0.0,,0.2293577981651376,0.7631214,0.8852903,0.8180927,2.5046682357788086,0.9402985074626866,0.0,68,,1.0,0.0,
234,BLQWZ,want assistance solving an damn payment error,PAYMENT,payment_issue,"I apologize for the frustration caused by the payment error you encountered. I'm here to assist you in resolving this issue and ensure that your payment goes through smoothly. To better understand the situation, could you please provide more details about the error you're facing? Once we have a clearer picture, we can work together to find a solution and get your payment processed successfully. Thank you for your patience, and I appreciate your willingness to work with us on this.","I'm here to help you resolve your payment issue. Can you please provide me with the following information:

* Your Order Number
* The order date
* The payment method used
* The amount you're disputing

This will help me better understand the issue and provide you with the necessary assistance to resolve it.",0.5468368220329285,"I'm here to help you resolve your payment issue. Can you please provide me with the following information:

* Your Order Number
* The order date
* The payment method used
* Any error messages you've encountered

This will help me better understand the issue and provide you with the necessary assistance to resolve it.",1.09958589553833,0.2518518518518518,0.8023912,0.6648079,0.75652575,2.7921223640441895,0.9795918367346939,0.0,50,,0.0,0.0,,0.24999999999999994,0.80835396,0.7174155,0.84353256,2.856827974319458,0.98,0.0,51,,0.0,0.0,
235,BCIL,"I have to correct order {{Order Number}}, can you help me?",ORDER,change_order,"We understand that you need assistance in correcting your order with the number #{{Order Number}}. Rest assured, we are here to help! To ensure we provide you with the appropriate guidance, could you please specify what exactly needs to be corrected in your order? This will enable us to make the necessary adjustments and ensure your satisfaction. Your feedback and queries are essential in improving our services. How has your overall experience been with us so far?",I'm here to help. What order {{Order Number}} do you need to correct?,0.5468368220329285,I'm here to help. What order {{Order Number}} do you need to correct?,1.09958589553833,0.15384615384615385,0.8056425,0.92755646,0.70300114,4.1003899574279785,1.0,0.0,11,1.0,0.0,0.0,,0.15384615384615385,0.8056425,0.92755646,0.70300114,4.1003899574279785,1.0,0.0,11,1.0,0.0,0.0,
236,BKM,checking invoice from 4 purchases ago,INVOICE,check_invoice,"I'll get right on it! I'm here to assist you in checking the invoice from your purchase made 4 purchases ago. To provide you with accurate information, could you please provide me with the following details:
1. Your full name.
2. The approximate date of the purchase.
3. Any additional information that can help me locate the invoice, such as the product or service purchased.

Once I have these details, I'll do my best to help you locate the invoice from your purchase 4 purchases ago.","I'm happy to help you with that. However, I need to know a bit more information from you. Could you please provide me with the following details:

* The invoice number from 4 purchases ago
* The person's name associated with the purchases
* The date range you're looking to check the invoice for (start and end dates)

Once I have this information, I'll do my best to provide you with the invoice details you're looking for.",0.5468368220329285,"I'm happy to help you with that. However, I need to know a bit more information from you. Could you please provide me with the following details:

* The invoice number from 4 purchases ago
* The person's name associated with the purchases
* The date range you're looking to check the invoice for (start and end dates)

Once I have this information, I'll do my best to provide you with the invoice details you're looking for.",1.09958589553833,0.380952380952381,0.86009216,0.77964044,0.80307436,2.8374216556549072,0.9166666666666666,0.0,73,,0.0,0.0,,0.380952380952381,0.86009216,0.77964044,0.80307436,2.8374216556549072,0.9166666666666666,0.0,73,,0.0,0.0,
237,BIL,can you show me at what time I can reach customer service?,CONTACT,contact_customer_service,Thank you for contacting! I certainly recognize that you would like to know the operating hours to reach our customer service. Our dedicated support team is available to assist you Monday to Friday from 9:00 AM to 6:00 PM (EST). We are here to help you with any questions or concerns you may have during these hours. Is there anything else I can assist you with?,"Our customer service team is available to assist you from 8am to 8pm, Monday through Friday. If you have a question or concern outside of these hours, you can contact us via phone or email. We'll do our best to respond to your inquiry as soon as possible.",0.5468368220329285,"Our customer service team is available to assist you from 8am to 8pm, Monday through Friday. If you have a question or concern outside of these hours, you can contact us via phone or email. We'll do our best to respond to your inquiry as soon as possible.",1.09958589553833,0.3076923076923077,0.8327584,0.69797015,0.791806,1.931105613708496,1.0,0.0,48,,0.0,0.0,,0.3076923076923077,0.8327584,0.69797015,0.79180604,1.931105613708496,1.0,0.0,48,,0.0,0.0,
238,BILQ,where do i enter my shipping address,SHIPPING,set_up_shipping_address,"I acknowledge that you're looking for guidance on where to enter your shipping address. I'm here to assist you with that. To enter your shipping address, please follow these steps:

1. Log in to your account.
2. Navigate to the ""My Account"" or ""Profile"" section.
3. Look for the ""Shipping Addresses"" or similar option.
4. Within the shipping addresses section, you should see an option to add or edit your address.
5. Click on the add or edit option and enter your shipping address details in the provided fields.
6. Make sure to double-check the accuracy of the entered information.
7. After entering the details, save your shipping address.

If you encounter any issues or have further questions, please provide more details about your specific concern. I'm here to provide further assistance and ensure a smooth address entry process.","To enter your shipping address, I need to know where you're trying to ship to. Could you please provide me with your shipping address details, such as the country or region you're trying to ship to? I'll be happy to assist you.",0.5468368220329285,"To enter your shipping address, I need to know where you're trying to ship to. Could you please provide me with your shipping address details, such as the country or region you're trying to ship to? I'll be happy to assist you.",1.09958589553833,0.23404255319148937,0.78163147,0.6728051,0.7187162,2.3339319229125977,0.8536585365853658,0.0,42,,0.0,0.0,,0.23404255319148937,0.78163147,0.6728051,0.7187162,2.3339319229125977,0.8536585365853658,0.0,42,,0.0,0.0,
239,BCILPV,"I have forgotten my PIN, could I reset it?",ACCOUNT,recover_password,"I'm on it! I'm here to assist you in resetting your PIN and ensuring seamless access to your account. Here's what you can do:

1. Head over to the ""{{PIN Reset Page URL}}"" on our platform.
2. Locate the ""{{Forgot PIN}}"" option and select it.
3. Follow the on-screen instructions to initiate the PIN reset process.
4. You may be required to provide some additional verification information, such as your email address or security questions, to ensure the security of your account.
5. Once verified, you'll be guided through the steps to create a new PIN.

If you encounter any difficulties during the process or have any further questions, please don't hesitate to reach out. We're here to support you every step of the way!","I'm happy to help you with that. To reset your PIN, I need to know a few more details from you. Could you please provide me with your account number or the account you're trying to access with? Additionally, could you please tell me the reason or the incident that led to you forgetting your PIN? This will help me guide you through the process of resetting your PIN.",0.5468368220329285,"I'm happy to help you with that. To reset your PIN, I need to know a few more details from you. Could you please provide me with your account number or the account you're trying to access with? Additionally, could you please tell me the reason or the incident that led to you forgetting your PIN? This will help me guide you through the process of resetting your PIN.",1.09958589553833,0.22660098522167488,0.78071254,0.8383826,0.8741156,2.6433181762695312,0.9264705882352942,0.0,69,0.0,0.0,0.0,,0.22660098522167488,0.78071254,0.8383826,0.8741156,2.6433181762695312,0.9264705882352942,0.0,69,0.0,0.0,0.0,
240,B,I don't know what to do to switch to the {{Account Category}} account,ACCOUNT,switch_account,"I'm happy to help! I'm here to provide you with the guidance you need for a smooth transition to our prestigious {{Account Category}} account:

1. Login: Begin by logging into our platform using your credentials.
2. Account Settings: Once you're logged in, navigate to your account settings or profile section.
3. Upgrade Options: Look for an option labeled ""Upgrade"" or ""Switch Account Type"".
4. {{Account Category}} Selection: Choose the ""{{Account Category}} Account"" option from the available list.
5. Follow the Prompts: Follow the on-screen prompts to complete the switch to the {{Account Category}} account.

If you encounter any challenges along the way or have further questions, please don't hesitate to reach out. We're here to ensure you have the best experience possible as you enjoy the numerous benefits of our {{Account Category}} account!","I'm here to help. To switch to the {{Account Category}} account, I need to know a bit more information from you. Could you please provide me with the following details:

1. Your current account number or account holder's name.
2. The account category you'd like to switch to (e.g., personal, business, etc.).
3. Any specific requirements or preferences you have for the account category.

Once I have this information, I'll do my best to assist you in switching to the {{Account Category}} account.",0.5468368220329285,"I'm here to help. To switch to the {{Account Category}} account, I need to know a bit more information from you. Could you please provide me with the following details:

1. Your current account number or account holder's name.
2. The account category you'd like to switch to (e.g., personal, business, etc.).
3. Any specific requirements or preferences you have for the account category.

Once I have this information, I'll do my best to assist you in switching to the {{Account Category}} account.",1.09958589553833,0.27312775330396477,0.822435,0.9019173,0.818486,2.4600512981414795,0.9078947368421053,0.0,77,1.0,0.0,0.0,,0.27312775330396477,0.822435,0.9019173,0.818486,2.4600512981414795,0.9078947368421053,0.0,77,1.0,0.0,0.0,
241,BLMQ,i need help to notify of issues with online payments,PAYMENT,payment_issue,"I'm here to support you in reporting any issues you're encountering with your online payments. Rest assured, we are committed to resolving these problems for you. Could you please provide more details about the specific issue you are facing? By sharing this information, you will help us better understand and address the problem. Your feedback is invaluable as we work towards improving our system and ensuring a smooth payment experience for all our valued customers. Thank you for reaching out to us.",I'm here to assist you. Can you please provide me with the Order Number and {{Person Name}} so I can better address your concern?,0.5468368220329285,I'm here to assist you. Can you please provide me with the Order Number and {{Person Name}} so I can better address your concern?,1.09958589553833,0.2201834862385321,0.7812758,0.253972,0.2621439,3.4877512454986572,1.0,0.0,22,,0.0,0.0,,0.2201834862385321,0.78127575,0.253972,0.2621439,3.4877512454986572,1.0,0.0,22,,0.0,0.0,
242,BLMQ,wanna update the details on my account,ACCOUNT,edit_account,How marvelous it is to embark on the breathtaking journey of updating the details on your esteemed account!I'm here to guide you through the process and ensure that your account information is accurately modified according to your preferences. Let's begin this exciting endeavor together! Could you please provide me with more specific details about the information you would like to update?,"I'm happy to help you update your account details. To proceed, I'll need to know a few more details from you. Could you please provide me with your account number or customer ID, as well as the specific details you'd like to update? Additionally, I'll need to know your preferred method of updating the information.",0.5468368220329285,"I'm happy to help you update your account details. To proceed, I'll need to know a few more details from you. Could you please provide me with your account number or customer ID, as well as the specific details you'd like to update? Additionally, I'll need to know your preferred method of updating the information.",1.09958589553833,0.30894308943089427,0.8342083,0.71469474,0.70989853,2.7172274589538574,0.9259259259259259,0.0,55,,0.0,0.0,,0.30894308943089427,0.8342083,0.71469474,0.70989853,2.7172274589538574,0.9259259259259259,0.0,55,,0.0,0.0,
243,BCL,"I need to give a quick look at invoice #85632, help me",INVOICE,check_invoice,"I see what you mean your urgency to quickly view the invoice with the number #{{Invoice Number}}. Let me guide you through the process. To access your invoice, you can visit our website and log into your account. Once logged in, go to the ""Invoices"" section, where you should be able to find the invoice with the number #{{Invoice Number}}. If you encounter any difficulties or need further assistance, please don't hesitate to let me know.",I'd be happy to help you review the invoice. Could you please provide me with the invoice number and a brief description of what you need to review? I'll do my best to assist you.,0.5468368220329285,I'd be happy to help you review the invoice. Could you please provide me with the invoice number and a brief description of what you need to review? I'll do my best to assist you.,1.09958589553833,0.22807017543859648,0.7975769,0.740654,0.53275996,2.441154718399048,0.9705882352941176,0.0,35,0.0,0.0,0.0,,0.22807017543859648,0.7975769,0.740654,0.53275996,2.441154718399048,0.9705882352941176,0.0,35,0.0,0.0,0.0,
244,BL,help ordering an item,ORDER,place_order,"Thank you for seeking assistance with ordering an item. I'm here to guide you through the process step by step. To get started, could you please provide me with the name of the item you would like to order? With this information, I can ensure that I give you accurate guidance tailored specifically to your needs.","I'm happy to help you with ordering an item. To ensure I get the details correct, could you please provide me with the following information:

* The name of the item you'd like to order
* The item's price
* The quantity you'd like to order
* Your contact information (e.g. phone number, email address, or shipping address)

Once I have this information, I'll be happy to assist you with placing your order.",0.5468368220329285,"I'm happy to help you with ordering an item. To ensure I get the details correct, could you please provide me with the following information:

* The name of the item you'd like to order
* The item's price
* The quantity you'd like to order
* Your contact information (e.g. phone number, email address, or shipping address)

Once I have this information, I'll be happy to assist you with placing your order.",1.09958589553833,0.40909090909090906,0.8460773,0.679495,0.7911248,2.2279536724090576,0.927536231884058,0.0,70,,0.0,0.0,,0.40909090909090906,0.8460773,0.679495,0.7911248,2.2279536724090576,0.927536231884058,0.0,70,,0.0,0.0,
245,BL,I have to check how soon can I expect the purchase,DELIVERY,delivery_period,"We understand your anticipation to know the estimated delivery time for your purchase. In order to provide you with the most accurate information, could you please share the {{Order Number}} or {{Tracking Number}}? Once we have these details, we will be able to give you a precise estimate of when you can expect your purchase to arrive. Your patience is greatly appreciated as we work on resolving this for you. How has your experience been with us so far?","I'm happy to help you with your query. However, I need to clarify that I don't have any specific information about your order. Could you please provide me with the following details:

* Your order number
* The name of the product or service you're inquiring about
* The date you placed the order

Once I have this information, I can try to provide you with a more accurate estimate of when you can expect to receive your purchase.",0.5468368220329285,"I'm happy to help you with your query. However, I need to clarify that I don't have any specific information about your order. Could you please provide me with the following details:

* Your order number
* The name of the product or service you're inquiring about
* The date you placed the order

Once I have this information, I can try to provide you with a more accurate estimate of when you can expect to receive your purchase.",1.09958589553833,0.3037974683544304,0.816564,0.571566,0.6991385,2.2457618713378906,0.9733333333333334,0.0,76,0.0,0.0,0.0,,0.3037974683544304,0.816564,0.571566,0.6991385,2.2457618713378906,0.9733333333333334,0.0,76,0.0,0.0,0.0,
246,BLQ,i need assistance to unsubscribe to the company newsletter,SUBSCRIPTION,newsletter_subscription,"I've realized that you need assistance with unsubscribing from our company newsletter. Your feedback is valuable to us, and I'm here to assist you in the process. To proceed, could you please provide me with the email address you used to subscribe to the newsletter? Rest assured that we respect your decision, and we will promptly remove you from the mailing list. Additionally, if there's any specific feedback or reason behind your request, we'd be grateful to hear it. Your insights will help us improve our newsletter for future subscribers.","I'd be happy to help you unsubscribe from the company newsletter. To ensure your request is processed correctly, could you please provide me with your name and the order number or person's name associated with your subscription? This will help me identify your account more efficiently.",0.5468368220329285,"I'd be happy to help you unsubscribe from the company newsletter. To ensure your request is processed correctly, could you please provide me with your name and the order number or person's name associated with your subscription? This will help me identify your account more efficiently.",1.09958589553833,0.3098591549295775,0.84019893,0.8627495,0.8671988,3.223703622817993,0.9777777777777777,0.0,46,,0.0,0.0,,0.3098591549295775,0.8401989,0.8627495,0.8671988,3.223703622817993,0.9777777777777777,0.0,46,,0.0,0.0,
247,BZ,help me to buyy something,ORDER,place_order,"Thanks for dropping us a line and seeking assistance with your purchase. I'm here to guide you in finding the perfect item for you. To get started, could you please provide me with more details about the type of product you're looking for or any specific preferences you have in mind? Once I have this information, I'll be able to provide you with personalized recommendations and help you with the purchasing process. Let's make this buying experience a seamless and enjoyable one together!","I'd be happy to help you find something. Can you please provide me with some more information about what you're looking for? What type of product are you interested in (e.g. clothing, electronics, home goods)? What is your budget for the purchase? Also, if you have any specific preferences or requirements, please let me know and I'll do my best to assist you.",0.5468368220329285,"I'd be happy to help you find something. Can you please provide me with some more information about what you're looking for? What type of product are you interested in (e.g. clothing, electronics, home goods)? What is your budget for the purchase? Additionally, I have a few questions to help me narrow down some options for you:

- Are you looking for something for yourself or for someone else?
- Do you have a specific occasion or event in mind for the purchase?
- Are there any specific features or functionalities that are must-haves for you?

Please let me know and I'll do my best to assist you in finding the perfect item.",1.09958589553833,0.2987012987012987,0.8414222,0.45005393,0.7015632,2.096764326095581,1.0,0.0,64,,0.0,0.0,,0.27722772277227725,0.83645165,0.50569737,0.7295363,2.217604398727417,0.9279279279279279,0.0,112,,0.0,0.0,
248,BILQ,where do i leave a review about a service,FEEDBACK,review,"Thank you for your interest in leaving a review about our service! We greatly appreciate your feedback. To submit a review, you can visit our website and navigate to the ""Reviews"" or ""Feedback"" section. Alternatively, you can find a link to leave a review in the confirmation email you received when you availed our service. If you have any trouble finding the review section or need further assistance, please let me know, and I'll be more than happy to help you through the process. We value your opinion and look forward to hearing about your experience!","To leave a review about a service, you can try the following options:

1. **Website of the service provider**: Check the website of the service provider for a section on reviews or feedback. You can usually find a ""Contact Us"" or ""Feedback"" section.
2. **Social media**: Look for the service provider's social media accounts, such as Facebook, Twitter, or LinkedIn. You can leave a review or share your experience with others.
3. **Review websites**: Visit review websites like Yelp, Google Reviews, or TripAdvisor. You can leave a review by creating an account and submitting a review.
4. **Email or phone**: If you can't find a review section or social media account, you can try contacting the service provider directly via email or phone. They may be able to provide you with a review form or ask you to leave a review through their website or customer service email.
5. **Customer service email**: If you can't find a review section, you can try contacting the customer service email of the service provider. They may be able to provide you with a review form or ask you to leave a review through their website or customer service email.

Some popular review websites include:

* Yelp (yelp.com)
* Google Reviews (reviews.google.com)
* TripAdvisor (tripadvisor.com)
* Facebook Reviews (facebook.com/reviews)
* Yelp for Business (y",0.5468368220329285,"To leave a review about a service, you can try the following options:

1. **Website of the service provider**: Check the website of the service provider for a section on reviews or feedback. You can usually find a ""Contact Us"" or ""Feedback"" section.
2. **Social media**: Look for the service provider's social media accounts, such as Facebook, Twitter, or LinkedIn. You can leave a review or share your experience with others.
3. **Review websites**: Visit review websites like Yelp, Google Reviews, or TripAdvisor. You can leave a review by creating an account and submitting a review.
4. **Email or phone**: If you can't find a review section or social media account, you can try contacting the service provider directly via email or phone. They may be able to provide you with a review form or ask you to leave a review through their website or customer service email.
5. **Customer service email**: If you can't find a review section, you can try contacting the customer service email of the service provider. They may be able to provide you with a review form or ask you to leave a review through their website or customer service email.

Some popular review websites include:

* Yelp (yelp.com)
* Google Reviews (reviews.google.com)
* TripAdvisor (tripadvisor.com)
* Facebook Reviews (facebook.com/reviews)
* Yelp for Business (y",1.09958589553833,0.205607476635514,0.75065213,0.81181383,0.7693673,2.0270252227783203,0.6558139534883721,0.0,216,,0.0,0.0,,0.205607476635514,0.75065213,0.81181383,0.7693673,2.0270252227783203,0.6558139534883721,0.0,216,,0.0,0.0,
249,BLZ,I need assistance cancelling purcjase {{Order Number}},ORDER,cancel_order,"I'm conscious of the reality that you need assistance canceling purchase {{Order Number}}. I apologize for any inconvenience this may have caused. To proceed with the cancellation, please follow these steps:

1. Log in to your account: Access our platform by signing in to your {{Online Company Portal Info}}.
2. Go to your order history: Once logged in, navigate to the '{{Online Order Interaction}}' or '{{Online Order Interaction}}' section.
3. Locate the specific purchase: Look for the purchase associated with order number {{Order Number}} and click on it for more details.
4. Initiate the cancellation: You should find a '{{Online Order Interaction}}' option linked to the purchase. Please select this to start the cancellation process.
5. Complete any additional steps: Our system may prompt you with a few questions to confirm the cancellation or provide feedback. Kindly complete these steps as required.

If you encounter any issues or have further questions, our dedicated team is available during {{Customer Support Hours}} at {{Customer Support Phone Number}} or through the Live Chat feature on our website at {{Website URL}}. We are committed to assisting you and ensuring your satisfaction.","I'm happy to help you with that. To cancel your purchase, I need to confirm your order number. Please provide me with the following information:

* Your order number
* Your order details (if you have them)

Once I have this information, I can assist you in cancelling your purchase.",0.5468368220329285,"I'm happy to help you with that. To cancel your purchase, I need to confirm your order number. Please provide me with the following information:

* Your order number
* Your order details (if you have them)

Once I have this information, I can assist you in cancelling your purchase.",1.09958589553833,0.1772151898734177,0.7576392,0.52420354,0.76178265,2.439673900604248,0.9148936170212766,0.0,48,0.0,0.0,0.0,,0.1772151898734177,0.7576392,0.52420354,0.76178265,2.439673900604248,0.9148936170212766,0.0,48,0.0,0.0,0.0,
250,BLQ,i have to speak to an assistant,CONTACT,contact_human_agent,"We're all ears! I'm tuned into the idea that you need to speak to an assistant. Rest assured, I'm here to assist you. Before connecting you with a human assistant, may I kindly ask for a few more details about your issue? This will help ensure that the assistant is fully equipped to provide you with the most accurate support. Your cooperation is greatly appreciated, and I'll do my best to make sure you're connected to the right person as quickly as possible.","I'm happy to help you with your concern. However, I need to know more about your issue. Could you please provide me with your Order Number or {{Person Name}} so I can assist you more effectively?",0.5468368220329285,"I'm happy to help you with your concern. However, I don't have any information about your order or personal details. Could you please provide me with the following details so I can assist you better?

- Your order number (if you have it)
- Your name or the name of the person you're trying to contact
- A brief description of the issue you're facing

I'll do my best to assist you as quickly and efficiently as possible.",1.09958589553833,0.23999999999999996,0.79575884,0.21331914,0.34811753,2.9175586700439453,0.9696969696969697,0.0,34,,0.0,0.0,,0.2738095238095238,0.81635386,0.2462549,0.40260103,2.332350730895996,0.9594594594594594,0.0,75,,0.0,0.0,
251,BLQ,i want assistance seeing the accepted payment modalities,PAYMENT,check_payment_methods,"I'll get right on it! I'm here to assist you in checking our accepted payment methods. Our goal is to provide you with a seamless checkout experience. To view the list of payment modalities we accept, I recommend visiting our website's payment page. There, you will find a comprehensive list of the various payment options available to you. If you have any specific questions about any of these methods or need further guidance, please don't hesitate to ask. I'm here to ensure that you have all the information you need.","I'm here to help. I'm not aware of any specific payment modalities that you're referring to, as I'm a large language model, I don't have access to your account information or any personal details. However, I can suggest some possible ways to find the accepted payment modalities for your account.

Can you please provide me with the following information:

* Your account number or order number
* The type of payment you're referring to (e.g. credit card, PayPal, etc.)
* The country or region where you're located

Once I have this information, I'll do my best to provide you with the accepted payment modalities for your account.",0.5468368220329285,"I'm here to help. I'm not aware of any specific payment modalities that you're referring to, as I'm a large language model, I don't have access to your account information or any personal details. However, I can suggest some possible ways to find the accepted payment modalities for your account.

Can you please provide me with the following information:

* Your account number or order number
* The type of payment you're referring to (e.g. credit card, PayPal, etc.)
* The country or region where you're located

Once I have this information, I'll do my best to provide you with the accepted payment modalities for your account.",1.09958589553833,0.20192307692307693,0.80882984,0.8023473,0.6735052,2.4221646785736084,0.8846153846153846,0.0,105,,0.0,0.0,,0.20192307692307693,0.80882984,0.8023473,0.6735052,2.4221646785736084,0.8846153846153846,0.0,105,,0.0,0.0,
252,BLMQ,i have problems with the removal of my {{Account Type}} account,ACCOUNT,delete_account,"I'm sorry to hear that you're experiencing difficulties with the removal of your {{Account Type}} account. Rest assured, I'm here to assist you in resolving this matter. To better understand the problem you're facing, could you please provide more specific details or elaborate on the issues you're encountering? With a thorough understanding of your concerns, I can offer you appropriate solutions and guidance to successfully remove your {{Account Type}} account. Your satisfaction is our top priority, and I'm committed to ensuring a smooth and hassle-{{Account Type}} experience for you.","I'm here to help you with your account removal issues. Can you please provide me with your account type and the account number associated with it? Additionally, could you please tell me what type of issue you're experiencing with the removal process?",0.5468368220329285,"I'm here to help you with your account removal issues. Can you please provide me with your account type and the account number associated with it? Additionally, could you please tell me what type of issue you're experiencing with the removal process?",1.09958589553833,0.2571428571428571,0.8169236,0.6750252,0.6549107,2.6292505264282227,0.926829268292683,0.0,42,0.0,0.0,0.0,,0.2571428571428571,0.8169236,0.6750252,0.6549107,2.6292505264282227,0.926829268292683,0.0,42,0.0,0.0,0.0,
253,BK,order cancellation,ORDER,cancel_order,"I understood, you're seeking assistance with canceling an order. We're here to help you through the process. Please follow these steps:

1. Log into your account: Access our {{Online Company Portal Info}} and sign in using your credentials.
2. Navigate to your orders: Once you're logged in, locate the '{{Online Order Interaction}}' or '{{Online Order Interaction}}' section.
3. Find the order to cancel: Look for the specific order you want to cancel. The order number should be displayed next to it.
4. Initiate the cancellation: Click on the order and look for the '{{Online Order Interaction}}' option. Select this to begin the cancellation process.
5. Complete any additional steps: It's possible that our system may ask you for confirmation or feedback during the cancellation process. Please provide the required information or feedback.

If you encounter any difficulties or have further questions, you can always count on our dedicated support team. Reach out to us during {{Customer Support Hours}} at {{Customer Support Phone Number}} or use the Live Chat feature on our {{Website URL}}. Your satisfaction is our top priority, and we'll do everything we can to assist you.","I'm happy to help you with your order cancellation. To proceed, I need to confirm your order details. Could you please provide me with the following information:

* Order number
* Customer name
* Order date

Once I have this information, I can assist you with cancelling your order.",0.5468368220329285,"I'm happy to help you with your order cancellation. To proceed, I need to confirm your order details. Could you please provide me with the following information:

* Order number
* Customer name
* Order date

Once I have this information, I can assist you with cancelling your order.",1.09958589553833,0.15833333333333335,0.7616579,0.69261754,0.71605444,2.7247955799102783,0.9333333333333333,0.0,46,0.0,0.0,0.0,,0.15833333333333335,0.7616579,0.69261754,0.71605444,2.7247955799102783,0.9333333333333333,0.0,46,0.0,0.0,0.0,
254,BLQ,i have a question about the deletion of a {{Account Category}} account,ACCOUNT,delete_account,"Glad you contacted with your question regarding the deletion of your {{Account Category}} account. I'm here to assist you and provide the information you need. Please let me know what specific inquiries or concerns you have about deleting your account, and I'll do my best to address them promptly and accurately. Your satisfaction is our top priority, and we're committed to assisting you throughout this process.","I'm here to help. I couldn't find any information about {{Account Category}} being a specific account category. Could you please provide more context or clarify what you mean by {{Account Category}}? Additionally, I'm not aware of any deletion process for accounts. Could you please provide more details about the account you're referring to?",0.5468368220329285,"I'm here to help. I couldn't find any information about {{Account Category}} being a specific account category. Could you please provide more context or clarify what you mean by {{Account Category}}? Additionally, I'm not aware of any deletion process for accounts. Could you please provide more details about the account you're referring to?",1.09958589553833,0.20634920634920634,0.8141751,0.90177655,0.83758813,2.84584641456604,0.9166666666666666,0.0,49,1.0,0.0,0.0,,0.20634920634920634,0.8141751,0.90177655,0.83758813,2.84584641456604,0.9166666666666666,0.0,49,1.0,0.0,0.0,
255,BLQ,i want assistance to talk to a person,CONTACT,contact_human_agent,Your input is valuable! I'm picking up that you are seeking assistance to talk to a person. Your desire to connect with a real person is acknowledged and respected. Our team of dedicated human agents is here to provide personalized support to address your concerns. Please bear with me for a brief moment while I connect you with a knowledgeable representative who will be able to assist you further. You're not alone in this journey; we are committed to being by your side every step of the way.,"I'm here to help you. To start, could you please provide me with your order number or the name of the person you'd like to contact? This will allow me to direct your call to the correct person.",0.5468368220329285,"I'm here to help you. To start, could you please provide me with your order number or the name of the person you'd like to contact? This will allow me to direct your call to the correct person.",1.09958589553833,0.19999999999999998,0.7803284,0.47634357,0.41939455,2.476687431335449,1.0,0.0,38,,0.0,0.0,,0.19999999999999998,0.7803284,0.47634357,0.41939455,2.476687431335449,1.0,0.0,38,,0.0,0.0,
256,BLW,help locating my fucking bill from {{Person Name}},INVOICE,check_invoice,"I understand your need to locate your bill from {{Salutation}} {{Client Last Name}}. Rest assured, I'm here to assist you in finding the information you're looking for. To better assist you, could you please provide me with any additional details such as the date range or any specific information related to the bill? With this information, I'll be able to help you locate your bill more efficiently.","I'm happy to help you locate your bill from {{Person Name}}. To find your bill, I'll need to know a few more details from you. Could you please provide me with the following information:

1. Your account or bill number (if you have it)
2. The type of bill (e.g., electricity, water, internet, etc.)
3. The billing cycle or month you're looking for (if you know it)
4. Any specific dates or timeframes you're trying to find the bill for

Once I have this information, I can try to locate your bill for you.",0.5468368220329285,"I'm happy to help you locate your bill from {{Person Name}}. To find your bill, I'll need to know a few more details from you. Could you please provide me with the following information:

1. Your account or bill number (if you have it)
2. The type of bill (e.g., electricity, water, internet, etc.)
3. The billing cycle or month you're looking for (if you know it)
4. Any specific dates or timeframes you're trying to find the bill for

Once I have this information, I can try to locate your bill for you.",1.09958589553833,0.3668639053254438,0.8481925,0.79066586,0.7631483,2.744865894317627,0.9318181818181818,0.0,89,0.0,0.0,0.0,,0.3668639053254438,0.8481925,0.79066586,0.7631483,2.744865894317627,0.9318181818181818,0.0,89,0.0,0.0,0.0,
257,BL,help to lodge a customer claim against your business,FEEDBACK,complaint,"I'm truly sorry to hear that you are looking to lodge a customer claim against our business. We take all customer concerns seriously, and your feedback is valuable to us. To help facilitate your claim, I recommend reaching out to our customer support team directly. They are available {{Customer Support Hours}} at {{Customer Support Phone Number}} or through the Live Chat on our website at {{Website URL}}. Our dedicated team will guide you through the process and ensure that your claim is properly addressed and resolved. We appreciate your patience and understanding as we work towards resolving any issues you may have encountered.","I'd be happy to help you lodge a customer claim against our business. To proceed, I need some information from you. Could you please provide the following details:

1. Your Order Number: {{Order Number}}
2. The Order Date: {{Order Date}}
3. The Claim Type: {{Claim Type}} (e.g. defective product, incorrect delivery, etc.)
4. A detailed description of the claim, including any relevant images or videos.
5. Any relevant supporting documents, such as receipts or proof of purchase.

Once I have this information, I'll be able to guide you through the process of lodging a customer claim against our business.",0.5468368220329285,"I'd be happy to help you lodge a customer claim against our business. To proceed, I need some information from you. Could you please provide the following details:

1. Your Order Number: {{Order Number}}
2. The Order Date: {{Order Date}}
3. The Claim Type: {{Claim Type}} (e.g. defective product, incorrect delivery, etc.)
4. A detailed description of the claim, including any relevant images or videos.
5. Any relevant supporting documents, such as receipts or proof of purchase.

Once I have this information, I'll be able to guide you through the process of lodging a customer claim against our business.",1.09958589553833,0.20388349514563106,0.80041224,0.8505677,0.7877332,2.6697998046875,0.9204545454545454,0.0,89,0.0,1.0,0.0,,0.20388349514563106,0.80041224,0.8505677,0.7877332,2.6697998046875,0.9204545454545454,0.0,89,0.0,1.0,0.0,
258,BL,help me to solve a payment problem,PAYMENT,payment_issue,"I'll make it happen! I'm here to lend you a helping hand in resolving any payment problems you might be experiencing. To better assist you, could you please provide me with more details about the specific issue or error you're encountering? This information will enable us to understand the problem better and work towards a swift solution. Thank you for reaching out, and rest assured, we'll do everything we can to assist you in resolving this payment problem.","I'm here to help you resolve your payment issue. Can you please provide me with some more information about the issue you're facing? This will allow me to better understand your problem and provide you with a more accurate solution.

Please provide me with the following details:

* The order number or customer name associated with your issue
* A brief description of the payment problem you're experiencing
* Any error messages or messages you've received related to the issue

Once I have this information, I'll do my best to assist you in resolving the payment problem.",0.5468368220329285,"I'm here to help you resolve your payment issue. Can you please provide me with some more information about the issue you're facing? This will allow me to better understand your problem and provide you with a more accurate solution.

Please provide me with the following details:

* The order number or customer name associated with your issue
* A brief description of the payment problem you're experiencing
* Any error messages or messages you've received related to the issue

Once I have this information, I'll do my best to assist you in resolving the payment problem.",1.09958589553833,0.3977900552486187,0.87385666,0.70939386,0.86168915,2.3050458431243896,0.9354838709677419,0.0,94,,0.0,0.0,,0.3977900552486187,0.87385666,0.70939386,0.86168915,2.3050458431243896,0.9354838709677419,0.0,94,,0.0,0.0,
259,BILP,could I check the termination fee?,CANCEL,check_cancellation_fee,"I'll do my best! I'm here to help you check the termination fee. Please provide me with your account details, and I will find the information for you.","I'd be happy to help you with that. To check the termination fee for your account, I'll need to know a few more details from you. Could you please provide me with your account number or customer ID, as well as the type of service you're inquiring about (e.g. phone, internet, etc.)? This will allow me to look up your specific account and provide you with the information you're looking for.",0.5468368220329285,"I'd be happy to help you with that. To check the termination fee for your account, I'll need to know a few more details from you. Could you please provide me with your account number or customer ID, as well as the type of service you're inquiring about (e.g. phone, internet, etc.)? This will allow me to look up your specific account and provide you with the information you're looking for.",1.09958589553833,0.339622641509434,0.84762615,0.7864344,0.8171227,2.5037808418273926,0.971830985915493,0.0,72,,0.0,0.0,,0.339622641509434,0.8476261,0.7864344,0.81712264,2.5037808418273926,0.971830985915493,0.0,72,,0.0,0.0,
260,BLQZ,need help to see at what time customer service availabl is,CONTACT,contact_customer_service,"Thank you for reaching out! I can provide assistance in finding out the availability of our customer service team. Our dedicated team is available during {{Customer Support Hours}}. They are ready to assist you with any questions or concerns you may have. If you require further assistance or have any other inquiries, please feel free to let me know.","I'd be happy to help you find the customer service availability for your request. Could you please provide me with the following information:

* The order number or customer name associated with your request
* The specific time or date you are trying to contact the customer service team

Once I have this information, I can try to find the available time for you to contact the customer service team.",0.5468368220329285,"I'd be happy to help you find the customer service availability for your request. Could you please provide me with the following information:

* The order number or customer name associated with your request
* The specific time or date you are trying to contact the customer service team

Once I have this information, I can try to find the availability for you.",1.09958589553833,0.20312499999999997,0.79676783,0.6346615,0.6916713,2.577915906906128,0.8656716417910447,0.0,68,0.0,0.0,0.0,,0.19834710743801656,0.7987162,0.6016437,0.7144853,2.6919186115264893,0.9166666666666666,0.0,61,0.0,0.0,0.0,
261,BCLZ,"I have got to list the payment modalities, help mne",PAYMENT,check_payment_methods,"Thank you for reaching out! I completely understand that you would like assistance in listing our available payment methods. Here's a concise overview of the different options we offer:

- **Credit/Debit Card:** We accept major card brands such as Visa, Mastercard, and American Express.
- **PayPal:** A popular and secure online payment method used worldwide.
- **Bank Transfer:** This option allows you to make direct payments from your bank account.
- **Apple Pay:** An easy and convenient payment method for Apple users.
- **Google Wallet:** Google's payment system for fast and seamless checkouts.

These are just a few of the payment modalities we have available. If you need more information or have any specific questions, please feel free to let me know. Rest assured, I'm here to help and guide you through the process!","I'm here to assist you. To list the payment modalities, I'll need to know a bit more information. Could you please provide me with the following details:

* What type of payment are we discussing (e.g. credit/debit card, net banking, UPI, etc.)?
* Are there any specific payment modalities you'd like to include (e.g. online banking, mobile payments, etc.)?
* Are there any personal details or specific payment methods you'd like to include in the list (e.g. {{Payment Method}} or {{Order Number}})?

Once I have this information, I'll do my best to help you list the payment modalities.",0.5468368220329285,"I'm here to assist you. To list the payment modalities, I'll need to know a bit more information. Could you please provide me with the following details:

* What type of payment are we discussing (e.g. credit/debit card, net banking, UPI, etc.)?
* Are there any specific payment modalities you'd like to include (e.g. online banking, mobile payments, etc.)?
* Are there any personal details or specific payment methods you'd like to include in the list (e.g. {{Payment Method}} or {{Order Number}})?

Once I have this information, I'll do my best to help you list the payment modalities.",1.09958589553833,0.2109704641350211,0.78757703,0.8270975,0.663573,2.3483948707580566,0.8617021276595744,0.0,95,,1.0,0.0,,0.2109704641350211,0.7875771,0.8270975,0.663573,2.3483948707580566,0.8617021276595744,0.0,95,,1.0,0.0,
262,BCLN,"I can't sign up, I have to report a sign-up error",ACCOUNT,registration_problems,"We apologize for the inconvenience you are experiencing with signing up and encountering an error. We understand how frustrating it can be, especially when you're eager to join our platform. Rest assured, we are here to assist you in resolving this issue. To better understand the specific error you are facing, could you provide more details about the problem you encountered during the sign-up process? This will allow us to investigate and provide you with a suitable solution as quickly as possible. We appreciate your patience and cooperation in helping us improve our sign-up process for all users.","I'm here to help. I see that you're trying to sign up for a service, but you're encountering an error. Can you please provide more details about the error you're seeing, including the specific error message or any other relevant information? This will help me better understand the issue and provide a more accurate solution.",0.5468368220329285,"I'm here to help. I see that you're trying to sign up for a service, but you're encountering an error. Can you please provide more details about the error you're seeing, including the specific error message or any other relevant information? This will help me better understand the issue and provide a more accurate solution.",1.09958589553833,0.2625,0.84251595,0.6911956,0.76148,2.480433940887451,1.0,0.0,55,,0.0,0.0,,0.2625,0.84251595,0.6911956,0.76148,2.480433940887451,1.0,0.0,55,,0.0,0.0,
263,BLQZ,need to swap an article of purchase {{Order Number}},ORDER,change_order,"Appreciate you reaching out to us regarding your purchase with order number {{Order Number}}. I understand that you would like to swap an article in your order. To facilitate the process, could you please provide the details of the article you would like to swap and the replacement item you would prefer? This will help us ensure that the requested change is implemented accurately. We appreciate your cooperation in helping us enhance your overall shopping experience.","I'm happy to help you with that. To confirm, you would like to swap an article of purchase with {{Order Number}}. Can you please provide me with the following information:

* The article of purchase you would like to swap
* The new article of purchase you would like to swap with
* Any specific requirements or preferences you may have for the swap

Once I have this information, I'll do my best to assist you.",0.5468368220329285,"I'm happy to help you with that. To confirm, you'd like to swap an article of purchase with {{Order Number}}. Can you please provide me with the following information:

* The article of purchase you'd like to swap
* The new article of purchase you'd like to use
* Any specific requirements or preferences you have for the new article of purchase

Once I have this information, I'll do my best to assist you in swapping the articles.",1.09958589553833,0.3576158940397351,0.84556586,0.89134914,0.90327096,2.8559460639953613,0.8142857142857143,0.0,71,1.0,0.0,0.0,,0.32051282051282054,0.8402004,0.9149347,0.9110186,2.785573959350586,0.8055555555555556,0.0,73,1.0,0.0,0.0,
264,BL,help me to see what hours I can reach customer service,CONTACT,contact_customer_service,"Your input is valuable! I'm picking up that you would like to know the hours during which you can reach our customer service team. Our dedicated team is available to assist you during {{Customer Support Hours}}. If you have any further questions or need any additional information, feel free to let me know. How else may I assist you today?","I'm happy to help you with that. However, I need to clarify that I'm a large language model, I don't have direct access to your account or any specific information about your customer service hours. But I can guide you through the process to find the information you're looking for.

To find your customer service hours, I recommend the following steps:

1. Log in to your account on our website.
2. Click on the ""Account"" or ""My Account"" tab.
3. Look for the ""Contact Us"" or ""Customer Service"" section.
4. Check if there's a section that mentions your customer service hours, such as ""Operating Hours"" or ""Contact Information"".

If you can't find the information, you can also contact our customer service team directly via phone or email. They should be able to provide you with the information you need.

Alternatively, you can also check our website's ""Help"" or ""Contact Us"" section, or visit our customer service portal to access your account and contact us.

I hope this helps, and please let me know if you have any further questions or concerns.",0.5468368220329285,"I'm happy to help you with that. However, I need to clarify that I'm a large language model, I don't have direct access to your account or any specific information about your customer service hours. But I can guide you through the process to find the information you're looking for.

To find your customer service hours, I recommend the following steps:

1. Log in to your account on our website.
2. Click on the ""Account"" or ""My Account"" tab.
3. Look for the ""Contact Us"" or ""Customer Service"" section.
4. Check if there's a section that mentions your customer service hours, such as ""Operating Hours"" or ""Contact Information"".

If you can't find the information, you can also contact our customer service team directly via phone or email. They should be able to provide you with the information you need.

Alternatively, you can also check our website's ""Help"" or ""Contact Us"" section, or visit our customer service portal to access your account and contact us.

I hope this helps, and please let me know if you have any further questions or concerns.",1.09958589553833,0.1847389558232932,0.785002,0.7250545,0.63249457,2.1667449474334717,0.8522727272727273,0.0,177,0.0,0.0,0.0,,0.1847389558232932,0.785002,0.7250545,0.63249457,2.1667449474334717,0.8522727272727273,0.0,177,0.0,0.0,0.0,
265,BK,getting invoice from January,INVOICE,get_invoice,"Of course! I understand your need to access the invoice from the month of January. Give me a moment, and I'll retrieve that invoice for you. By the way, do you have any specific details or preferences for the invoice you're looking for? Feel free to share any additional information that could help me locate the invoice more accurately.","I'm happy to help you with your inquiry. However, I need to clarify that I don't have access to your account or any personal details. If you could provide me with the necessary information, I'll be more than happy to assist you.

Could you please provide me with the following details:

* Your account number or customer ID
* The invoice date you're referring to (January)
* The invoice number or reference number

Once I have this information, I'll do my best to provide you with the invoice you're looking for.",0.5468368220329285,"I'm happy to help you with your inquiry. However, I need to clarify that I don't have access to your account or any personal details. If you could provide me with the necessary information, I'll be more than happy to assist you.

Could you please provide me with the following details:

* Your account number or customer ID
* The invoice date you're referring to (January)
* The invoice number or reference number

Once I have this information, I'll do my best to provide you with the invoice you're looking for.",1.09958589553833,0.2580645161290322,0.82301176,0.69685197,0.78237724,2.397763729095459,0.8620689655172413,0.0,88,,0.0,0.0,,0.2580645161290322,0.82301176,0.69685197,0.78237724,2.397763729095459,0.8620689655172413,0.0,88,,0.0,0.0,
266,BLQ,need assistance to see if there is anything new on my rebate,REFUND,track_refund,"I get that you're seeking assistance to check for any updates on your rebate. Your eagerness to stay informed is commendable, and we share your goal of keeping you in the loop. Let me quickly retrieve the latest information regarding your rebate and provide you with an update. While I do that, may I ask if you would like me to also check if there are any additional details or documents required to process your rebate effectively? Rest assured, I'm committed to ensuring your utmost satisfaction and resolving any concerns you may have along the way.","I'd be happy to help you check if there are any new updates on your rebate. To better assist you, I need to know a few more details. Could you please provide me with the following information:

* Your Order Number
* Your Person Name (if you'd like to remain anonymous)
* The type of rebate you're looking for (e.g. credit card, purchase, etc.)

Once I have this information, I can check if there are any new updates on your rebate.",0.5468368220329285,"I'd be happy to help you check if there are any new updates on your rebate. To better assist you, I need to know a few more details. Could you please provide me with the following information:

* Your Order Number
* Your Person Name (if you'd like to remain anonymous)
* The type of rebate you're looking for (e.g. credit card, purchase, etc.)

Once I have this information, I can check if there are any new updates on your rebate.",1.09958589553833,0.2777777777777778,0.81646276,0.83510315,0.87464666,2.516728639602661,0.8846153846153846,0.0,79,,0.0,0.0,,0.2777777777777778,0.81646276,0.83510315,0.87464666,2.516728639602661,0.8846153846153846,0.0,79,,0.0,0.0,
267,BLM,I have got to check what delivery methods I can choose,DELIVERY,delivery_options,"Pleasure meets practicality! Let's embark on the journey of exploring our delivery methods together:

1. Standard Shipping: This option is perfect for those who appreciate a balance between cost and delivery time. You can expect your package to arrive within {{Date Range}} business days.
2. Expedited Shipping: If you're looking for a faster option, our expedited shipping will get your package to you in {{Date Range}} business days.
3. Overnight Shipping: For urgent needs and next-day delivery, our overnight shipping option is the way to go.
4. In-Store Pickup: If you prefer the convenience of picking up your items from one of our {{Store Location}}, this option is designed just for you.

These delivery methods are tailored to cater to your specific needs, ensuring that you have a delightful and hassle-free experience with us. If you have any further questions or need assistance with choosing the best option, feel free to ask. We're here to make sure your delivery is a smooth ride!""","You can choose from the following delivery methods:

1. **Standard Delivery**: This is the most common delivery method, where your order will be delivered to your doorstep within 3-5 business days.
2. **Express Delivery**: If you need your order ASAP, you can opt for express delivery, which will get to you within 1-2 business days.
3. **Free Delivery**: If you're a {{Order Number}} or {{Person Name}}, you might be eligible for free delivery on your next order.

Which delivery method would you prefer?",0.5468368220329285,"You can choose from the following delivery methods:

1. **Standard Delivery**: This is the most common delivery method, where your order will be delivered to your doorstep within 3-5 business days.
2. **Express Delivery**: If you need your order ASAP, you can opt for express delivery, which will get to you within 1-2 business days.
3. **Free Delivery**: If you're a {{Order Number}} or {{Person Name}}, you might be eligible for free delivery on your next order.

Which delivery method would you prefer?",1.09958589553833,0.25098039215686274,0.78581613,0.6640253,0.6931677,2.2491471767425537,0.8904109589041096,0.0,74,0.0,0.0,0.0,,0.25098039215686274,0.78581613,0.6640253,0.6931677,2.2491471767425537,0.8904109589041096,0.0,74,0.0,0.0,0.0,
268,BELNQZ,i cannot see tge eta of the purchase {{Order Number}},ORDER,track_order,"Glad you contacted us! I'm clearly cognizant that you are having trouble viewing the Estimated Time of Arrival (ETA) for your purchase with the order number {{Order Number}} {{Order Number}}. To check the ETA, I recommend visiting the order tracking section on our website. If you are still unable to view the ETA, please provide me with your account details, and I will personally assist you in retrieving the information you need. Your satisfaction is my top priority, and I'm here to ensure you have a seamless experience!",I'm happy to help you with that. Could you please provide me with your Order Number so I can look up the expected delivery date for your purchase?,0.5468368220329285,I'm happy to help you with that. Could you please provide me with your Order Number so I can look up the expected delivery date for your purchase?,1.09958589553833,0.2184873949579832,0.7922799,0.46547115,0.6599605,2.9707581996917725,1.0,0.0,28,0.0,0.0,0.0,,0.2184873949579832,0.79227984,0.46547115,0.6599605,2.9707581996917725,1.0,0.0,28,0.0,0.0,0.0,
269,BCELMN,"I cannot sign up, inform of sign-up problems",ACCOUNT,registration_problems,"We apologize for the inconvenience you are facing while attempting to sign up. Your determination to reach out to us is commendable, and we truly appreciate your patience. Our team is here to assist you in resolving any sign-up issues you may be experiencing. To better understand the problem, could you kindly provide more details about the specific challenges you encountered during the sign-up process? This will enable us to identify the root cause of the problem and offer you the most suitable solution. We are committed to ensuring a seamless sign-up experience for you, and your feedback helps us improve our services for all our users. Thank you for your understanding and cooperation.","I'm sorry to hear that you're having trouble signing up. I'd like to help you resolve the issue. Could you please provide me with more information about the problem you're experiencing? For example, what specific steps are you trying to take, and what error messages or messages are you seeing? Additionally, are you using a specific device or platform to access the sign-up process?

If you're still having trouble, please let me know and I'll do my best to assist you. You can also contact our customer support team directly for further assistance.",0.5468368220329285,"I'm sorry to hear that you're having trouble signing up. I'd like to help you resolve the issue. Could you please provide me with more information about the problem you're experiencing? For example, what specific steps are you trying to take, and what error messages or messages are you seeing? Additionally, are you using a specific device or platform to access the sign-up process?

If you're still having trouble, please let me know and I'll do my best to assist you. You can also contact our customer support team directly for further assistance.",1.09958589553833,0.23963133640552994,0.8192572,0.7347925,0.780282,2.122150421142578,0.967741935483871,0.0,94,,0.0,0.0,,0.23963133640552994,0.8192572,0.7347925,0.780282,2.122150421142578,0.967741935483871,0.0,94,,0.0,0.0,
270,BIL,how can I see your accepted payment options?,PAYMENT,check_payment_methods,"Indeed! I'm here to guide you on how to view our accepted payment options. To see the list of payment methods we accept, you can visit our website and navigate to the ""Payment Options"" page. You will find detailed information about each payment method, including credit/debit cards, PayPal, bank transfer, Apple Pay, and Google Wallet. If you need further assistance or have any questions about any specific payment method, please feel free to reach out. Your satisfaction is our top priority, and we're here to help you at every step!","I'd be happy to help you with that. As a digital assistant, I don't have a physical store or accept payments in the classical sense. However, I can provide you with some accepted payment options that are commonly used for our services.

We accept the following payment options:

- Credit Cards (Visa, Mastercard, Amex)
- Debit Cards
- PayPal
- Bank Transfers
- Other payment methods (please contact us for more information)

If you have any questions or need assistance with a specific payment option, feel free to ask, and I'll do my best to help.",0.5468368220329285,"I'd be happy to help you with that. As a digital assistant, I don't have a physical store or accept payments in the classical sense. However, I can provide you with some accepted payment options that are commonly used for our services.

We accept the following payment options:

1. Credit Cards (Visa, Mastercard, Amex)
2. Debit Cards
3. PayPal
4. Bank Transfers
5. Online Payment Services (e.g. Apple Pay, Google Pay)

If you have any specific questions or concerns about our payment options, feel free to ask, and I'll do my best to assist you.",1.09958589553833,0.3315508021390375,0.8366078,0.4592087,0.5899713,2.3823471069335938,0.9666666666666667,0.0,91,,0.0,0.0,,0.35416666666666663,0.82811564,0.45282996,0.6014272,2.3530330657958984,0.9666666666666667,0.0,91,,0.0,0.0,
271,BCL,"I have got to take a quick look at bill #12588, I need help",INVOICE,check_invoice,Of course! I'm here to assist you in taking a quick look at your bill with the number {{Invoice Number}}. Please provide me with a few moments to access the necessary information. Thank you for your patience!,I'm here to assist you. Can you please provide me with the account number or the name of the person who is supposed to be handling the bill? This will help me provide you with the most accurate information.,0.5468368220329285,I'm here to assist you. Can you please provide me with the account number or the name of the person who is supposed to be handling the bill? This will help me provide you with the most accurate information.,1.09958589553833,0.33333333333333337,0.8189202,0.6351254,0.6278584,2.418140411376953,0.9736842105263158,0.0,39,0.0,0.0,0.0,,0.33333333333333337,0.8189202,0.6351254,0.6278584,2.418140411376953,0.9736842105263158,0.0,39,0.0,0.0,0.0,
272,BEL,I do not know what I need to do to download invoice #37777,INVOICE,get_invoice,"I'm on the same page, your confusion about how to download the invoice with the number #{{Invoice Number}}. Let me guide you through the process. To download your invoice, please follow these steps:

1. Log in to your account on our website.
2. Navigate to the ""Billing"" or ""Invoices"" section.
3. Look for the option to view or download invoices and click on it.
4. Enter the invoice number {{Invoice Number}} in the search or filter field to locate the specific invoice.
5. Once you find the invoice, you should see a download button or link next to it. Click on it to download the invoice to your device.

If you encounter any difficulties or have further questions, feel free to let me know. I'm here to assist you every step of the way.","I'm here to help. To download your invoice, I need to know a few more details from you. Could you please provide me with the following information:

* Your invoice number, which is invoice #37777 in your case.
* Your customer or business name.
* Your email address or the contact number associated with your account.

Once I have this information, I can guide you through the process of downloading your invoice.",0.5468368220329285,"I'm here to help. To download your invoice, I need to know a few more details from you. Could you please provide me with the following information:

* Your invoice number, which is invoice #37777 in your case.
* Your customer or business name.
* Your email address or the contact number associated with your account.

Once I have this information, I can guide you through the process of downloading your invoice.",1.09958589553833,0.21359223300970875,0.8151949,0.87941235,0.7809267,2.816547155380249,0.9701492537313433,0.0,68,0.0,0.0,0.0,,0.21359223300970875,0.8151949,0.87941235,0.7809267,2.816547155380249,0.9701492537313433,0.0,68,0.0,0.0,0.0,
273,BCLQZ,i have to subscribe to the neesletter help me,SUBSCRIPTION,newsletter_subscription,"That's great to hear that you're interested in subscribing to our newsletter! I'm here to assist you with the process. To get started, please provide me with your email address, and I'll take care of your subscription right away. Rest assured, we value your privacy and will handle your information securely. If you have any questions or need further assistance, feel free to let me know.","I'm happy to help you with subscribing to the newsletter. To ensure you receive our latest updates and offers, could you please provide me with your name and the name of the person who will be receiving the newsletter?",0.5468368220329285,"I'm happy to help you with subscribing to the newsletter. To ensure you receive our latest updates and offers, could you please provide me with your name and the name of the person who will be receiving the newsletter?",1.09958589553833,0.2727272727272727,0.8260246,0.340455,0.7536197,2.720898389816284,0.9736842105263158,0.0,39,,0.0,0.0,,0.2727272727272727,0.8260246,0.340455,0.7536197,2.720898389816284,0.9736842105263158,0.0,39,,0.0,0.0,
274,BILW,is it possible to check my damn rebate current status?,REFUND,track_refund,"I see what you mean your frustration and urgency in wanting to check the current status of your rebate. Rest assured, I'm here to assist you. Let me quickly verify the details and provide you with an update. Thank you for your patience while I gather the relevant information.","I'd be happy to help you with that. To check your current rebate status, I'll need to know a few more details from you. Could you please provide me with the following information:

* Your Order Number
* Your Person Name (if you'd like to remain anonymous)
* The type of rebate you're trying to check (e.g. credit card, insurance, etc.)

Once I have this information, I can try to locate your rebate status for you.",0.5468368220329285,"I'd be happy to help you with that. To check your current rebate status, I'll need to know a few more details from you. Could you please provide me with the following information:

* Your Order Number
* Your Person Name (if you'd like to remain anonymous)
* The type of rebate you're trying to check (e.g. credit card, insurance, etc.)

Once I have this information, I can try to locate your rebate status for you.",1.09958589553833,0.234375,0.79305655,0.827086,0.88952506,2.682170867919922,0.9726027397260274,0.0,74,,0.0,0.0,,0.234375,0.79305655,0.827086,0.88952506,2.682170867919922,0.9726027397260274,0.0,74,,0.0,0.0,
275,BILQZ,what do i ened to do to subscribe to ur newsletter,SUBSCRIPTION,newsletter_subscription,"That's great to hear that you're interested in subscribing to our newsletter! To get started, all you need to do is provide us with your email address. Once you share your email with us, we'll add you to our mailing list and keep you updated with the latest news, promotions, and exciting content. Rest assured, we value your privacy and will handle your information with the utmost care. Subscribing to our newsletter is an excellent way to stay connected and be the first to know about any updates within our company. Let me know if there's anything else I can assist you with!","To subscribe to our newsletter, please follow these steps:

1. Visit our website at [website URL].
2. Click on the ""Subscribe"" button at the top right corner of the page.
3. Enter your email address in the required field.
4. Click on the ""Subscribe"" button to confirm your subscription.

Alternatively, you can also subscribe to our newsletter by:

- Checking the bottom of our website for a ""Subscribe"" link.
- Sending us a message through our contact form with your email address.
- Following us on social media and clicking on the ""Subscribe"" button in our profile.

Once you've subscribed, you'll receive a confirmation email with a link to activate your subscription. If you have any trouble with the process, please don't hesitate to contact us and we'll be happy to assist you.",0.5468368220329285,"To subscribe to our newsletter, please follow these steps:

1. Visit our website at [website URL].
2. Click on the ""Subscribe"" button at the top right corner of the page.
3. Enter your email address in the required field.
4. Click on the ""Subscribe"" button to confirm your subscription.

Alternatively, you can also subscribe to our newsletter by:

- Checking the bottom of our website for a ""Subscribe"" link.
- Sending us a message via our contact form with your email address.
- Following us on social media platforms and clicking on the ""Subscribe"" button in our profiles.

Once you've subscribed, you'll receive a confirmation email with a link to activate your subscription. If you have any trouble with the process, please don't hesitate to contact us for assistance.",1.09958589553833,0.22406639004149378,0.76377046,0.75723493,0.7946186,1.9460301399230957,0.888,0.0,126,,0.0,0.0,,0.19491525423728814,0.75134903,0.75906575,0.79324424,2.025620460510254,0.8842975206611571,0.0,122,,0.0,0.0,
276,BILQ,is it possible to download invoice #00108,INVOICE,get_invoice,"Definitely! I completely understand your need to download the invoice with the number #{{Invoice Number}}. Let me assure you that it is indeed possible to download invoice #{{Invoice Number}}. To do so, please follow these steps:

1. Log in to your account on our website/app.
2. Navigate to the ""Invoices"" or ""Billing"" section.
3. Look for the option to view or download invoices.
4. Select the invoice with the number #{{Invoice Number}}.
5. Click on the ""Download"" button or link.

If you encounter any difficulties during this process, please don't hesitate to let me know. I'm here to help and guide you through it!","I'd be happy to help you with that. To download your invoice, I need to confirm a few details from you. Could you please provide me with the following information:

* Your invoice number (which is invoice #00108 in this case)
* Your invoice date (which is not specified, but I can try to find it for you)
* Your contact information (so I can send you the invoice)

Please note that I need to verify your identity and ensure that I'm sending you the correct invoice. This will help me to protect you from any potential errors or issues.

Once I have this information, I'll do my best to send you the invoice you requested.",0.5468368220329285,"I'd be happy to help you with that. To download your invoice, I need to confirm a few details from you. Could you please provide me with the following information:

* Your invoice number (which is invoice #00108 in this case)
* Your invoice date (which is not specified, but I can try to find it for you)
* Your contact information (so I can send you the invoice)

Please note that I need to verify your identity and ensure that I'm sending you the correct invoice. This will help me to protect you from any potential errors or issues.

Once I have this information, I'll do my best to send you the invoice you requested.",1.09958589553833,0.22421524663677128,0.79008514,0.7887014,0.6865783,2.5143849849700928,0.9099099099099099,0.0,112,0.0,0.0,0.0,,0.22421524663677128,0.79008514,0.7887014,0.6865783,2.5143849849700928,0.9099099099099099,0.0,112,0.0,0.0,0.0,
277,BILQ,what do i have to do to see the available payment modalities,PAYMENT,check_payment_methods,"I'm on it! I'm glad you're interested in exploring our available payment methods. To view the complete list of payment modalities, you can visit our website and navigate to the ""Payment Options"" or ""Checkout"" page. There, you will find detailed information on the various payment methods we offer, including credit/debit cards, PayPal, bank transfer, Apple Pay, and Google Wallet. Feel free to explore the page and choose the option that best suits your preferences and convenience. If you have any questions or need further assistance, don't hesitate to reach out to our customer support team, who will be more than happy to help.","To view the available payment modalities, I need to know a few more details from you. Could you please provide me with the following information:

* Your Order Number
* Your Person Name

Once I have this information, I'll be happy to assist you in finding the payment modalities you're interested in.",0.5468368220329285,"To view the available payment modalities, please follow these steps:

1. Log in to your account on our website.
2. Click on the ""Account"" tab at the top of the page.
3. Select ""Payment Options"" from the dropdown menu.
4. You will then see a list of available payment modalities. You can view the details of each option by clicking on the corresponding link.

If you are unable to find the information or need assistance with the process, please contact our customer service team for further support.",1.09958589553833,0.1625,0.8004759,0.82796335,0.69205046,2.772921562194824,0.9795918367346939,0.0,50,,0.0,0.0,,0.2358974358974359,0.8273369,0.86498046,0.6135603,2.1106910705566406,0.9512195121951219,0.0,83,,0.0,0.0,
278,BLMQ,need to see my bills from {{Person Name}},INVOICE,check_invoice,"I understand your need to see your bills from {{Salutation}} {{Client Last Name}}. Is there a specific time period or any other details I should consider to assist you better? Rest assured, I'm here to guide you and provide the information you require.","I'd be happy to help you with that. To access your bills, I'll need to know a few more details from you. Could you please provide me with the following information:

* Your account number or customer ID
* The type of account you're referring to (e.g., credit card, loan, etc.)
* The last 3-4 bills you've received from {{Person Name}} so far

Once I have this information, I can guide you through the process of accessing your bills.",0.5468368220329285,"I'd be happy to help you with that. To access your bills, I'll need to know a few more details from you. Could you please provide me with the following information:

* Your account number or customer ID
* The type of account you're referring to (e.g., credit card, loan, etc.)
* The last 3-4 bills you've received from {{Person Name}} so far

Once I have this information, I can guide you through the process of accessing your bills.",1.09958589553833,0.20634920634920637,0.80258167,0.65691954,0.6189138,2.710423469543457,0.9863013698630136,0.0,74,0.0,0.0,0.0,,0.20634920634920637,0.80258167,0.65691954,0.6189138,2.710423469543457,0.9863013698630136,0.0,74,0.0,0.0,0.0,
279,B,I need assistance reporting a registration issue,ACCOUNT,registration_problems,"Glad you contacted to us regarding the registration issue you've encountered. We understand the importance of a smooth registration process, and we apologize for any inconvenience caused. To address the issue effectively, I kindly ask you to provide some more details about the problem you're facing during the registration. Any specific error messages or steps you've taken so far will greatly assist us in resolving this matter for you promptly. Your feedback is crucial in helping us improve our services and ensure a seamless experience for all our users.","I'm here to help. To report a registration issue, I need some information from you. Could you please provide me with the following details:

* Your Order Number
* Your Person Name
* A brief description of the issue you're experiencing with the registration process

Once I have this information, I'll do my best to assist you in resolving the issue as quickly and efficiently as possible.",0.5468368220329285,"I'm here to help. To report a registration issue, I need some information from you. Could you please provide me with the following details:

* Your Order Number
* Your Person Name
* A brief description of the issue you're experiencing with the registration process

Once I have this information, I'll do my best to assist you in resolving the issue as quickly and efficiently as possible.",1.09958589553833,0.21383647798742136,0.81365824,0.8594829,0.8054271,2.526992082595825,0.9682539682539683,0.0,64,,0.0,0.0,,0.21383647798742136,0.81365824,0.8594829,0.8054271,2.526992082595825,0.9682539682539683,0.0,64,,0.0,0.0,
280,BCIL,"I need to send some feedback for a service, how do I do it?",FEEDBACK,review,"We greatly value your feedback and appreciate your willingness to share your thoughts about our service! To submit your feedback, you can visit our website and navigate to the ""Contact Us"" or ""Feedback"" section. Alternatively, you can reach out to our customer support team via phone or email and they will be more than happy to assist you in submitting your feedback. Rest assured that every feedback is carefully reviewed and considered as we strive to continuously improve our services. Is there anything else I can assist you with?","To send feedback for a service, you can follow these steps:

1. Log in to your account: First, you need to log in to your account on the service's website or platform.
2. Find the feedback section: Once you're logged in, look for a section specifically designed for providing feedback. This is usually called ""Feedback"" or ""Support"" and is usually located on the top right corner of the page.
3. Provide your feedback: In the feedback section, you can provide your feedback by typing a message. You can also attach a file or a screenshot if needed.
4. Submit your feedback: Once you've written your feedback, click on the ""Submit"" button to send it to the service.

Alternatively, you can also contact the service's customer support team directly. They will be able to assist you in providing feedback.

If you need any help or have any questions, feel free to ask, and I'll do my best to assist you.",0.5468368220329285,"To send feedback for a service, you can follow these steps:

1. Log in to your account: First, you need to log in to your account on the service's website or platform.
2. Find the feedback section: Once you're logged in, look for a section specifically designed for providing feedback. This is usually called ""Feedback"" or ""Support"" and is usually located on the top right corner of the page.
3. Provide your feedback: In the feedback section, you can provide your feedback by typing a brief message. You can also attach a screenshot or a document if needed.
4. Submit your feedback: Once you've written your feedback, click the ""Submit"" button to send it to the service.

Alternatively, you can also contact the service's customer support team directly. They will be able to assist you in providing feedback.

If you need any help or have any questions, feel free to ask, and I'll do my best to assist you.",1.09958589553833,0.2292490118577075,0.80161405,0.8787998,0.77731466,2.1329801082611084,0.8441558441558441,0.0,155,,0.0,0.0,,0.2292490118577075,0.8015387,0.87946653,0.77652246,2.138990640640259,0.8506493506493507,0.0,155,,0.0,0.0,
281,BCIL,"I entered a wrong delivery address, can you correct it?",SHIPPING,change_shipping_address,"I'm on it! We can help you correct your delivery address. Please provide us with the correct address details, and we will update it for you to ensure your package gets delivered to the right location.","I'm happy to help you with the correction. However, I don't have any information about your order or the incorrect address. Could you please provide me with the following details:

* Your Order Number
* The incorrect delivery address you entered
* The correct delivery address you would like me to update

Once I have this information, I'll do my best to correct the address and ensure that your delivery is delivered to the correct location.",0.5468368220329285,"I'm happy to help you with the correction. However, I don't have any information about your order or the incorrect address. Could you please provide me with the following details:

* Your Order Number
* The incorrect delivery address you entered
* The correct delivery address you would like me to update

Once I have this information, I'll do my best to correct the address and ensure that your delivery is delivered to the correct location.",1.09958589553833,0.3716814159292035,0.85062444,0.81122816,0.7926995,2.6402242183685303,0.9166666666666666,0.0,73,,0.0,0.0,,0.3716814159292035,0.85062444,0.81122816,0.7926995,2.6402242183685303,0.9166666666666666,0.0,73,,0.0,0.0,
282,BKLM,editing details on gold account,ACCOUNT,edit_account,"We appreciate your keenness to edit the details on your gold account! Rest assured, we are here to guide you every step of the way. However, for security reasons, I kindly ask you to refrain from sharing any personal information, such as your full account number or password, here. To ensure the utmost safety of your account, I recommend accessing the secure portal of {{Company Name}} or reaching out to our dedicated customer support team. They will be more than happy to provide you with personalized assistance in editing the specific details of your gold account. How can I assist you further on this journey of customization and convenience?","I'm happy to help you with your Gold account details. To access your account details, I need to know your account number or the name of the account holder. Could you please provide me with the following information:

* Your account number (if you have one)
* The name of the account holder ({{Person Name}})

Once I have this information, I can assist you with editing your Gold account details.",0.5468368220329285,"I'm happy to help you with your Gold account details. To access your account details, I need to know your account number or the name of the account holder. Could you please provide me with the following information:

* Your account number (if you have one)
* The name of the account holder ({{Person Name}})

Once I have this information, I can assist you with editing your Gold account details.",1.09958589553833,0.2696629213483146,0.81806123,0.7713624,0.8092919,2.4682440757751465,0.8,0.0,66,0.0,0.0,0.0,,0.2696629213483146,0.81806123,0.7713624,0.8092919,2.4682440757751465,0.8,0.0,66,0.0,0.0,0.0,
283,BCLQ,i have got to use the standard profile i need help,ACCOUNT,switch_account,"I'll make it happen! I understand that you would like assistance with using the {{Account Type}} profile. Allow me to guide you through the process:

1. Access Your Account: Begin by logging into our platform.
2. Profile Management: Once inside, navigate to your '{{Settings}}' or '{{Profile}}' section.
3. Switch Option: Look for an option that allows you to switch or change your account type.
4. Select {{Account Type}}: Choose the '{{Profile}}' from the available options.
5. Final Steps: Follow the on-screen instructions to complete the process.

If you encounter any difficulties or have additional questions, please don't hesitate to reach out. We're here to ensure a smooth experience as you utilize the features of the {{Account Type}} profile!",I'm here to help you with your issue. Can you please provide me with more details about the standard profile you're trying to use? What specific steps or options are you having trouble with? I'll do my best to assist you.,0.5468368220329285,I'm here to help you with your issue. Can you please provide me with more details about the standard profile you're trying to use? What specific steps or options are you having trouble with? I'll do my best to assist you.,1.09958589553833,0.1686746987951807,0.73767877,0.7974993,0.55641764,2.5612106323242188,1.0,0.0,41,0.0,0.0,0.0,,0.1686746987951807,0.73767877,0.7974993,0.55641764,2.5612106323242188,1.0,0.0,41,0.0,0.0,0.0,
284,BILQ,can i unsubscribe from ur corporate newsletter,SUBSCRIPTION,newsletter_subscription,"I'll get right on it! I understand that you would like to unsubscribe from our corporate newsletter. Your request to no longer receive our newsletter is important to us, and I'm here to assist you with this process. To unsubscribe, could you please provide me with the email address you used to subscribe? Once I have the necessary information, I will ensure that you are promptly removed from our newsletter list. Thank you for reaching out, and I appreciate your understanding as we work to accommodate your preferences.","I'd be happy to help you with that. To unsubscribe from our corporate newsletter, I can provide you with a few options. Please let me know which one you prefer.

You can unsubscribe from our corporate newsletter by:

1. Visiting our website and clicking on the unsubscribe link at the bottom of the page.
2. Sending a message to our customer service email, stating that you would like to unsubscribe from our corporate newsletter.
3. Contacting our customer service team directly, and we will be happy to assist you with unsubscribing.

If you prefer to unsubscribe by email, you can reply to the email that you received from us, stating that you would like to unsubscribe from our corporate newsletter.

Please let me know which option you prefer, and I will assist you with the process.",0.5468368220329285,"I'd be happy to help you with that. To unsubscribe from our corporate newsletter, I can provide you with a few options. Please let me know which one you prefer.

You can unsubscribe from our corporate newsletter by:

1. Visiting our website and clicking on the unsubscribe link at the bottom of the page.
2. Sending a message to our customer service email, stating that you would like to unsubscribe from our corporate newsletter.
3. Contacting our customer service team directly, and we will be happy to assist you with unsubscribing.

If you prefer to unsubscribe by email, you can reply to the email that you received from us, stating that you would like to unsubscribe from our corporate newsletter.

Please let me know which option you prefer, and I will assist you with the process.",1.09958589553833,0.2819383259911894,0.8294071,0.768687,0.8683404,1.9802480936050415,0.7272727272727273,0.0,133,,0.0,0.0,,0.2819383259911894,0.8294071,0.768687,0.8683404,1.9802480936050415,0.7272727272727273,0.0,133,,0.0,0.0,
285,BELZ,I do not know how to send feedback about your products,FEEDBACK,review,"Thank you for reaching out. I'd be happy to assist you with sending feedback about our products. To provide feedback, you can visit our website and navigate to the ""Contact Us"" page or the ""Feedback"" section. Alternatively, you can also email our customer support team at support@company.com. We highly value your feedback as it helps us enhance our products and provide a better experience for our customers. Please let me know if there's anything else I can help you with.","I'm sorry to hear that you're having trouble sending feedback about our products. To make it easier, could you please provide me with your Order Number or {{Order Number}} and {{Person Name}} so I can guide you through the process?",0.5468368220329285,"I'm sorry to hear that you're having trouble sending feedback about our products. To make it easier, could you please provide me with your Order Number or {{Order Number}} and {{Person Name}} so I can guide you through the process?",1.09958589553833,0.2380952380952381,0.7804151,0.6319847,0.68760645,3.1555111408233643,1.0,0.0,36,,0.0,0.0,,0.2380952380952381,0.7804151,0.6319847,0.68760645,3.1555111408233643,1.0,0.0,36,,0.0,0.0,
286,BL,I call to see how soon can I expect my parcel,DELIVERY,delivery_period,"Thank you for reaching out to us for an update on the estimated delivery time of your parcel! I understand the excitement of expecting your package and wanting to receive it as soon as possible. In order to provide you with the most accurate information, could you please provide me with the {{Tracking Number}} or {{Order Number}} associated with your purchase? This will allow me to check the status of your parcel and give you a precise estimate of its arrival.","I'm happy to help you with that. I've checked on the status of your parcel, and it appears that it's currently being processed. I can provide you with an estimated delivery date, but I recommend checking the tracking information on your parcel to get the most up-to-date information.

To confirm, I've checked on your parcel, and here's what I found:

* Order Number: {{Order Number}}
* Person Name: {{Person Name}}
* Estimated Delivery Date: {{Estimated Delivery Date}}

Please note that delivery times may vary depending on your location and the shipping carrier. I'll do my best to provide you with the most accurate information.

If you have any further questions or concerns, feel free to ask, and I'll be happy to assist you.",0.5468368220329285,"I'm happy to help you with that. I've checked on the status of your parcel, and it appears that it's currently being processed. I can provide you with an estimated delivery date, but I recommend checking the tracking information on your parcel to get the most up-to-date information.

To confirm, I've checked on your parcel, and here's what I found:

* Order Number: {{Order Number}}
* Person Name: {{Person Name}}
* Estimated Delivery Date: {{Estimated Delivery Date}}

Please note that delivery times may vary depending on your location and the shipping carrier. I'll do my best to provide you with the most accurate information.

If you have any further questions or concerns, feel free to ask, and I'll be happy to assist you.",1.09958589553833,0.22857142857142856,0.8217252,0.6524781,0.81609946,2.066861867904663,0.8771929824561403,0.0,115,0.5,1.0,0.0,,0.22857142857142856,0.8217252,0.6524781,0.81609946,2.066861867904663,0.8771929824561403,0.0,115,0.5,1.0,0.0,
287,BCILP,"I would like to close my standard account, can you help me?",ACCOUNT,delete_account,"Glad you got in touch to us regarding your request to close your standard account. I understand that you've made the decision to close your account, and I'm here to assist you with the process. To provide you with the most accurate and personalized information, could you please provide me with the email address associated with your standard account? Rest assured that our team will promptly handle your account closure request and ensure that your information is secure.","I'd be happy to help you close your standard account. To proceed, I need to confirm that you have any outstanding balances or requests in the account. Can you please provide me with your account number or the account number associated with your account? Additionally, I need to know if you have any specific requests or if you'd like to cancel any subscription services.",0.5468368220329285,"I'd be happy to help you close your standard account. To proceed, I need to confirm that you have any outstanding balances or requests in the account. Can you please provide me with your account number or the account number associated with your account? Additionally, I need to know if you have any specific requests or if you'd like to cancel any subscription services.",1.09958589553833,0.2876712328767123,0.83606666,0.79294443,0.8064507,2.861407995223999,0.873015873015873,0.0,64,,0.0,0.0,,0.2876712328767123,0.83606666,0.79294443,0.8064507,2.861407995223999,0.873015873015873,0.0,64,,0.0,0.0,
288,BILQ,can i see how long it usually takes for my item to arrive,DELIVERY,delivery_period,"Unquestionably! I understand your curiosity about the delivery time for your item. To provide you with the most accurate estimate, could you please provide me with the {{Tracking Number}} or {{Order Number}}? With this information, I'll be able to check the shipping details and give you a precise idea of when your item is expected to arrive. Thank you for your cooperation!","I'd be happy to help you with that. To provide you with the most accurate information, I'll need to know a few more details from you. Could you please provide me with the following information:

* What is the estimated delivery date for your item?
* What type of delivery method is being used (e.g. standard shipping, express shipping, etc.)?
* Are you tracking your order or does the seller provide updates on the delivery status?

Once I have this information, I can try to provide you with a more accurate estimate of when your item will arrive.",0.5468368220329285,"I'd be happy to help you with that. To provide you with the most accurate information, I'll need to know a few more details from you. Could you please provide me with the following information:

* What is the estimated delivery date for your item?
* What type of delivery method is being used (e.g. standard shipping, express shipping, etc.)?
* Are you tracking your order or does the seller provide updates on the delivery status?

Once I have this information, I can try to provide you with a more accurate estimate of when your item will arrive.",1.09958589553833,0.34782608695652173,0.84112275,0.62999916,0.7642207,2.3401434421539307,0.9368421052631579,0.0,96,0.0,0.0,0.0,,0.34782608695652173,0.84112275,0.62999916,0.7642207,2.3401434421539307,0.9368421052631579,0.0,96,0.0,0.0,0.0,
289,BL,help me seeing what hours customer service available is,CONTACT,contact_customer_service,"Honored to assist! I'm clued in that you would like to know the available hours when our customer service is accessible. Our dedicated team is available to assist you during {{Customer Support Hours}}. If you have any specific inquiries or require further assistance, please feel free to let me know. How else may I assist you today?","I'd be happy to help you with that. As a customer service assistant, I'm not aware of your specific location or time zone, but I can provide you with general information about our customer service hours.

We are available to assist you during the following hours:

- Monday to Friday: 9:00 AM to 5:00 PM (Central Time)
- Saturday: 10:00 AM to 2:00 PM (Central Time)
- Sunday: 12:00 PM to 6:00 PM (Central Time)

Please note that these hours are subject to change, and we may have extended hours during peak periods or special events. If you're unable to visit us during these hours, you can also contact us through our website or by phone.

If you have any specific questions or concerns, feel free to ask, and I'll do my best to assist you.",0.5468368220329285,"I'd be happy to help you find the customer service hours for your preferred store. However, I need to know a bit more information from you. Could you please provide me with the following details:

* The store name or location
* The store's name or category (e.g. clothing, electronics, etc.)
* The specific product or service you're looking for (if applicable)

Once I have this information, I can try to find the customer service hours for you.",1.09958589553833,0.25870646766169153,0.7852762,0.7128936,0.74345005,1.7491278648376465,0.9047619047619048,0.0,127,0.0,0.0,0.0,,0.17518248175182483,0.7858625,0.67637753,0.62200415,2.443852663040161,0.92,0.0,76,0.0,0.0,0.0,
290,BILQ,where can i lodge a customer claim,FEEDBACK,complaint,"I'm on the same page, your need to lodge a customer claim, and I'm here to assist you in the best way possible. For lodging a customer claim, you can reach out to our dedicated customer support team. They are available {{Customer Support Hours}} at {{Customer Support Phone Number}} or through the Live Chat on our website at {{Website URL}}. Our team will gladly guide you through the entire process, ensuring that your claim is addressed with utmost care and attention. Your satisfaction is our top priority, and we are committed to resolving any concerns you have. How else may I be of assistance to you?","I'm happy to help you with that. You can lodge a customer claim at our Customer Service Centre. To find the nearest location, please visit our website and use the 'Contact Us' or 'Help' section. Alternatively, you can contact us directly via phone or email to find the information you need.

If you're looking for a physical location, you can visit our Customer Service Centre at the following address:

Customer Service Centre
123 Main Street
Anytown, USA 12345

Please note that this is a placeholder address and the actual address may vary. If you need to contact us, please use the contact information provided on our website or through our customer service channels.",0.5468368220329285,"I'm happy to help you with that. You can lodge a customer claim at our Customer Service Centre. To find the nearest location, please visit our website and use the 'Contact Us' or 'Help' section. Alternatively, you can contact us directly via phone or email to find the information you need.

If you're looking for a physical location, you can visit our Customer Service Centre at the following address:

Customer Service Centre
123 Main Street
Anytown, USA 12345

Please note that this is a placeholder address and the actual address may vary. If you could provide me with your Order Number or {{Order Number}}, I would be happy to provide you with more specific information.",1.09958589553833,0.2152466367713004,0.78095925,0.7037571,0.703655,2.5489635467529297,0.8363636363636363,0.0,111,0.0,0.0,1.0,number:12345,0.24000000000000002,0.7967197,0.65471286,0.62376714,2.71614933013916,0.8818181818181818,0.0,111,0.0,0.0,1.0,number:12345
291,BELMQ,i do not know what to do to acquire several of ur item,ORDER,place_order,"Thank you for your inquiry regarding the acquisition of several of our items. I understand that the process may seem overwhelming at first, but don't worry, I'm here to help you every step of the way. To get started, I recommend browsing through our website to explore the wide range of items we offer. Once you have chosen the items you wish to acquire, you can add them to your cart and proceed to the checkout page. Don't forget to provide accurate shipping and payment information to ensure a smooth delivery. If you encounter any difficulties or have specific questions during the process, feel free to reach out to our customer support team. They will be more than happy to assist you further. Remember, your satisfaction is our top priority, and we are committed to making your acquisition experience a delightful one.","I'm here to help. It sounds like you're trying to purchase one of our items, but I'm not sure which specific item you're referring to. Could you please provide me with more information about the item you're trying to acquire? This will help me better understand your situation and provide you with the most accurate guidance.

If you could provide me with the following details, that would be great:

* The item you're trying to acquire (if you know the name)
* The item number or code (if you have it)
* The item's description or category
* The price or any relevant details

I'll do my best to assist you in acquiring the item you need.",0.5468368220329285,"I'm here to help. It sounds like you're trying to purchase one of our items, but I'm not sure which specific item you're referring to. Could you please provide me with more information about the item you're trying to acquire? This will help me better understand your situation and provide you with the most accurate guidance.

If you could provide me with the following details, that would be great:

* The item you're trying to acquire (if you know the name)
* The item number or code (if you have it)
* The item's description or category
* The price or any relevant details

I'll do my best to assist you in acquiring the item you need.",1.09958589553833,0.2105263157894737,0.7858118,0.67557275,0.65698045,2.3697116374969482,0.8660714285714286,0.0,113,,0.0,0.0,,0.2105263157894737,0.7858118,0.67557275,0.65698045,2.3697116374969482,0.8660714285714286,0.0,113,,0.0,0.0,
292,BLM,information about opening {{Account Category}} accounts,ACCOUNT,create_account,"That's wonderful! I'm glad you're interested in learning more about opening {{Account Category}} accounts. Our {{Account Category}} accounts offer a range of exclusive benefits, such as enhanced security features, priority customer support, and access to premium content. To get started, you can visit our website and navigate to the account section. There, you'll find detailed information about the different types of {{Account Category}} accounts we offer, along with their features and pricing. If you have any specific questions or would like personalized assistance, please don't hesitate to reach out to our customer support team. They are available {{Customer Support Hours}} at {{Customer Support Phone Number}} or through the Live Chat on our website at {{Website URL}}. We're here to help you make an informed decision and create the perfect {{Account Category}} account that meets your needs and preferences.","To open an account in {{Account Category}}, please provide me with the following information:

1. Your {{Order Number}}
2. Your {{Person Name}}
3. The type of account you would like to open (e.g., checking, savings, credit card, etc.)
4. Your desired account balance

Once I have this information, I can guide you through the process of opening your account.",0.5468368220329285,"To open an account in {{Account Category}}, please provide me with the following information:

1. Your {{Order Number}}
2. Your {{Person Name}}
3. The type of account you would like to open (e.g., checking, savings, credit card, etc.)
4. Your desired account balance

Once I have this information, I can guide you through the process of opening your account.",1.09958589553833,0.16666666666666666,0.79402554,0.80764264,0.741478,2.5048635005950928,0.9795918367346939,0.0,50,0.25,0.0,0.0,,0.16666666666666666,0.79402554,0.80764264,0.741478,2.5048635005950928,0.9795918367346939,0.0,50,0.25,0.0,0.0,
293,BLQ,I'm trying to see my refund current status,REFUND,track_refund,"I'm fully aware of your desire to stay informed about the current status of your refund. Knowing the progress of your reimbursement is essential, and I'm here to help. Let me quickly check the status of your refund and provide you with an update. Please bear with me for a moment while I gather the necessary information. Your patience is greatly appreciated as we work towards resolving your query.","I'd be happy to help you with that. To get your refund status, could you please provide me with your Order Number or {{Order Number}} so I can look up your refund? Additionally, is there a specific date range you're looking for (e.g., within the last 30 days, since your last purchase)?",0.5468368220329285,"I'd be happy to help you with that. To get your refund status, could you please provide me with your Order Number or {{Order Number}} so I can look up your refund? Additionally, is there a specific date range you're looking for (e.g., within the last 30 days, since your last purchase)?",1.09958589553833,0.19047619047619047,0.77926546,0.6889422,0.7366646,3.182651996612549,0.9795918367346939,0.0,50,,0.0,0.0,,0.19047619047619047,0.77926546,0.6889422,0.7366646,3.182651996612549,0.9795918367346939,0.0,50,,0.0,0.0,
294,BL,I need help modifying the delivery address,SHIPPING,change_shipping_address,"Sure, we're here to assist you with modifying your delivery address. Please provide us with the new address and we'll make sure to update it for you.","I'm here to assist you. To proceed with modifying the delivery address, I need to know the details of the order. Could you please provide me with the following information:

* The order number or customer name {{Order Number}} or {{Person Name}}
* The current delivery address {{Current Address}}
* The new delivery address you would like to use {{New Address}}

Please provide this information, and I'll be happy to help you modify the delivery address.",0.5468368220329285,"I'm here to assist you. To proceed with modifying the delivery address, I need to know the details of the order. Could you please provide me with the following information:

* The order number or customer name {{Order Number}} or {{Person Name}}
* The current delivery address {{Current Address}}
* The new delivery address you would like to use {{New Address}}

Please provide this information, and I'll be happy to help you modify the delivery address.",1.09958589553833,0.34615384615384615,0.8170448,0.8674261,0.7747671,2.7438137531280518,0.90625,0.0,65,,1.0,0.0,,0.34615384615384615,0.8170449,0.8674261,0.7747671,2.7438137531280518,0.90625,0.0,65,,1.0,0.0,
295,BIL,what do I have to do to unsubscribe to your newsletter?,SUBSCRIPTION,newsletter_subscription,"I've observed that you would like to unsubscribe from our newsletter. I apologize for any inconvenience caused, and I'm here to assist you with the process. To unsubscribe, you can simply click on the ""Unsubscribe"" link provided at the bottom of our newsletter. This link will direct you to the unsubscribe page, where you can confirm your decision. Alternatively, you can also reply to the newsletter email with the word ""Unsubscribe"" in the subject line or body of the email. Our system will automatically remove your email address from the mailing list. Rest assured, your preference will be promptly updated, and you will no longer receive our newsletter. If there's anything else I can help you with, please let me know.","To unsubscribe from our newsletter, you can simply reply to this message with the subject line ""Unsubscribe"". Alternatively, you can also visit our website and log in to your account, then navigate to your account settings and follow the instructions to unsubscribe.

If you prefer to unsubscribe via email, you can reply to this message with the subject line ""Unsubscribe"" and we will send you a confirmation email with a link to unsubscribe.

Please note that we will need to verify your account before we can cancel your subscription. If you have any questions or concerns, please don't hesitate to reach out to us.",0.5468368220329285,"To unsubscribe from our newsletter, you can simply reply to this message with the subject line ""Unsubscribe"". Alternatively, you can also visit our website and log in to your account, then navigate to your account settings and follow the instructions to unsubscribe.

If you prefer to unsubscribe via email, you can reply to this message with the subject line ""Unsubscribe"" and we will send you a confirmation email with a link to unsubscribe.

Please note that we will need to verify your account before we can cancel your subscription. If you have any questions or concerns, please don't hesitate to reach out to us.",1.09958589553833,0.2707423580786026,0.85688394,0.82823926,0.87584186,1.6031217575073242,0.8252427184466019,0.0,104,,0.0,0.0,,0.2707423580786026,0.85688394,0.82823926,0.87584186,1.6031217575073242,0.8252427184466019,0.0,104,,0.0,0.0,
296,BILZ,what si your money back guarantee?,REFUND,check_refund_policy,"I'm on it! I completely understand your desire to know more about our money-back guarantee. At {{Company Name}}, we strive to ensure your satisfaction with our products and services. Here's an overview of our money-back guarantee:

If you are not completely satisfied with your purchase, we offer a {{number of days}}-day money-back guarantee. This means that within {{number of days}} days of your purchase, you can request a refund and receive your money back.

To request a refund, simply contact our customer support team through {{Customer Support Hours}} at {{Customer Support Phone Number}} or reach out to us via the Live Chat on our website at {{Website URL}}. Our dedicated team will guide you through the process and assist you in initiating the refund.

Please keep in mind that certain terms and conditions apply to our money-back guarantee, such as:

1. The product or service must be returned in its original condition and packaging.
2. Any digital products or services consumed or downloaded may be subject to specific refund policies.
3. Refunds may be subject to processing fees or restocking fees, as applicable.

We value your trust in our brand and strive to provide a seamless refund experience. If you have any specific questions regarding our money-back guarantee or would like to discuss a particular purchase, please provide me with the relevant details, such as the {{Order Number}} or any other relevant information, and I'll be glad to assist you further.

Your satisfaction is our priority, and we look forward to resolving any concerns and ensuring a positive experience for you.","We want to ensure that you're completely satisfied with your purchase. As a result, we offer a 30-day money-back guarantee.

If you're not completely happy with your item, you can return it within 30 days of purchase for a full refund. Please note that this guarantee only applies to the item itself, not any accessories or services.

To initiate the return process, please contact our customer service team and provide your order number and the reason for the return. We'll be happy to assist you.

We value your business and want to ensure that you're completely satisfied with your purchase. If you have any questions or concerns, feel free to ask, and we'll do our best to help.",0.5468368220329285,"We want to ensure that you're completely satisfied with your purchase. As a result, we offer a 30-day money-back guarantee.

If you're not completely happy with your item, you can return it within 30 days of purchase for a full refund. Please note that this guarantee only applies to the item itself, not any accessories or services.

To initiate the refund process, please contact our customer service team via phone or email, and we'll be happy to assist you. We'll also provide a pre-paid return label so you can send back the item at no additional cost to you.

If you have any questions or concerns, please don't hesitate to ask. We're here to help.",1.09958589553833,0.2531645569620253,0.8174594,0.6963433,0.7682482,1.6065200567245483,0.905982905982906,0.0,118,0.0,0.0,0.0,,0.24365482233502536,0.8107742,0.68756425,0.76015663,1.6478333473205566,0.9739130434782609,0.0,116,0.0,0.0,0.0,
297,BIL,can I talk with an operator?,CONTACT,contact_human_agent,We're here to help! I take note that you would like to talk with an operator. Our team of dedicated human agents is here to assist you personally. Please allow me a moment to connect you with an operator who can provide the support you need. Your patience is highly appreciated.,"I'd be happy to help you with your concern. Please feel free to provide more details about your issue, and I'll do my best to assist you. If you're not ready to share your issue, you can simply type ""I'm not ready to discuss my issue"" and I'll respond accordingly.",0.5468368220329285,"I'd be happy to help you with your concern. Please feel free to provide more details about your issue, and I'll do my best to assist you. If you're not ready to share your issue, you can simply type ""I'm not ready to discuss my issue"" and I'll respond accordingly.",1.09958589553833,0.18691588785046728,0.7768635,0.18004599,0.42403388,2.1349802017211914,0.8979591836734694,0.0,50,,0.0,0.0,,0.18691588785046728,0.7768634,0.18004599,0.42403388,2.1349802017211914,0.8979591836734694,0.0,50,,0.0,0.0,
298,BLQZ,watn help to change to the premium account,ACCOUNT,switch_account,"Positively! I'm here to offer my support and guide you through the process of upgrading to our {{Account Category}} account, unlocking a world of exclusive benefits:

1. Initiate Upgrade: Begin by logging into your account.
2. Profile Navigation: Once inside, navigate to your '{{Settings}}' or '{{Profile}}' section.
3. Upgrade Option: Look for the option labeled '{{Upgrade Account}}' or '{{Account Change}}'.
4. Select {{Account Category}}: Choose the '{{Account Type}}' option from the available choices.
5. Finalize the Upgrade: Follow the on-screen instructions to finalize the account upgrade.

If you encounter any difficulties or have further questions, please don't hesitate to reach out. Your choice to upgrade to a {{Account Category}} account is highly appreciated, and I'm here to ensure a smooth and enjoyable experience. Embrace the premium features that await you!""","I'm here to help. To upgrade to our premium account, I need to know a few more details from you. Can you please provide me with your Order Number or {{Order Number}} and {{Person Name}} so I can assist you with the upgrade process?",0.5468368220329285,"I'm here to help. To upgrade to our premium account, I need to know a few more details from you. Can you please provide me with your Order Number or {{Order Number}} and {{Person Name}} so I can assist you with the upgrade process?",1.09958589553833,0.17877094972067037,0.78048974,0.69552654,0.47714806,3.151650905609131,1.0,0.0,40,0.0,0.0,0.0,,0.17877094972067037,0.7804897,0.69552654,0.47714806,3.151650905609131,1.0,0.0,40,0.0,0.0,0.0,
299,BLZ,I don't know how I can talk to a live ahent,CONTACT,contact_human_agent,"We appreciate your message! It's clear to me that you're unsure of how to speak to a live agent. Don't worry, I'm here to help! To connect with a live agent, please stay on the line and I will transfer you to one shortly. They will be able to assist you with any questions or concerns you may have. Your satisfaction is our top priority, and we want to ensure that you receive the personalized assistance you need.","I'm here to help. To ensure that you have the best possible experience, I need to know a bit more about your concern. Could you please tell me what's on your mind, and I'll do my best to assist you?",0.5468368220329285,"I'm here to help. To ensure that you have the best possible experience, I need to know a bit more about your concern. Could you please tell me what's on your mind, and I'll do my best to assist you?",1.09958589553833,0.25600000000000006,0.79962593,0.22786607,0.3691781,2.206509590148926,1.0,0.0,40,,0.0,0.0,,0.25600000000000006,0.79962593,0.22786607,0.3691781,2.206509590148926,1.0,0.0,40,,0.0,0.0,
